skuname_ean,dollar_sales,volume_sales,is_client,serving_style,Indulgent brands vs Others,Topping Grouping,Deluxe/Supreme vs Others,Meat Combo/ Supreme/ Deluxe vs Others,Topping_Grouped,Veg vs Non-Veg,Sauce,Gluten Free,Updated Price Tier_PL,Crust Type - Higher level ,Pack Size - Panel,Pack Size Grouped,Cooking Style,Thickness of Crust,Healthy vs Regular Crust,Pack Count,Pack Type_Panel,Vegan(Nestle),Natural.Claim(Nestle),Non.Gmo(Nestle),Organic.Claim(Nestle),Plant.Based.Protein(Nestle),Preservative.Claim(Nestle),BFY Rolled up
0080487955827,131828.389,7379.760338,0,Single Serve,Non- Indulgent,Pepperoni,Others,Others,Pepperoni,Non-Veg,NA,No Gluten Claim Present,Premium,Regular Crust,11.2 Oz,Medium (10-18 Oz),Conv Oven,Thick/Original,NA,2 Ct,Box,No Vegan Claim Present,No Natural Claim Present,No Gmo Claim Present,No Organic Claim Present,No Plant based claim,No Preservative-Free Claim Present,Non BFY
0087282400986,245390.0123,62351.09211,0,Single Serve,Non- Indulgent,Pepperoni,Others,Others,Pepperoni,Non-Veg,NA,No Gluten Claim Present,Premium,Regular Crust,11.2 Oz,Medium (10-18 Oz),Conv Oven,Thick/Original,NA,2 Ct,Box,No Vegan Claim Present,No Natural Claim Present,No Gmo Claim Present,No Organic Claim Present,No Plant based claim,No Preservative-Free Claim Present,Non BFY
0000452880841,0,0,0,Single Serve,NA,NA,NA,NA,NA,NA,NA,NA,NA,NA,NA,NA,NA,NA,NA,NA,NA,NA,NA,NA,NA,NA,NA,NA
0000158151825,0,0,0,Single Serve,NA,NA,NA,NA,NA,NA,NA,NA,NA,NA,NA,NA,NA,NA,NA,NA,NA,NA,NA,NA,NA,NA,NA,NA
0001081332827,4688526.287,579430.6735,0,Single Serve,Non- Indulgent,Pepperoni,Others,Others,Pepperoni,Non-Veg,PL,No Gluten Claim Present,Value,Regular Crust,7.2 Oz,Small (<=10 Oz),Conv Oven,Thick/Original,Regular Crust,1 Ct,Box,No Vegan Claim Present,No Natural Claim Present,No Gmo Claim Present,No Organic Claim Present,No Plant based claim,No Preservative-Free Claim Present,Non BFY
0081073202207,0,0,0,Single Serve,Non- Indulgent,Pepperoni,Others,Others,Pepperoni,Non-Veg,NA,No Gluten Claim Present,Premium,Regular Crust,11.2 Oz,Medium (10-18 Oz),Conv Oven,Thick/Original,NA,2 Ct,Box,No Vegan Claim Present,No Natural Claim Present,No Gmo Claim Present,No Organic Claim Present,No Plant based claim,No Preservative-Free Claim Present,Non BFY
0000501775697,0,0,0,Single Serve,NA,NA,NA,NA,NA,NA,NA,NA,NA,NA,NA,NA,NA,NA,NA,NA,NA,NA,NA,NA,NA,NA,NA,NA
0002182107567,45031.63385,4714.343111,0,Single Serve,Non- Indulgent,Pepperoni,Others,Others,Pepperoni,Non-Veg,Red Sauce,No Gluten Claim Present,Mid Tier,Ao Crust,35.25 Oz,Large (>18 Oz),Conv Oven,Thick/Original,Regular Crust,6 Ct,Bag In Box,No Vegan Claim Present,No Natural Claim Present,No Gmo Claim Present,No Organic Claim Present,No Plant based claim,No Preservative-Free Claim Present,Non BFY
0007192179647,0,0,1,Single Serve,Non- Indulgent,Meat Combos,Others,Deluxe/Supreme/Meat Combo,Meat Combos,PL,PL,No Gluten Claim Present,Value,Regular Crust,7.2 Oz,Small (<=10 Oz),Conv Oven,PL,PL,1 Ct,Box,No Vegan Claim Present,No Natural Claim Present,No Gmo Claim Present,No Organic Claim Present,No Plant based claim,No Preservative-Free Claim Present,Non BFY
0007218074909,112246.5762,16560.66906,0,Single Serve,Non- Indulgent,Meat Combos,Others,Deluxe/Supreme/Meat Combo,Meat Combos,PL,PL,No Gluten Claim Present,Value,Regular Crust,7.2 Oz,Small (<=10 Oz),Conv Oven,PL,PL,1 Ct,Box,No Vegan Claim Present,No Natural Claim Present,No Gmo Claim Present,No Organic Claim Present,No Plant based claim,No Preservative-Free Claim Present,Non BFY
0000954815276,3751124.403,1050903.478,0,Single Serve,Non- Indulgent,Pepperoni,Others,Others,Pepperoni,Non-Veg,PL,No Gluten Claim Present,Value,Regular Crust,7.2 Oz,Small (<=10 Oz),Conv Oven,Thick/Original,Regular Crust,1 Ct,Box,No Vegan Claim Present,No Natural Claim Present,No Gmo Claim Present,No Organic Claim Present,No Plant based claim,No Preservative-Free Claim Present,Non BFY
0007192123284,0,0,1,Single Serve,Non- Indulgent,Meat Combos,Others,Deluxe/Supreme/Meat Combo,Meat Combos,PL,PL,No Gluten Claim Present,Value,Regular Crust,7.2 Oz,Small (<=10 Oz),Conv Oven,PL,PL,1 Ct,Box,No Vegan Claim Present,No Natural Claim Present,No Gmo Claim Present,No Organic Claim Present,No Plant based claim,No Preservative-Free Claim Present,Non BFY
0007192184623,0,0,1,Single Serve,Non- Indulgent,Meat Combos,Others,Deluxe/Supreme/Meat Combo,Meat Combos,PL,PL,No Gluten Claim Present,Value,Regular Crust,7.2 Oz,Small (<=10 Oz),Conv Oven,PL,PL,1 Ct,Box,No Vegan Claim Present,No Natural Claim Present,No Gmo Claim Present,No Organic Claim Present,No Plant based claim,No Preservative-Free Claim Present,Non BFY
0085832400644,0,0,0,Single Serve,Non- Indulgent,Pepperoni,Others,Others,Pepperoni,Non-Veg,NA,No Gluten Claim Present,Premium,Regular Crust,11.2 Oz,Medium (10-18 Oz),Conv Oven,Thick/Original,NA,2 Ct,Box,No Vegan Claim Present,No Natural Claim Present,No Gmo Claim Present,No Organic Claim Present,No Plant based claim,No Preservative-Free Claim Present,Non BFY
0000573362871,13622874.61,5230217.407,0,Single Serve,NA,NA,NA,NA,NA,NA,NA,NA,NA,NA,NA,NA,NA,NA,NA,NA,NA,NA,NA,NA,NA,NA,NA,NA
0000228823275,2.805434353,0.778030405,0,Single Serve,NA,NA,NA,NA,NA,NA,NA,NA,NA,NA,NA,NA,NA,NA,NA,NA,NA,NA,NA,NA,NA,NA,NA,NA
0087282400882,270711.3925,86104.82272,0,Single Serve,Non- Indulgent,Pepperoni,Others,Others,Pepperoni,Non-Veg,NA,No Gluten Claim Present,Premium,Regular Crust,11.2 Oz,Medium (10-18 Oz),Conv Oven,Thick/Original,NA,2 Ct,Box,No Vegan Claim Present,No Natural Claim Present,No Gmo Claim Present,No Organic Claim Present,No Plant based claim,No Preservative-Free Claim Present,Non BFY
0000054075869,0,0,0,Single Serve,NA,NA,NA,NA,NA,NA,NA,NA,NA,NA,NA,NA,NA,NA,NA,NA,NA,NA,NA,NA,NA,NA,NA,NA
0270071599231,0,0,1,Single Serve,Non- Indulgent,Pepperoni,Others,Others,Pepperoni,Non-Veg,NA,No Gluten Claim Present,Premium,Regular Crust,11.2 Oz,Medium (10-18 Oz),Conv Oven,Thick/Original,NA,2 Ct,Box,No Vegan Claim Present,No Natural Claim Present,No Gmo Claim Present,No Organic Claim Present,No Plant based claim,No Preservative-Free Claim Present,Non BFY
0087282400847,0,0,0,Single Serve,Non- Indulgent,Pepperoni,Others,Others,Pepperoni,Non-Veg,NA,No Gluten Claim Present,Premium,Regular Crust,11.2 Oz,Medium (10-18 Oz),Conv Oven,Thick/Original,NA,2 Ct,Box,No Vegan Claim Present,No Natural Claim Present,No Gmo Claim Present,No Organic Claim Present,No Plant based claim,No Preservative-Free Claim Present,Non BFY
0001380015183,9775597.098,1816720.624,1,Single Serve,Non- Indulgent,Pepperoni,Others,Others,Pepperoni,Non-Veg,PL,No Gluten Claim Present,Value,Regular Crust,7.2 Oz,Small (<=10 Oz),Conv Oven,Thick/Original,Regular Crust,1 Ct,Box,No Vegan Claim Present,No Natural Claim Present,No Gmo Claim Present,No Organic Claim Present,No Plant based claim,No Preservative-Free Claim Present,Non BFY
0439904056100,261812.04,26235.225,0,Single Serve,Non- Indulgent,Pepperoni,Others,Others,Pepperoni,Non-Veg,NA,No Gluten Claim Present,Premium,Regular Crust,11.2 Oz,Medium (10-18 Oz),Conv Oven,Thick/Original,NA,2 Ct,Box,No Vegan Claim Present,No Natural Claim Present,No Gmo Claim Present,No Organic Claim Present,No Plant based claim,No Preservative-Free Claim Present,Non BFY
0007390000004,43961.94589,6673.303204,0,Single Serve,Non- Indulgent,Meat Combos,Others,Deluxe/Supreme/Meat Combo,Meat Combos,PL,PL,No Gluten Claim Present,Value,Regular Crust,7.2 Oz,Small (<=10 Oz),Conv Oven,PL,PL,1 Ct,Box,No Vegan Claim Present,No Natural Claim Present,No Gmo Claim Present,No Organic Claim Present,No Plant based claim,No Preservative-Free Claim Present,Non BFY
0003530043464,0,0,0,Single Serve,Non- Indulgent,Pepperoni,Others,Others,Pepperoni,PL,PL,No Gluten Claim Present,Value,Regular Crust,7.2 Oz,Small (<=10 Oz),Conv Oven,PL,PL,1 Ct,Box,No Vegan Claim Present,No Natural Claim Present,No Gmo Claim Present,No Organic Claim Present,No Plant based claim,No Preservative-Free Claim Present,Non BFY
0003120531004,542403.9149,46400.16164,0,Single Serve,Non- Indulgent,Pepperoni,Others,Others,Pepperoni,PL,PL,No Gluten Claim Present,Value,Regular Crust,7.2 Oz,Small (<=10 Oz),Conv Oven,PL,PL,1 Ct,Box,No Vegan Claim Present,No Natural Claim Present,No Gmo Claim Present,No Organic Claim Present,No Plant based claim,No Preservative-Free Claim Present,Non BFY
0007218074908,101673.5,13640.87517,0,Single Serve,Non- Indulgent,Meat Combos,Others,Deluxe/Supreme/Meat Combo,Meat Combos,PL,PL,No Gluten Claim Present,Value,Regular Crust,7.2 Oz,Small (<=10 Oz),Conv Oven,PL,PL,1 Ct,Box,No Vegan Claim Present,No Natural Claim Present,No Gmo Claim Present,No Organic Claim Present,No Plant based claim,No Preservative-Free Claim Present,Non BFY
0069224300240,0,0,0,Single Serve,Non- Indulgent,Pepperoni,Others,Others,Pepperoni,Non-Veg,NA,No Gluten Claim Present,Premium,Regular Crust,11.2 Oz,Medium (10-18 Oz),Conv Oven,Thick/Original,NA,2 Ct,Box,No Vegan Claim Present,No Natural Claim Present,No Gmo Claim Present,No Organic Claim Present,No Plant based claim,No Preservative-Free Claim Present,Non BFY
0085016400752,0,0,0,Single Serve,Non- Indulgent,Pepperoni,Others,Others,Pepperoni,Non-Veg,NA,No Gluten Claim Present,Premium,Regular Crust,11.2 Oz,Medium (10-18 Oz),Conv Oven,Thick/Original,NA,2 Ct,Box,No Vegan Claim Present,No Natural Claim Present,No Gmo Claim Present,No Organic Claim Present,No Plant based claim,No Preservative-Free Claim Present,Non BFY
0007465338514,61.33712845,15.41133881,1,Single Serve,Non- Indulgent,Meat Combos,Others,Deluxe/Supreme/Meat Combo,Meat Combos,PL,PL,No Gluten Claim Present,Value,Regular Crust,7.2 Oz,Small (<=10 Oz),Conv Oven,PL,PL,1 Ct,Box,No Vegan Claim Present,No Natural Claim Present,No Gmo Claim Present,No Organic Claim Present,No Plant based claim,No Preservative-Free Claim Present,Non BFY
0065216001456,22674.36473,2473.683933,0,Single Serve,Non- Indulgent,Pepperoni,Others,Others,Pepperoni,Non-Veg,NA,No Gluten Claim Present,Premium,Regular Crust,11.2 Oz,Medium (10-18 Oz),Conv Oven,Thick/Original,NA,2 Ct,Box,No Vegan Claim Present,No Natural Claim Present,No Gmo Claim Present,No Organic Claim Present,No Plant based claim,No Preservative-Free Claim Present,Non BFY
0007218076195,0,0,0,Single Serve,Non- Indulgent,Meat Combos,Others,Deluxe/Supreme/Meat Combo,Meat Combos,PL,PL,No Gluten Claim Present,Value,Regular Crust,7.2 Oz,Small (<=10 Oz),Conv Oven,PL,PL,1 Ct,Box,No Vegan Claim Present,No Natural Claim Present,No Gmo Claim Present,No Organic Claim Present,No Plant based claim,No Preservative-Free Claim Present,Non BFY
0270070883066,0,0,0,Single Serve,Non- Indulgent,Pepperoni,Others,Others,Pepperoni,Non-Veg,NA,No Gluten Claim Present,Premium,Regular Crust,11.2 Oz,Medium (10-18 Oz),Conv Oven,Thick/Original,NA,2 Ct,Box,No Vegan Claim Present,No Natural Claim Present,No Gmo Claim Present,No Organic Claim Present,No Plant based claim,No Preservative-Free Claim Present,Non BFY
0007218063528,28327.68964,4450.197988,0,Single Serve,Non- Indulgent,Meat Combos,Others,Deluxe/Supreme/Meat Combo,Meat Combos,PL,PL,No Gluten Claim Present,Value,Regular Crust,7.2 Oz,Small (<=10 Oz),Conv Oven,PL,PL,1 Ct,Box,No Vegan Claim Present,No Natural Claim Present,No Gmo Claim Present,No Organic Claim Present,No Plant based claim,No Preservative-Free Claim Present,Non BFY
0000336359268,166327.2101,37953.78312,0,Single Serve,NA,NA,NA,NA,NA,NA,NA,NA,NA,NA,NA,NA,NA,NA,NA,NA,NA,NA,NA,NA,NA,NA,NA,NA
0081434302163,0,0,0,Single Serve,Non- Indulgent,Pepperoni,Others,Others,Pepperoni,Non-Veg,NA,No Gluten Claim Present,Premium,Regular Crust,11.2 Oz,Medium (10-18 Oz),Conv Oven,Thick/Original,NA,2 Ct,Box,No Vegan Claim Present,No Natural Claim Present,No Gmo Claim Present,No Organic Claim Present,No Plant based claim,No Preservative-Free Claim Present,Non BFY
0001127808433,97948.83647,7853.891787,0,Single Serve,Non- Indulgent,Pepperoni,Others,Others,Pepperoni,Non-Veg,PL,No Gluten Claim Present,Value,Regular Crust,7.2 Oz,Small (<=10 Oz),Conv Oven,Thick/Original,Regular Crust,1 Ct,Box,No Vegan Claim Present,No Natural Claim Present,No Gmo Claim Present,No Organic Claim Present,No Plant based claim,No Preservative-Free Claim Present,Non BFY
0001960004700,0,0,0,Single Serve,Non- Indulgent,Pepperoni,Others,Others,Pepperoni,Non-Veg,Red Sauce,No Gluten Claim Present,Mid Tier,Ao Crust,35.25 Oz,Large (>18 Oz),Conv Oven,Thick/Original,Regular Crust,6 Ct,Bag In Box,No Vegan Claim Present,No Natural Claim Present,No Gmo Claim Present,No Organic Claim Present,No Plant based claim,No Preservative-Free Claim Present,Non BFY
0085832400603,0,0,0,Single Serve,Non- Indulgent,Pepperoni,Others,Others,Pepperoni,Non-Veg,NA,No Gluten Claim Present,Premium,Regular Crust,11.2 Oz,Medium (10-18 Oz),Conv Oven,Thick/Original,NA,2 Ct,Box,No Vegan Claim Present,No Natural Claim Present,No Gmo Claim Present,No Organic Claim Present,No Plant based claim,No Preservative-Free Claim Present,Non BFY
0087282400842,0,0,0,Single Serve,Non- Indulgent,Pepperoni,Others,Others,Pepperoni,Non-Veg,NA,No Gluten Claim Present,Premium,Regular Crust,11.2 Oz,Medium (10-18 Oz),Conv Oven,Thick/Original,NA,2 Ct,Box,No Vegan Claim Present,No Natural Claim Present,No Gmo Claim Present,No Organic Claim Present,No Plant based claim,No Preservative-Free Claim Present,Non BFY
0007218063754,6537.546867,1032.20689,0,Single Serve,Non- Indulgent,Meat Combos,Others,Deluxe/Supreme/Meat Combo,Meat Combos,PL,PL,No Gluten Claim Present,Value,Regular Crust,7.2 Oz,Small (<=10 Oz),Conv Oven,PL,PL,1 Ct,Box,No Vegan Claim Present,No Natural Claim Present,No Gmo Claim Present,No Organic Claim Present,No Plant based claim,No Preservative-Free Claim Present,Non BFY
0000014246332,0,0,0,Single Serve,NA,NA,NA,NA,NA,NA,NA,NA,NA,NA,NA,NA,NA,NA,NA,NA,NA,NA,NA,NA,NA,NA,NA,NA
0079966599198,144536.0881,7112.077741,0,Single Serve,Non- Indulgent,Pepperoni,Others,Others,Pepperoni,Non-Veg,NA,No Gluten Claim Present,Premium,Regular Crust,11.2 Oz,Medium (10-18 Oz),Conv Oven,Thick/Original,NA,2 Ct,Box,No Vegan Claim Present,No Natural Claim Present,No Gmo Claim Present,No Organic Claim Present,No Plant based claim,No Preservative-Free Claim Present,Non BFY
0000337279977,0,0,0,Single Serve,NA,NA,NA,NA,NA,NA,NA,NA,NA,NA,NA,NA,NA,NA,NA,NA,NA,NA,NA,NA,NA,NA,NA,NA
0004280048591,47981002.83,17987993.79,0,Single Serve,Non- Indulgent,Meat Combos,Others,Deluxe/Supreme/Meat Combo,Meat Combos,PL,PL,No Gluten Claim Present,Value,Regular Crust,7.2 Oz,Small (<=10 Oz),Conv Oven,PL,PL,1 Ct,Box,No Vegan Claim Present,No Natural Claim Present,No Gmo Claim Present,No Organic Claim Present,No Plant based claim,No Preservative-Free Claim Present,Non BFY
0087282400848,0,0,0,Single Serve,Non- Indulgent,Pepperoni,Others,Others,Pepperoni,Non-Veg,NA,No Gluten Claim Present,Premium,Regular Crust,11.2 Oz,Medium (10-18 Oz),Conv Oven,Thick/Original,NA,2 Ct,Box,No Vegan Claim Present,No Natural Claim Present,No Gmo Claim Present,No Organic Claim Present,No Plant based claim,No Preservative-Free Claim Present,Non BFY
0001035792243,115.4540605,18.36506223,0,Single Serve,Non- Indulgent,Pepperoni,Others,Others,Pepperoni,Non-Veg,PL,No Gluten Claim Present,Value,Regular Crust,7.2 Oz,Small (<=10 Oz),Conv Oven,Thick/Original,Regular Crust,1 Ct,Box,No Vegan Claim Present,No Natural Claim Present,No Gmo Claim Present,No Organic Claim Present,No Plant based claim,No Preservative-Free Claim Present,Non BFY
0003068470160,0,0,0,Single Serve,Non- Indulgent,Pepperoni,Others,Others,Pepperoni,Non-Veg,Red Sauce,No Gluten Claim Present,Mid Tier,Ao Crust,35.25 Oz,Large (>18 Oz),Conv Oven,Thick/Original,Regular Crust,6 Ct,Bag In Box,No Vegan Claim Present,No Natural Claim Present,No Gmo Claim Present,No Organic Claim Present,No Plant based claim,No Preservative-Free Claim Present,Non BFY
0000589001103,1700736.425,528612.8112,0,Single Serve,NA,NA,NA,NA,NA,NA,NA,NA,NA,NA,NA,NA,NA,NA,NA,NA,NA,NA,NA,NA,NA,NA,NA,NA
0000159034857,0,0,0,Single Serve,NA,NA,NA,NA,NA,NA,NA,NA,NA,NA,NA,NA,NA,NA,NA,NA,NA,NA,NA,NA,NA,NA,NA,NA
0007192145699,492731.9753,61703.43046,1,Single Serve,Non- Indulgent,Meat Combos,Others,Deluxe/Supreme/Meat Combo,Meat Combos,PL,PL,No Gluten Claim Present,Value,Regular Crust,7.2 Oz,Small (<=10 Oz),Conv Oven,PL,PL,1 Ct,Box,No Vegan Claim Present,No Natural Claim Present,No Gmo Claim Present,No Organic Claim Present,No Plant based claim,No Preservative-Free Claim Present,Non BFY
0270070883055,0,0,0,Single Serve,Non- Indulgent,Pepperoni,Others,Others,Pepperoni,Non-Veg,NA,No Gluten Claim Present,Premium,Regular Crust,11.2 Oz,Medium (10-18 Oz),Conv Oven,Thick/Original,NA,2 Ct,Box,No Vegan Claim Present,No Natural Claim Present,No Gmo Claim Present,No Organic Claim Present,No Plant based claim,No Preservative-Free Claim Present,Non BFY
0000141391333,0,0,0,Single Serve,NA,NA,NA,NA,NA,NA,NA,NA,NA,NA,NA,NA,NA,NA,NA,NA,NA,NA,NA,NA,NA,NA,NA,NA
0089245300122,0,0,0,Single Serve,Non- Indulgent,Pepperoni,Others,Others,Pepperoni,Non-Veg,NA,No Gluten Claim Present,Premium,Regular Crust,11.2 Oz,Medium (10-18 Oz),Conv Oven,Thick/Original,NA,2 Ct,Box,No Vegan Claim Present,No Natural Claim Present,No Gmo Claim Present,No Organic Claim Present,No Plant based claim,No Preservative-Free Claim Present,Non BFY
0080487955828,14971.57266,843.4337274,0,Single Serve,Non- Indulgent,Pepperoni,Others,Others,Pepperoni,Non-Veg,NA,No Gluten Claim Present,Premium,Regular Crust,11.2 Oz,Medium (10-18 Oz),Conv Oven,Thick/Original,NA,2 Ct,Box,No Vegan Claim Present,No Natural Claim Present,No Gmo Claim Present,No Organic Claim Present,No Plant based claim,No Preservative-Free Claim Present,Non BFY
0007570615111,1834816.074,257620.2923,0,Single Serve,Non- Indulgent,Meat Combos,Others,Deluxe/Supreme/Meat Combo,Meat Combos,PL,PL,No Gluten Claim Present,Value,Regular Crust,7.2 Oz,Small (<=10 Oz),Conv Oven,PL,PL,1 Ct,Box,No Vegan Claim Present,No Natural Claim Present,No Gmo Claim Present,No Organic Claim Present,No Plant based claim,No Preservative-Free Claim Present,Non BFY
0087282400997,2275.127458,703.7652337,0,Single Serve,Non- Indulgent,Pepperoni,Others,Others,Pepperoni,Non-Veg,NA,No Gluten Claim Present,Premium,Regular Crust,11.2 Oz,Medium (10-18 Oz),Conv Oven,Thick/Original,NA,2 Ct,Box,No Vegan Claim Present,No Natural Claim Present,No Gmo Claim Present,No Organic Claim Present,No Plant based claim,No Preservative-Free Claim Present,Non BFY
0001960004695,0,0,0,Single Serve,Non- Indulgent,Pepperoni,Others,Others,Pepperoni,Non-Veg,Red Sauce,No Gluten Claim Present,Mid Tier,Ao Crust,35.25 Oz,Large (>18 Oz),Conv Oven,Thick/Original,Regular Crust,6 Ct,Bag In Box,No Vegan Claim Present,No Natural Claim Present,No Gmo Claim Present,No Organic Claim Present,No Plant based claim,No Preservative-Free Claim Present,Non BFY
0000339848689,389912.2503,104722.9081,0,Single Serve,NA,NA,NA,NA,NA,NA,NA,NA,NA,NA,NA,NA,NA,NA,NA,NA,NA,NA,NA,NA,NA,NA,NA,NA
0000339402233,64.35,21.125,0,Single Serve,NA,NA,NA,NA,NA,NA,NA,NA,NA,NA,NA,NA,NA,NA,NA,NA,NA,NA,NA,NA,NA,NA,NA,NA
0019056912484,3997.969498,308.6246809,0,Single Serve,Non- Indulgent,Pepperoni,Others,Others,Pepperoni,PL,PL,No Gluten Claim Present,Value,Regular Crust,5.2 Oz,Small (<=10 Oz),Mw Or Conv Oven,PL,PL,1 Ct,Box,No Vegan Claim Present,No Natural Claim Present,No Gmo Claim Present,No Organic Claim Present,No Plant based claim,No Preservative-Free Claim Present,Non BFY
0008355408410,238361.6623,25763.82961,0,Single Serve,Non- Indulgent,Pepperoni,Others,Others,Pepperoni,PL,PL,No Gluten Claim Present,Value,Regular Crust,5.2 Oz,Small (<=10 Oz),Mw Or Conv Oven,PL,PL,1 Ct,Box,No Vegan Claim Present,No Natural Claim Present,No Gmo Claim Present,No Organic Claim Present,No Plant based claim,No Preservative-Free Claim Present,Non BFY
0003120502006,460688.9106,58568.49511,0,Single Serve,Non- Indulgent,Sausage,Others,Others,Sausage,Non-Veg,Red Sauce,No Gluten Claim Present,Premium,Regular Crust,8.5 Oz,Small (<=10 Oz),Mw Or Conv Oven,Thick/Original,Regular Crust,1 Ct,Box,No Vegan Claim Present,Natural Claim Present,No Gmo Claim Present,No Organic Claim Present,No Plant based claim,Preservative-Free Claim,BFY
0007192103108,11.97,1.85625,1,Single Serve,Non- Indulgent,Meat Combos,Others,Deluxe/Supreme/Meat Combo,Meat Combos,PL,PL,No Gluten Claim Present,Value,Regular Crust,7.2 Oz,Small (<=10 Oz),Conv Oven,PL,PL,1 Ct,Box,No Vegan Claim Present,No Natural Claim Present,No Gmo Claim Present,No Organic Claim Present,No Plant based claim,No Preservative-Free Claim Present,Non BFY
0075591859261,0,0,0,Single Serve,Non- Indulgent,Pepperoni,Others,Others,Pepperoni,Non-Veg,NA,No Gluten Claim Present,Premium,Regular Crust,11.2 Oz,Medium (10-18 Oz),Conv Oven,Thick/Original,NA,2 Ct,Box,No Vegan Claim Present,No Natural Claim Present,No Gmo Claim Present,No Organic Claim Present,No Plant based claim,No Preservative-Free Claim Present,Non BFY
0001380054042,3663850.011,810306.9748,1,Single Serve,Non- Indulgent,Pepperoni,Others,Others,Pepperoni,Non-Veg,Red Sauce,No Gluten Claim Present,Mid Tier,Ao Crust,35.25 Oz,Large (>18 Oz),Conv Oven,Thick/Original,Regular Crust,6 Ct,Bag In Box,No Vegan Claim Present,No Natural Claim Present,No Gmo Claim Present,No Organic Claim Present,No Plant based claim,No Preservative-Free Claim Present,Non BFY
0087282400845,0,0,0,Single Serve,Non- Indulgent,Pepperoni,Others,Others,Pepperoni,Non-Veg,NA,No Gluten Claim Present,Premium,Regular Crust,11.2 Oz,Medium (10-18 Oz),Conv Oven,Thick/Original,NA,2 Ct,Box,No Vegan Claim Present,No Natural Claim Present,No Gmo Claim Present,No Organic Claim Present,No Plant based claim,No Preservative-Free Claim Present,Non BFY
0000024846648,69.62,23.8,0,Single Serve,NA,NA,NA,NA,NA,NA,NA,NA,NA,NA,NA,NA,NA,NA,NA,NA,NA,NA,NA,NA,NA,NA,NA,NA
0000339401664,614385.2388,162772.5984,0,Single Serve,NA,NA,NA,NA,NA,NA,NA,NA,NA,NA,NA,NA,NA,NA,NA,NA,NA,NA,NA,NA,NA,NA,NA,NA
0007192101669,47691346.5,5422190.275,1,Single Serve,Non- Indulgent,Meat Combos,Others,Deluxe/Supreme/Meat Combo,Meat Combos,PL,PL,No Gluten Claim Present,Value,Regular Crust,7.2 Oz,Small (<=10 Oz),Conv Oven,PL,PL,1 Ct,Box,No Vegan Claim Present,No Natural Claim Present,No Gmo Claim Present,No Organic Claim Present,No Plant based claim,No Preservative-Free Claim Present,Non BFY
0004280010493,7.64,2.45,0,Single Serve,Non- Indulgent,Meat Combos,Others,Deluxe/Supreme/Meat Combo,Meat Combos,PL,PL,No Gluten Claim Present,Value,Regular Crust,7.2 Oz,Small (<=10 Oz),Conv Oven,PL,PL,1 Ct,Box,No Vegan Claim Present,No Natural Claim Present,No Gmo Claim Present,No Organic Claim Present,No Plant based claim,No Preservative-Free Claim Present,Non BFY
0000023667396,630639.7832,255167.1934,0,Single Serve,NA,NA,NA,NA,NA,NA,NA,NA,NA,NA,NA,NA,NA,NA,NA,NA,NA,NA,NA,NA,NA,NA,NA,NA
0004280010896,0,0,0,Single Serve,Non- Indulgent,Meat Combos,Others,Deluxe/Supreme/Meat Combo,Meat Combos,PL,PL,No Gluten Claim Present,Value,Regular Crust,7.2 Oz,Small (<=10 Oz),Conv Oven,PL,PL,1 Ct,Box,No Vegan Claim Present,No Natural Claim Present,No Gmo Claim Present,No Organic Claim Present,No Plant based claim,No Preservative-Free Claim Present,Non BFY
0000569862978,0,0,0,Single Serve,NA,NA,NA,NA,NA,NA,NA,NA,NA,NA,NA,NA,NA,NA,NA,NA,NA,NA,NA,NA,NA,NA,NA,NA
0000138326084,5.051546606,0.632708743,0,Single Serve,NA,NA,NA,NA,NA,NA,NA,NA,NA,NA,NA,NA,NA,NA,NA,NA,NA,NA,NA,NA,NA,NA,NA,NA
0083041500934,0,0,0,Single Serve,Non- Indulgent,Pepperoni,Others,Others,Pepperoni,Non-Veg,NA,No Gluten Claim Present,Premium,Regular Crust,11.2 Oz,Medium (10-18 Oz),Conv Oven,Thick/Original,NA,2 Ct,Box,No Vegan Claim Present,No Natural Claim Present,No Gmo Claim Present,No Organic Claim Present,No Plant based claim,No Preservative-Free Claim Present,Non BFY
0071333104221,30637.01233,1512.500985,0,Single Serve,Non- Indulgent,Pepperoni,Others,Others,Pepperoni,Non-Veg,NA,No Gluten Claim Present,Premium,Regular Crust,11.2 Oz,Medium (10-18 Oz),Conv Oven,Thick/Original,NA,2 Ct,Box,No Vegan Claim Present,No Natural Claim Present,No Gmo Claim Present,No Organic Claim Present,No Plant based claim,No Preservative-Free Claim Present,Non BFY
0004280047491,6823.288703,2331.992797,0,Single Serve,Non- Indulgent,Meat Combos,Others,Deluxe/Supreme/Meat Combo,Meat Combos,PL,PL,No Gluten Claim Present,Value,Regular Crust,7.2 Oz,Small (<=10 Oz),Conv Oven,PL,PL,1 Ct,Box,No Vegan Claim Present,No Natural Claim Present,No Gmo Claim Present,No Organic Claim Present,No Plant based claim,No Preservative-Free Claim Present,Non BFY
0004227200197,0,0,0,Single Serve,Non- Indulgent,Meat Combos,Others,Deluxe/Supreme/Meat Combo,Meat Combos,PL,PL,No Gluten Claim Present,Value,Regular Crust,7.2 Oz,Small (<=10 Oz),Conv Oven,PL,PL,1 Ct,Box,No Vegan Claim Present,No Natural Claim Present,No Gmo Claim Present,No Organic Claim Present,No Plant based claim,No Preservative-Free Claim Present,Non BFY
0272700268720,0,0,1,Single Serve,Non- Indulgent,Pepperoni,Others,Others,Pepperoni,Non-Veg,NA,No Gluten Claim Present,Premium,Regular Crust,11.2 Oz,Medium (10-18 Oz),Conv Oven,Thick/Original,NA,2 Ct,Box,No Vegan Claim Present,No Natural Claim Present,No Gmo Claim Present,No Organic Claim Present,No Plant based claim,No Preservative-Free Claim Present,Non BFY
0087282400840,0,0,0,Single Serve,Non- Indulgent,Pepperoni,Others,Others,Pepperoni,Non-Veg,NA,No Gluten Claim Present,Premium,Regular Crust,11.2 Oz,Medium (10-18 Oz),Conv Oven,Thick/Original,NA,2 Ct,Box,No Vegan Claim Present,No Natural Claim Present,No Gmo Claim Present,No Organic Claim Present,No Plant based claim,No Preservative-Free Claim Present,Non BFY
0000335809606,166936.9166,38646.24958,0,Single Serve,NA,NA,NA,NA,NA,NA,NA,NA,NA,NA,NA,NA,NA,NA,NA,NA,NA,NA,NA,NA,NA,NA,NA,NA
0071006930115,192898.5204,19960.43752,0,Single Serve,Non- Indulgent,Pepperoni,Others,Others,Pepperoni,Non-Veg,NA,No Gluten Claim Present,Premium,Regular Crust,11.2 Oz,Medium (10-18 Oz),Conv Oven,Thick/Original,NA,2 Ct,Box,No Vegan Claim Present,No Natural Claim Present,No Gmo Claim Present,No Organic Claim Present,No Plant based claim,No Preservative-Free Claim Present,Non BFY
0000411171572,0,0,0,Single Serve,NA,NA,NA,NA,NA,NA,NA,NA,NA,NA,NA,NA,NA,NA,NA,NA,NA,NA,NA,NA,NA,NA,NA,NA
0004111800005,995111.3732,234884.4296,0,Single Serve,Non- Indulgent,Meat Combos,Others,Deluxe/Supreme/Meat Combo,Meat Combos,PL,PL,No Gluten Claim Present,Value,Regular Crust,7.2 Oz,Small (<=10 Oz),Conv Oven,PL,PL,1 Ct,Box,No Vegan Claim Present,No Natural Claim Present,No Gmo Claim Present,No Organic Claim Present,No Plant based claim,No Preservative-Free Claim Present,Non BFY
0007218063247,11357326.12,1868278.719,0,Single Serve,Non- Indulgent,Meat Combos,Others,Deluxe/Supreme/Meat Combo,Meat Combos,PL,PL,No Gluten Claim Present,Value,Regular Crust,7.2 Oz,Small (<=10 Oz),Conv Oven,PL,PL,1 Ct,Box,No Vegan Claim Present,No Natural Claim Present,No Gmo Claim Present,No Organic Claim Present,No Plant based claim,No Preservative-Free Claim Present,Non BFY
0001196207117,104521.125,34312.66901,0,Single Serve,Non- Indulgent,Pepperoni,Others,Others,Pepperoni,Non-Veg,PL,No Gluten Claim Present,Value,Regular Crust,7.2 Oz,Small (<=10 Oz),Conv Oven,Thick/Original,Regular Crust,1 Ct,Box,No Vegan Claim Present,No Natural Claim Present,No Gmo Claim Present,No Organic Claim Present,No Plant based claim,No Preservative-Free Claim Present,Non BFY
0004280014162,760352.9338,202238.2515,0,Single Serve,Non- Indulgent,Meat Combos,Others,Deluxe/Supreme/Meat Combo,Meat Combos,PL,PL,No Gluten Claim Present,Value,Regular Crust,7.2 Oz,Small (<=10 Oz),Conv Oven,PL,PL,1 Ct,Box,No Vegan Claim Present,No Natural Claim Present,No Gmo Claim Present,No Organic Claim Present,No Plant based claim,No Preservative-Free Claim Present,Non BFY
0085587300827,0,0,0,Single Serve,Non- Indulgent,Pepperoni,Others,Others,Pepperoni,Non-Veg,NA,No Gluten Claim Present,Premium,Regular Crust,11.2 Oz,Medium (10-18 Oz),Conv Oven,Thick/Original,NA,2 Ct,Box,No Vegan Claim Present,No Natural Claim Present,No Gmo Claim Present,No Organic Claim Present,No Plant based claim,No Preservative-Free Claim Present,Non BFY
0007218063245,26235246.18,3387948.293,0,Single Serve,Non- Indulgent,Meat Combos,Others,Deluxe/Supreme/Meat Combo,Meat Combos,PL,PL,No Gluten Claim Present,Value,Regular Crust,7.2 Oz,Small (<=10 Oz),Conv Oven,PL,PL,1 Ct,Box,No Vegan Claim Present,No Natural Claim Present,No Gmo Claim Present,No Organic Claim Present,No Plant based claim,No Preservative-Free Claim Present,Non BFY
0270070883382,0,0,0,Single Serve,Non- Indulgent,Pepperoni,Others,Others,Pepperoni,Non-Veg,NA,No Gluten Claim Present,Premium,Regular Crust,11.2 Oz,Medium (10-18 Oz),Conv Oven,Thick/Original,NA,2 Ct,Box,No Vegan Claim Present,No Natural Claim Present,No Gmo Claim Present,No Organic Claim Present,No Plant based claim,No Preservative-Free Claim Present,Non BFY
0000266224243,5792170.23,2188320.784,0,Single Serve,NA,NA,NA,NA,NA,NA,NA,NA,NA,NA,NA,NA,NA,NA,NA,NA,NA,NA,NA,NA,NA,NA,NA,NA
0083041500993,0,0,0,Single Serve,Non- Indulgent,Pepperoni,Others,Others,Pepperoni,Non-Veg,NA,No Gluten Claim Present,Premium,Regular Crust,11.2 Oz,Medium (10-18 Oz),Conv Oven,Thick/Original,NA,2 Ct,Box,No Vegan Claim Present,No Natural Claim Present,No Gmo Claim Present,No Organic Claim Present,No Plant based claim,No Preservative-Free Claim Present,Non BFY
0000266998107,0,0,0,Single Serve,NA,NA,NA,NA,NA,NA,NA,NA,NA,NA,NA,NA,NA,NA,NA,NA,NA,NA,NA,NA,NA,NA,NA,NA
0085003702205,184.8695759,24.05869545,0,Single Serve,Non- Indulgent,Pepperoni,Others,Others,Pepperoni,Non-Veg,NA,No Gluten Claim Present,Premium,Regular Crust,11.2 Oz,Medium (10-18 Oz),Conv Oven,Thick/Original,NA,2 Ct,Box,No Vegan Claim Present,No Natural Claim Present,No Gmo Claim Present,No Organic Claim Present,No Plant based claim,No Preservative-Free Claim Present,Non BFY
0085695200160,0,0,0,Single Serve,Non- Indulgent,Pepperoni,Others,Others,Pepperoni,Non-Veg,NA,No Gluten Claim Present,Premium,Regular Crust,11.2 Oz,Medium (10-18 Oz),Conv Oven,Thick/Original,NA,2 Ct,Box,No Vegan Claim Present,No Natural Claim Present,No Gmo Claim Present,No Organic Claim Present,No Plant based claim,No Preservative-Free Claim Present,Non BFY
0076675000006,0,0,0,Single Serve,Non- Indulgent,Pepperoni,Others,Others,Pepperoni,Non-Veg,NA,No Gluten Claim Present,Premium,Regular Crust,11.2 Oz,Medium (10-18 Oz),Conv Oven,Thick/Original,NA,2 Ct,Box,No Vegan Claim Present,No Natural Claim Present,No Gmo Claim Present,No Organic Claim Present,No Plant based claim,No Preservative-Free Claim Present,Non BFY
0089245300115,0,0,0,Single Serve,Non- Indulgent,Pepperoni,Others,Others,Pepperoni,Non-Veg,NA,No Gluten Claim Present,Premium,Regular Crust,11.2 Oz,Medium (10-18 Oz),Conv Oven,Thick/Original,NA,2 Ct,Box,No Vegan Claim Present,No Natural Claim Present,No Gmo Claim Present,No Organic Claim Present,No Plant based claim,No Preservative-Free Claim Present,Non BFY
0069224318185,0,0,0,Single Serve,Non- Indulgent,Pepperoni,Others,Others,Pepperoni,Non-Veg,NA,No Gluten Claim Present,Premium,Regular Crust,11.2 Oz,Medium (10-18 Oz),Conv Oven,Thick/Original,NA,2 Ct,Box,No Vegan Claim Present,No Natural Claim Present,No Gmo Claim Present,No Organic Claim Present,No Plant based claim,No Preservative-Free Claim Present,Non BFY
0000054076581,0,0,0,Single Serve,NA,NA,NA,NA,NA,NA,NA,NA,NA,NA,NA,NA,NA,NA,NA,NA,NA,NA,NA,NA,NA,NA,NA,NA
0272700268719,0,0,1,Single Serve,Non- Indulgent,Pepperoni,Others,Others,Pepperoni,Non-Veg,NA,No Gluten Claim Present,Premium,Regular Crust,11.2 Oz,Medium (10-18 Oz),Conv Oven,Thick/Original,NA,2 Ct,Box,No Vegan Claim Present,No Natural Claim Present,No Gmo Claim Present,No Organic Claim Present,No Plant based claim,No Preservative-Free Claim Present,Non BFY
0003120531000,1001104.336,81903.33377,0,Single Serve,Non- Indulgent,Pepperoni,Others,Others,Pepperoni,PL,PL,No Gluten Claim Present,Value,Regular Crust,7.2 Oz,Small (<=10 Oz),Conv Oven,PL,PL,1 Ct,Box,No Vegan Claim Present,No Natural Claim Present,No Gmo Claim Present,No Organic Claim Present,No Plant based claim,No Preservative-Free Claim Present,Non BFY
0000489220882,0,0,0,Single Serve,NA,NA,NA,NA,NA,NA,NA,NA,NA,NA,NA,NA,NA,NA,NA,NA,NA,NA,NA,NA,NA,NA,NA,NA
0000455165182,0,0,0,Single Serve,NA,NA,NA,NA,NA,NA,NA,NA,NA,NA,NA,NA,NA,NA,NA,NA,NA,NA,NA,NA,NA,NA,NA,NA
0001713618937,0,0,0,Single Serve,Non- Indulgent,Pepperoni,Others,Others,Pepperoni,Non-Veg,Red Sauce,No Gluten Claim Present,Mid Tier,Ao Crust,35.25 Oz,Large (>18 Oz),Conv Oven,Thick/Original,Regular Crust,6 Ct,Bag In Box,No Vegan Claim Present,No Natural Claim Present,No Gmo Claim Present,No Organic Claim Present,No Plant based claim,No Preservative-Free Claim Present,Non BFY
0004111800985,5011022.83,1469078.942,0,Single Serve,Non- Indulgent,Meat Combos,Others,Deluxe/Supreme/Meat Combo,Meat Combos,PL,PL,No Gluten Claim Present,Value,Regular Crust,7.2 Oz,Small (<=10 Oz),Conv Oven,PL,PL,1 Ct,Box,No Vegan Claim Present,No Natural Claim Present,No Gmo Claim Present,No Organic Claim Present,No Plant based claim,No Preservative-Free Claim Present,Non BFY
0007731910705,76784.73158,8325.276859,0,Single Serve,Non- Indulgent,Pepperoni,Others,Others,Pepperoni,PL,PL,No Gluten Claim Present,Value,Regular Crust,5.2 Oz,Small (<=10 Oz),Mw Or Conv Oven,PL,PL,1 Ct,Box,No Vegan Claim Present,No Natural Claim Present,No Gmo Claim Present,No Organic Claim Present,No Plant based claim,No Preservative-Free Claim Present,Non BFY
0000023676828,66866.73545,26708.35704,0,Single Serve,NA,NA,NA,NA,NA,NA,NA,NA,NA,NA,NA,NA,NA,NA,NA,NA,NA,NA,NA,NA,NA,NA,NA,NA
0000008564141,9997298.002,3840187.136,0,Single Serve,NA,NA,NA,NA,NA,NA,NA,NA,NA,NA,NA,NA,NA,NA,NA,NA,NA,NA,NA,NA,NA,NA,NA,NA
0000240113465,0,0,0,Single Serve,NA,NA,NA,NA,NA,NA,NA,NA,NA,NA,NA,NA,NA,NA,NA,NA,NA,NA,NA,NA,NA,NA,NA,NA
0003120501005,376321.2212,57273.15272,0,Single Serve,Non- Indulgent,Sausage,Others,Others,Sausage,Non-Veg,Red Sauce,No Gluten Claim Present,Premium,Regular Crust,8.5 Oz,Small (<=10 Oz),Mw Or Conv Oven,Thick/Original,Regular Crust,1 Ct,Box,No Vegan Claim Present,Natural Claim Present,No Gmo Claim Present,No Organic Claim Present,No Plant based claim,Preservative-Free Claim,BFY
0000339848556,0,0,0,Single Serve,NA,NA,NA,NA,NA,NA,NA,NA,NA,NA,NA,NA,NA,NA,NA,NA,NA,NA,NA,NA,NA,NA,NA,NA
0000704813624,0,0,0,Single Serve,NA,NA,NA,NA,NA,NA,NA,NA,NA,NA,NA,NA,NA,NA,NA,NA,NA,NA,NA,NA,NA,NA,NA,NA
0081005208027,0,0,0,Single Serve,Non- Indulgent,Pepperoni,Others,Others,Pepperoni,Non-Veg,NA,No Gluten Claim Present,Premium,Regular Crust,11.2 Oz,Medium (10-18 Oz),Conv Oven,Thick/Original,NA,2 Ct,Box,No Vegan Claim Present,No Natural Claim Present,No Gmo Claim Present,No Organic Claim Present,No Plant based claim,No Preservative-Free Claim Present,Non BFY
0000480703401,0,0,0,Single Serve,NA,NA,NA,NA,NA,NA,NA,NA,NA,NA,NA,NA,NA,NA,NA,NA,NA,NA,NA,NA,NA,NA,NA,NA
0007192129369,0,0,1,Single Serve,Non- Indulgent,Meat Combos,Others,Deluxe/Supreme/Meat Combo,Meat Combos,PL,PL,No Gluten Claim Present,Value,Regular Crust,7.2 Oz,Small (<=10 Oz),Conv Oven,PL,PL,1 Ct,Box,No Vegan Claim Present,No Natural Claim Present,No Gmo Claim Present,No Organic Claim Present,No Plant based claim,No Preservative-Free Claim Present,Non BFY
0000199982230,0,0,0,Single Serve,NA,NA,NA,NA,NA,NA,NA,NA,NA,NA,NA,NA,NA,NA,NA,NA,NA,NA,NA,NA,NA,NA,NA,NA
0007218073368,0,0,0,Single Serve,Non- Indulgent,Meat Combos,Others,Deluxe/Supreme/Meat Combo,Meat Combos,PL,PL,No Gluten Claim Present,Value,Regular Crust,7.2 Oz,Small (<=10 Oz),Conv Oven,PL,PL,1 Ct,Box,No Vegan Claim Present,No Natural Claim Present,No Gmo Claim Present,No Organic Claim Present,No Plant based claim,No Preservative-Free Claim Present,Non BFY
0007192153540,0,0,1,Single Serve,Non- Indulgent,Meat Combos,Others,Deluxe/Supreme/Meat Combo,Meat Combos,PL,PL,No Gluten Claim Present,Value,Regular Crust,7.2 Oz,Small (<=10 Oz),Conv Oven,PL,PL,1 Ct,Box,No Vegan Claim Present,No Natural Claim Present,No Gmo Claim Present,No Organic Claim Present,No Plant based claim,No Preservative-Free Claim Present,Non BFY
0000704813625,66345.14221,17309.37395,0,Single Serve,NA,NA,NA,NA,NA,NA,NA,NA,NA,NA,NA,NA,NA,NA,NA,NA,NA,NA,NA,NA,NA,NA,NA,NA
0001380015173,107234.8762,18213.84809,1,Single Serve,Non- Indulgent,Pepperoni,Others,Others,Pepperoni,Non-Veg,PL,No Gluten Claim Present,Value,Regular Crust,7.2 Oz,Small (<=10 Oz),Conv Oven,Thick/Original,Regular Crust,1 Ct,Box,No Vegan Claim Present,No Natural Claim Present,No Gmo Claim Present,No Organic Claim Present,No Plant based claim,No Preservative-Free Claim Present,Non BFY
0004111800902,17143502.01,4903471.681,0,Single Serve,Non- Indulgent,Meat Combos,Others,Deluxe/Supreme/Meat Combo,Meat Combos,PL,PL,No Gluten Claim Present,Value,Regular Crust,7.2 Oz,Small (<=10 Oz),Conv Oven,PL,PL,1 Ct,Box,No Vegan Claim Present,No Natural Claim Present,No Gmo Claim Present,No Organic Claim Present,No Plant based claim,No Preservative-Free Claim Present,Non BFY
0004280012255,0,0,0,Single Serve,Non- Indulgent,Meat Combos,Others,Deluxe/Supreme/Meat Combo,Meat Combos,PL,PL,No Gluten Claim Present,Value,Regular Crust,7.2 Oz,Small (<=10 Oz),Conv Oven,PL,PL,1 Ct,Box,No Vegan Claim Present,No Natural Claim Present,No Gmo Claim Present,No Organic Claim Present,No Plant based claim,No Preservative-Free Claim Present,Non BFY
0001045366790,1132001.564,340659.2805,0,Single Serve,Non- Indulgent,Pepperoni,Others,Others,Pepperoni,Non-Veg,PL,No Gluten Claim Present,Value,Regular Crust,7.2 Oz,Small (<=10 Oz),Conv Oven,Thick/Original,Regular Crust,1 Ct,Box,No Vegan Claim Present,No Natural Claim Present,No Gmo Claim Present,No Organic Claim Present,No Plant based claim,No Preservative-Free Claim Present,Non BFY
0000339401458,0,0,0,Single Serve,NA,NA,NA,NA,NA,NA,NA,NA,NA,NA,NA,NA,NA,NA,NA,NA,NA,NA,NA,NA,NA,NA,NA,NA
0002515505701,0,0,0,Single Serve,Non- Indulgent,Pepperoni,Others,Others,Pepperoni,Non-Veg,Red Sauce,No Gluten Claim Present,Mid Tier,Ao Crust,35.25 Oz,Large (>18 Oz),Conv Oven,Thick/Original,Regular Crust,6 Ct,Bag In Box,No Vegan Claim Present,No Natural Claim Present,No Gmo Claim Present,No Organic Claim Present,No Plant based claim,No Preservative-Free Claim Present,Non BFY
0000266224244,1105481.979,422072.1058,0,Single Serve,NA,NA,NA,NA,NA,NA,NA,NA,NA,NA,NA,NA,NA,NA,NA,NA,NA,NA,NA,NA,NA,NA,NA,NA
0004111800968,1222828.608,441973.42,0,Single Serve,Non- Indulgent,Meat Combos,Others,Deluxe/Supreme/Meat Combo,Meat Combos,PL,PL,No Gluten Claim Present,Value,Regular Crust,7.2 Oz,Small (<=10 Oz),Conv Oven,PL,PL,1 Ct,Box,No Vegan Claim Present,No Natural Claim Present,No Gmo Claim Present,No Organic Claim Present,No Plant based claim,No Preservative-Free Claim Present,Non BFY
0007570630302,525848.9295,77281.68505,0,Single Serve,Indulgent,Meat Combos,Others,Deluxe/Supreme/Meat Combo,Meat Combos,Non-Veg,NA,No Gluten Claim Present,Premium,Regular Crust,9.51 Oz,Small (<=10 Oz),Mw Or Conv Oven,Thick/Original,NA,1 Ct,Box,No Vegan Claim Present,No Natural Claim Present,No Gmo Claim Present,No Organic Claim Present,No Plant based claim,No Preservative-Free Claim Present,Non BFY
0007570615110,1605876.078,225801.3226,0,Single Serve,Non- Indulgent,Meat Combos,Others,Deluxe/Supreme/Meat Combo,Meat Combos,PL,PL,No Gluten Claim Present,Value,Regular Crust,7.2 Oz,Small (<=10 Oz),Conv Oven,PL,PL,1 Ct,Box,No Vegan Claim Present,No Natural Claim Present,No Gmo Claim Present,No Organic Claim Present,No Plant based claim,No Preservative-Free Claim Present,Non BFY
0007218076198,0,0,0,Single Serve,Non- Indulgent,Meat Combos,Others,Deluxe/Supreme/Meat Combo,Meat Combos,PL,PL,No Gluten Claim Present,Value,Regular Crust,7.2 Oz,Small (<=10 Oz),Conv Oven,PL,PL,1 Ct,Box,No Vegan Claim Present,No Natural Claim Present,No Gmo Claim Present,No Organic Claim Present,No Plant based claim,No Preservative-Free Claim Present,Non BFY
0081073202168,32.91355877,43.04671445,0,Single Serve,Non- Indulgent,Pepperoni,Others,Others,Pepperoni,Non-Veg,NA,No Gluten Claim Present,Premium,Regular Crust,11.2 Oz,Medium (10-18 Oz),Conv Oven,Thick/Original,NA,2 Ct,Box,No Vegan Claim Present,No Natural Claim Present,No Gmo Claim Present,No Organic Claim Present,No Plant based claim,No Preservative-Free Claim Present,Non BFY
0071785480101,240544.9395,69750.97662,0,Single Serve,Non- Indulgent,Pepperoni,Others,Others,Pepperoni,Non-Veg,NA,No Gluten Claim Present,Premium,Regular Crust,11.2 Oz,Medium (10-18 Oz),Conv Oven,Thick/Original,NA,2 Ct,Box,No Vegan Claim Present,No Natural Claim Present,No Gmo Claim Present,No Organic Claim Present,No Plant based claim,No Preservative-Free Claim Present,Non BFY
0000266243741,12.56,4.2,0,Single Serve,NA,NA,NA,NA,NA,NA,NA,NA,NA,NA,NA,NA,NA,NA,NA,NA,NA,NA,NA,NA,NA,NA,NA,NA
0000003416829,0,0,0,Single Serve,NA,NA,NA,NA,NA,NA,NA,NA,NA,NA,NA,NA,NA,NA,NA,NA,NA,NA,NA,NA,NA,NA,NA,NA
0007218076483,0,0,0,Single Serve,Non- Indulgent,Meat Combos,Others,Deluxe/Supreme/Meat Combo,Meat Combos,PL,PL,No Gluten Claim Present,Value,Regular Crust,7.2 Oz,Small (<=10 Oz),Conv Oven,PL,PL,1 Ct,Box,No Vegan Claim Present,No Natural Claim Present,No Gmo Claim Present,No Organic Claim Present,No Plant based claim,No Preservative-Free Claim Present,Non BFY
0000030359061,0,0,0,Single Serve,NA,NA,NA,NA,NA,NA,NA,NA,NA,NA,NA,NA,NA,NA,NA,NA,NA,NA,NA,NA,NA,NA,NA,NA
0068506001162,33475.04297,2185.097052,0,Single Serve,Non- Indulgent,Pepperoni,Others,Others,Pepperoni,Non-Veg,NA,No Gluten Claim Present,Premium,Regular Crust,11.2 Oz,Medium (10-18 Oz),Conv Oven,Thick/Original,NA,2 Ct,Box,No Vegan Claim Present,No Natural Claim Present,No Gmo Claim Present,No Organic Claim Present,No Plant based claim,No Preservative-Free Claim Present,Non BFY
0000003932123,5056210.867,1906025.614,0,Single Serve,NA,NA,NA,NA,NA,NA,NA,NA,NA,NA,NA,NA,NA,NA,NA,NA,NA,NA,NA,NA,NA,NA,NA,NA
0007192163918,0,0,1,Single Serve,Non- Indulgent,Meat Combos,Others,Deluxe/Supreme/Meat Combo,Meat Combos,PL,PL,No Gluten Claim Present,Value,Regular Crust,7.2 Oz,Small (<=10 Oz),Conv Oven,PL,PL,1 Ct,Box,No Vegan Claim Present,No Natural Claim Present,No Gmo Claim Present,No Organic Claim Present,No Plant based claim,No Preservative-Free Claim Present,Non BFY
0085998706097,0,0,0,Single Serve,Non- Indulgent,Pepperoni,Others,Others,Pepperoni,Non-Veg,NA,No Gluten Claim Present,Premium,Regular Crust,11.2 Oz,Medium (10-18 Oz),Conv Oven,Thick/Original,NA,2 Ct,Box,No Vegan Claim Present,No Natural Claim Present,No Gmo Claim Present,No Organic Claim Present,No Plant based claim,No Preservative-Free Claim Present,Non BFY
0087282400996,2336.815424,734.69094,0,Single Serve,Non- Indulgent,Pepperoni,Others,Others,Pepperoni,Non-Veg,NA,No Gluten Claim Present,Premium,Regular Crust,11.2 Oz,Medium (10-18 Oz),Conv Oven,Thick/Original,NA,2 Ct,Box,No Vegan Claim Present,No Natural Claim Present,No Gmo Claim Present,No Organic Claim Present,No Plant based claim,No Preservative-Free Claim Present,Non BFY
0085832400619,0,0,0,Single Serve,Non- Indulgent,Pepperoni,Others,Others,Pepperoni,Non-Veg,NA,No Gluten Claim Present,Premium,Regular Crust,11.2 Oz,Medium (10-18 Oz),Conv Oven,Thick/Original,NA,2 Ct,Box,No Vegan Claim Present,No Natural Claim Present,No Gmo Claim Present,No Organic Claim Present,No Plant based claim,No Preservative-Free Claim Present,Non BFY
0000196273731,0,0,0,Single Serve,NA,NA,NA,NA,NA,NA,NA,NA,NA,NA,NA,NA,NA,NA,NA,NA,NA,NA,NA,NA,NA,NA,NA,NA
0271561110568,94.04990187,20.76358146,0,Single Serve,Non- Indulgent,Pepperoni,Others,Others,Pepperoni,Non-Veg,NA,No Gluten Claim Present,Premium,Regular Crust,11.2 Oz,Medium (10-18 Oz),Conv Oven,Thick/Original,NA,2 Ct,Box,No Vegan Claim Present,No Natural Claim Present,No Gmo Claim Present,No Organic Claim Present,No Plant based claim,No Preservative-Free Claim Present,Non BFY
0003120532002,547409.9074,44972.97358,0,Single Serve,Non- Indulgent,Pepperoni,Others,Others,Pepperoni,PL,PL,No Gluten Claim Present,Value,Regular Crust,7.2 Oz,Small (<=10 Oz),Conv Oven,PL,PL,1 Ct,Box,No Vegan Claim Present,No Natural Claim Present,No Gmo Claim Present,No Organic Claim Present,No Plant based claim,No Preservative-Free Claim Present,Non BFY
0007570630585,544679.3498,65385.34191,0,Single Serve,Non- Indulgent,Pepperoni,Others,Others,Pepperoni,PL,PL,No Gluten Claim Present,Value,Regular Crust,5.2 Oz,Small (<=10 Oz),Mw Or Conv Oven,PL,PL,1 Ct,Box,No Vegan Claim Present,No Natural Claim Present,No Gmo Claim Present,No Organic Claim Present,No Plant based claim,No Preservative-Free Claim Present,Non BFY
0007192100828,33180121.63,4351720.719,1,Single Serve,Non- Indulgent,Meat Combos,Others,Deluxe/Supreme/Meat Combo,Meat Combos,PL,PL,No Gluten Claim Present,Value,Regular Crust,7.2 Oz,Small (<=10 Oz),Conv Oven,PL,PL,1 Ct,Box,No Vegan Claim Present,No Natural Claim Present,No Gmo Claim Present,No Organic Claim Present,No Plant based claim,No Preservative-Free Claim Present,Non BFY
0082021307901,66.56685555,6.23611065,0,Single Serve,Non- Indulgent,Pepperoni,Others,Others,Pepperoni,Non-Veg,NA,No Gluten Claim Present,Premium,Regular Crust,11.2 Oz,Medium (10-18 Oz),Conv Oven,Thick/Original,NA,2 Ct,Box,No Vegan Claim Present,No Natural Claim Present,No Gmo Claim Present,No Organic Claim Present,No Plant based claim,No Preservative-Free Claim Present,Non BFY
0001960005030,6078857.986,1517420.745,0,Single Serve,Non- Indulgent,Pepperoni,Others,Others,Pepperoni,Non-Veg,Red Sauce,No Gluten Claim Present,Mid Tier,Ao Crust,35.25 Oz,Large (>18 Oz),Conv Oven,Thick/Original,Regular Crust,6 Ct,Bag In Box,No Vegan Claim Present,No Natural Claim Present,No Gmo Claim Present,No Organic Claim Present,No Plant based claim,No Preservative-Free Claim Present,Non BFY
0000159038806,0,0,0,Single Serve,NA,NA,NA,NA,NA,NA,NA,NA,NA,NA,NA,NA,NA,NA,NA,NA,NA,NA,NA,NA,NA,NA,NA,NA
0001143311969,83051.94076,6253.117481,0,Single Serve,Non- Indulgent,Pepperoni,Others,Others,Pepperoni,Non-Veg,PL,No Gluten Claim Present,Value,Regular Crust,7.2 Oz,Small (<=10 Oz),Conv Oven,Thick/Original,Regular Crust,1 Ct,Box,No Vegan Claim Present,No Natural Claim Present,No Gmo Claim Present,No Organic Claim Present,No Plant based claim,No Preservative-Free Claim Present,Non BFY
0003913117050,978363.9923,146607.0568,0,Single Serve,NA,Cheese/Plain,Others,Others,Cheese/Plain,Vegetarian,NA,No Gluten Claim Present,Premium,Regular Crust,5.26 Oz,Small (<=10 Oz),Conv Oven,Thick/Original,NA,1 Ct,Over Wrap,No Vegan Claim Present,No Natural Claim Present,No Gmo Claim Present,No Organic Claim Present,No Plant based claim,No Preservative-Free Claim Present,Non BFY
0007192163595,0,0,1,Single Serve,Non- Indulgent,Meat Combos,Others,Deluxe/Supreme/Meat Combo,Meat Combos,PL,PL,No Gluten Claim Present,Value,Regular Crust,7.2 Oz,Small (<=10 Oz),Conv Oven,PL,PL,1 Ct,Box,No Vegan Claim Present,No Natural Claim Present,No Gmo Claim Present,No Organic Claim Present,No Plant based claim,No Preservative-Free Claim Present,Non BFY
0000411171571,0,0,0,Single Serve,NA,NA,NA,NA,NA,NA,NA,NA,NA,NA,NA,NA,NA,NA,NA,NA,NA,NA,NA,NA,NA,NA,NA,NA
0007192129233,0,0,1,Single Serve,Non- Indulgent,Meat Combos,Others,Deluxe/Supreme/Meat Combo,Meat Combos,PL,PL,No Gluten Claim Present,Value,Regular Crust,7.2 Oz,Small (<=10 Oz),Conv Oven,PL,PL,1 Ct,Box,No Vegan Claim Present,No Natural Claim Present,No Gmo Claim Present,No Organic Claim Present,No Plant based claim,No Preservative-Free Claim Present,Non BFY
0004280011520,34834275.16,10498197.01,0,Single Serve,Non- Indulgent,Meat Combos,Others,Deluxe/Supreme/Meat Combo,Meat Combos,PL,PL,No Gluten Claim Present,Value,Regular Crust,7.2 Oz,Small (<=10 Oz),Conv Oven,PL,PL,1 Ct,Box,No Vegan Claim Present,No Natural Claim Present,No Gmo Claim Present,No Organic Claim Present,No Plant based claim,No Preservative-Free Claim Present,Non BFY
0007192131440,0,0,1,Single Serve,Non- Indulgent,Meat Combos,Others,Deluxe/Supreme/Meat Combo,Meat Combos,PL,PL,No Gluten Claim Present,Value,Regular Crust,7.2 Oz,Small (<=10 Oz),Conv Oven,PL,PL,1 Ct,Box,No Vegan Claim Present,No Natural Claim Present,No Gmo Claim Present,No Organic Claim Present,No Plant based claim,No Preservative-Free Claim Present,Non BFY
0001380015180,0,0,1,Single Serve,Non- Indulgent,Pepperoni,Others,Others,Pepperoni,Non-Veg,PL,No Gluten Claim Present,Value,Regular Crust,7.2 Oz,Small (<=10 Oz),Conv Oven,Thick/Original,Regular Crust,1 Ct,Box,No Vegan Claim Present,No Natural Claim Present,No Gmo Claim Present,No Organic Claim Present,No Plant based claim,No Preservative-Free Claim Present,Non BFY
0007218068641,44707.49137,3782.15797,0,Single Serve,Non- Indulgent,Meat Combos,Others,Deluxe/Supreme/Meat Combo,Meat Combos,PL,PL,No Gluten Claim Present,Value,Regular Crust,7.2 Oz,Small (<=10 Oz),Conv Oven,PL,PL,1 Ct,Box,No Vegan Claim Present,No Natural Claim Present,No Gmo Claim Present,No Organic Claim Present,No Plant based claim,No Preservative-Free Claim Present,Non BFY
0007218076162,0,0,0,Single Serve,Non- Indulgent,Meat Combos,Others,Deluxe/Supreme/Meat Combo,Meat Combos,PL,PL,No Gluten Claim Present,Value,Regular Crust,7.2 Oz,Small (<=10 Oz),Conv Oven,PL,PL,1 Ct,Box,No Vegan Claim Present,No Natural Claim Present,No Gmo Claim Present,No Organic Claim Present,No Plant based claim,No Preservative-Free Claim Present,Non BFY
0007218063243,20917183.91,3409857.041,0,Single Serve,Non- Indulgent,Meat Combos,Others,Deluxe/Supreme/Meat Combo,Meat Combos,PL,PL,No Gluten Claim Present,Value,Regular Crust,7.2 Oz,Small (<=10 Oz),Conv Oven,PL,PL,1 Ct,Box,No Vegan Claim Present,No Natural Claim Present,No Gmo Claim Present,No Organic Claim Present,No Plant based claim,No Preservative-Free Claim Present,Non BFY
0004280014048,299453.7206,142163.5155,0,Single Serve,Non- Indulgent,Meat Combos,Others,Deluxe/Supreme/Meat Combo,Meat Combos,PL,PL,No Gluten Claim Present,Value,Regular Crust,7.2 Oz,Small (<=10 Oz),Conv Oven,PL,PL,1 Ct,Box,No Vegan Claim Present,No Natural Claim Present,No Gmo Claim Present,No Organic Claim Present,No Plant based claim,No Preservative-Free Claim Present,Non BFY
0000589668745,0,0,0,Single Serve,NA,NA,NA,NA,NA,NA,NA,NA,NA,NA,NA,NA,NA,NA,NA,NA,NA,NA,NA,NA,NA,NA,NA,NA
0000480703998,0,0,0,Single Serve,NA,NA,NA,NA,NA,NA,NA,NA,NA,NA,NA,NA,NA,NA,NA,NA,NA,NA,NA,NA,NA,NA,NA,NA
0007192129551,3607427.548,328703.2045,1,Single Serve,Non- Indulgent,Meat Combos,Others,Deluxe/Supreme/Meat Combo,Meat Combos,PL,PL,No Gluten Claim Present,Value,Regular Crust,7.2 Oz,Small (<=10 Oz),Conv Oven,PL,PL,1 Ct,Box,No Vegan Claim Present,No Natural Claim Present,No Gmo Claim Present,No Organic Claim Present,No Plant based claim,No Preservative-Free Claim Present,Non BFY
0000591779356,0,0,0,Single Serve,NA,NA,NA,NA,NA,NA,NA,NA,NA,NA,NA,NA,NA,NA,NA,NA,NA,NA,NA,NA,NA,NA,NA,NA
0000100577749,0,0,0,Single Serve,NA,NA,NA,NA,NA,NA,NA,NA,NA,NA,NA,NA,NA,NA,NA,NA,NA,NA,NA,NA,NA,NA,NA,NA
0000015893329,0,0,0,Single Serve,NA,NA,NA,NA,NA,NA,NA,NA,NA,NA,NA,NA,NA,NA,NA,NA,NA,NA,NA,NA,NA,NA,NA,NA
0078512388682,0,0,0,Single Serve,Non- Indulgent,Pepperoni,Others,Others,Pepperoni,Non-Veg,NA,No Gluten Claim Present,Premium,Regular Crust,11.2 Oz,Medium (10-18 Oz),Conv Oven,Thick/Original,NA,2 Ct,Box,No Vegan Claim Present,No Natural Claim Present,No Gmo Claim Present,No Organic Claim Present,No Plant based claim,No Preservative-Free Claim Present,Non BFY
0000203834999,0,0,0,Single Serve,NA,NA,NA,NA,NA,NA,NA,NA,NA,NA,NA,NA,NA,NA,NA,NA,NA,NA,NA,NA,NA,NA,NA,NA
0008355408561,279146.6894,30303.40149,0,Single Serve,Non- Indulgent,Pepperoni,Others,Others,Pepperoni,PL,PL,No Gluten Claim Present,Value,Regular Crust,5.2 Oz,Small (<=10 Oz),Mw Or Conv Oven,PL,PL,1 Ct,Box,No Vegan Claim Present,No Natural Claim Present,No Gmo Claim Present,No Organic Claim Present,No Plant based claim,No Preservative-Free Claim Present,Non BFY
0009293429042,52042.06302,6009.4761,0,Single Serve,Non- Indulgent,Pepperoni,Others,Others,Pepperoni,PL,PL,No Gluten Claim Present,Value,Regular Crust,5.2 Oz,Small (<=10 Oz),Mw Or Conv Oven,PL,PL,1 Ct,Box,No Vegan Claim Present,No Natural Claim Present,No Gmo Claim Present,No Organic Claim Present,No Plant based claim,No Preservative-Free Claim Present,Non BFY
0001960004570,400907.9285,87138.78318,0,Single Serve,Non- Indulgent,Pepperoni,Others,Others,Pepperoni,Non-Veg,Red Sauce,No Gluten Claim Present,Mid Tier,Ao Crust,35.25 Oz,Large (>18 Oz),Conv Oven,Thick/Original,Regular Crust,6 Ct,Bag In Box,No Vegan Claim Present,No Natural Claim Present,No Gmo Claim Present,No Organic Claim Present,No Plant based claim,No Preservative-Free Claim Present,Non BFY
0073178913026,16514.44078,777.8449405,0,Single Serve,Non- Indulgent,Pepperoni,Others,Others,Pepperoni,Non-Veg,NA,No Gluten Claim Present,Premium,Regular Crust,11.2 Oz,Medium (10-18 Oz),Conv Oven,Thick/Original,NA,2 Ct,Box,No Vegan Claim Present,No Natural Claim Present,No Gmo Claim Present,No Organic Claim Present,No Plant based claim,No Preservative-Free Claim Present,Non BFY
0001058019974,4472747.438,516248.9886,0,Single Serve,Non- Indulgent,Pepperoni,Others,Others,Pepperoni,Non-Veg,PL,No Gluten Claim Present,Value,Regular Crust,7.2 Oz,Small (<=10 Oz),Conv Oven,Thick/Original,Regular Crust,1 Ct,Box,No Vegan Claim Present,No Natural Claim Present,No Gmo Claim Present,No Organic Claim Present,No Plant based claim,No Preservative-Free Claim Present,Non BFY
0001960004400,1645000.305,413473.5283,0,Single Serve,Non- Indulgent,Pepperoni,Others,Others,Pepperoni,Non-Veg,Red Sauce,No Gluten Claim Present,Mid Tier,Ao Crust,35.25 Oz,Large (>18 Oz),Conv Oven,Thick/Original,Regular Crust,6 Ct,Bag In Box,No Vegan Claim Present,No Natural Claim Present,No Gmo Claim Present,No Organic Claim Present,No Plant based claim,No Preservative-Free Claim Present,Non BFY
0000567860680,0,0,0,Single Serve,NA,NA,NA,NA,NA,NA,NA,NA,NA,NA,NA,NA,NA,NA,NA,NA,NA,NA,NA,NA,NA,NA,NA,NA
0000100577747,0,0,0,Single Serve,NA,NA,NA,NA,NA,NA,NA,NA,NA,NA,NA,NA,NA,NA,NA,NA,NA,NA,NA,NA,NA,NA,NA,NA
0001143313484,0,0,0,Single Serve,Non- Indulgent,Pepperoni,Others,Others,Pepperoni,Non-Veg,PL,No Gluten Claim Present,Value,Regular Crust,7.2 Oz,Small (<=10 Oz),Conv Oven,Thick/Original,Regular Crust,1 Ct,Box,No Vegan Claim Present,No Natural Claim Present,No Gmo Claim Present,No Organic Claim Present,No Plant based claim,No Preservative-Free Claim Present,Non BFY
0007218063750,0,0,0,Single Serve,Non- Indulgent,Meat Combos,Others,Deluxe/Supreme/Meat Combo,Meat Combos,PL,PL,No Gluten Claim Present,Value,Regular Crust,7.2 Oz,Small (<=10 Oz),Conv Oven,PL,PL,1 Ct,Box,No Vegan Claim Present,No Natural Claim Present,No Gmo Claim Present,No Organic Claim Present,No Plant based claim,No Preservative-Free Claim Present,Non BFY
0000099234507,0,0,0,Single Serve,NA,NA,NA,NA,NA,NA,NA,NA,NA,NA,NA,NA,NA,NA,NA,NA,NA,NA,NA,NA,NA,NA,NA,NA
0000336363380,0,0,0,Single Serve,NA,NA,NA,NA,NA,NA,NA,NA,NA,NA,NA,NA,NA,NA,NA,NA,NA,NA,NA,NA,NA,NA,NA,NA
0007218074924,2051.314758,1235.588612,0,Single Serve,Non- Indulgent,Meat Combos,Others,Deluxe/Supreme/Meat Combo,Meat Combos,PL,PL,No Gluten Claim Present,Value,Regular Crust,7.2 Oz,Small (<=10 Oz),Conv Oven,PL,PL,1 Ct,Box,No Vegan Claim Present,No Natural Claim Present,No Gmo Claim Present,No Organic Claim Present,No Plant based claim,No Preservative-Free Claim Present,Non BFY
0007748500020,35314.39502,6103.424638,0,Single Serve,Non- Indulgent,Pepperoni,Others,Others,Pepperoni,PL,PL,No Gluten Claim Present,Value,Regular Crust,5.2 Oz,Small (<=10 Oz),Mw Or Conv Oven,PL,PL,1 Ct,Box,No Vegan Claim Present,No Natural Claim Present,No Gmo Claim Present,No Organic Claim Present,No Plant based claim,No Preservative-Free Claim Present,Non BFY
0000753783159,1000908.473,140628.5459,0,Single Serve,NA,NA,NA,NA,NA,NA,NA,NA,NA,NA,NA,NA,NA,NA,NA,NA,NA,NA,NA,NA,NA,NA,NA,NA
0007218063527,47830.37108,6799.206001,0,Single Serve,Non- Indulgent,Meat Combos,Others,Deluxe/Supreme/Meat Combo,Meat Combos,PL,PL,No Gluten Claim Present,Value,Regular Crust,7.2 Oz,Small (<=10 Oz),Conv Oven,PL,PL,1 Ct,Box,No Vegan Claim Present,No Natural Claim Present,No Gmo Claim Present,No Organic Claim Present,No Plant based claim,No Preservative-Free Claim Present,Non BFY
0270071755188,0,0,1,Single Serve,Non- Indulgent,Pepperoni,Others,Others,Pepperoni,Non-Veg,NA,No Gluten Claim Present,Premium,Regular Crust,11.2 Oz,Medium (10-18 Oz),Conv Oven,Thick/Original,NA,2 Ct,Box,No Vegan Claim Present,No Natural Claim Present,No Gmo Claim Present,No Organic Claim Present,No Plant based claim,No Preservative-Free Claim Present,Non BFY
0000030359059,0,0,0,Single Serve,NA,NA,NA,NA,NA,NA,NA,NA,NA,NA,NA,NA,NA,NA,NA,NA,NA,NA,NA,NA,NA,NA,NA,NA
0001045366792,796887.4021,240034.5236,0,Single Serve,Non- Indulgent,Pepperoni,Others,Others,Pepperoni,Non-Veg,PL,No Gluten Claim Present,Value,Regular Crust,7.2 Oz,Small (<=10 Oz),Conv Oven,Thick/Original,Regular Crust,1 Ct,Box,No Vegan Claim Present,No Natural Claim Present,No Gmo Claim Present,No Organic Claim Present,No Plant based claim,No Preservative-Free Claim Present,Non BFY
0064413522669,45058.4418,1864.476126,0,Single Serve,Non- Indulgent,Pepperoni,Others,Others,Pepperoni,Non-Veg,NA,No Gluten Claim Present,Premium,Regular Crust,11.2 Oz,Medium (10-18 Oz),Conv Oven,Thick/Original,NA,2 Ct,Box,No Vegan Claim Present,No Natural Claim Present,No Gmo Claim Present,No Organic Claim Present,No Plant based claim,No Preservative-Free Claim Present,Non BFY
0000927495846,0,0,0,Single Serve,NA,NA,NA,NA,NA,NA,NA,NA,NA,NA,NA,NA,NA,NA,NA,NA,NA,NA,NA,NA,NA,NA,NA,NA
0000210003863,449458.7444,124573.04,0,Single Serve,NA,NA,NA,NA,NA,NA,NA,NA,NA,NA,NA,NA,NA,NA,NA,NA,NA,NA,NA,NA,NA,NA,NA,NA
0000387379258,0,0,0,Single Serve,NA,NA,NA,NA,NA,NA,NA,NA,NA,NA,NA,NA,NA,NA,NA,NA,NA,NA,NA,NA,NA,NA,NA,NA
0085832400676,0,0,0,Single Serve,Non- Indulgent,Pepperoni,Others,Others,Pepperoni,Non-Veg,NA,No Gluten Claim Present,Premium,Regular Crust,11.2 Oz,Medium (10-18 Oz),Conv Oven,Thick/Original,NA,2 Ct,Box,No Vegan Claim Present,No Natural Claim Present,No Gmo Claim Present,No Organic Claim Present,No Plant based claim,No Preservative-Free Claim Present,Non BFY
0007192118344,0,0,1,Single Serve,Non- Indulgent,Meat Combos,Others,Deluxe/Supreme/Meat Combo,Meat Combos,PL,PL,No Gluten Claim Present,Value,Regular Crust,7.2 Oz,Small (<=10 Oz),Conv Oven,PL,PL,1 Ct,Box,No Vegan Claim Present,No Natural Claim Present,No Gmo Claim Present,No Organic Claim Present,No Plant based claim,No Preservative-Free Claim Present,Non BFY
0073415894892,0,0,0,Single Serve,Non- Indulgent,Pepperoni,Others,Others,Pepperoni,Non-Veg,NA,No Gluten Claim Present,Premium,Regular Crust,11.2 Oz,Medium (10-18 Oz),Conv Oven,Thick/Original,NA,2 Ct,Box,No Vegan Claim Present,No Natural Claim Present,No Gmo Claim Present,No Organic Claim Present,No Plant based claim,No Preservative-Free Claim Present,Non BFY
0061529569744,2688.674962,342.615026,0,Single Serve,Non- Indulgent,Pepperoni,Others,Others,Pepperoni,Non-Veg,NA,No Gluten Claim Present,Premium,Regular Crust,11.2 Oz,Medium (10-18 Oz),Conv Oven,Thick/Original,NA,2 Ct,Box,No Vegan Claim Present,No Natural Claim Present,No Gmo Claim Present,No Organic Claim Present,No Plant based claim,No Preservative-Free Claim Present,Non BFY
0004309856295,47557.91924,5036.998143,0,Single Serve,Non- Indulgent,Meat Combos,Others,Deluxe/Supreme/Meat Combo,Meat Combos,PL,PL,No Gluten Claim Present,Value,Regular Crust,7.2 Oz,Small (<=10 Oz),Conv Oven,PL,PL,1 Ct,Box,No Vegan Claim Present,No Natural Claim Present,No Gmo Claim Present,No Organic Claim Present,No Plant based claim,No Preservative-Free Claim Present,Non BFY
0000266243742,14.64,4.2,0,Single Serve,NA,NA,NA,NA,NA,NA,NA,NA,NA,NA,NA,NA,NA,NA,NA,NA,NA,NA,NA,NA,NA,NA,NA,NA
0273200008877,0,0,1,Single Serve,Non- Indulgent,Pepperoni,Others,Others,Pepperoni,Non-Veg,NA,No Gluten Claim Present,Premium,Regular Crust,11.2 Oz,Medium (10-18 Oz),Conv Oven,Thick/Original,NA,2 Ct,Box,No Vegan Claim Present,No Natural Claim Present,No Gmo Claim Present,No Organic Claim Present,No Plant based claim,No Preservative-Free Claim Present,Non BFY
0000316858149,8.441738938,0.875573781,0,Single Serve,NA,NA,NA,NA,NA,NA,NA,NA,NA,NA,NA,NA,NA,NA,NA,NA,NA,NA,NA,NA,NA,NA,NA,NA
0004280047645,1225523.873,391036.0229,0,Single Serve,Non- Indulgent,Meat Combos,Others,Deluxe/Supreme/Meat Combo,Meat Combos,PL,PL,No Gluten Claim Present,Value,Regular Crust,7.2 Oz,Small (<=10 Oz),Conv Oven,PL,PL,1 Ct,Box,No Vegan Claim Present,No Natural Claim Present,No Gmo Claim Present,No Organic Claim Present,No Plant based claim,No Preservative-Free Claim Present,Non BFY
0001380080717,237.7191855,56.07386076,1,Single Serve,Non- Indulgent,Pepperoni,Others,Others,Pepperoni,Non-Veg,Red Sauce,No Gluten Claim Present,Mid Tier,Ao Crust,35.25 Oz,Large (>18 Oz),Conv Oven,Thick/Original,Regular Crust,6 Ct,Bag In Box,No Vegan Claim Present,No Natural Claim Present,No Gmo Claim Present,No Organic Claim Present,No Plant based claim,No Preservative-Free Claim Present,Non BFY
0000462437568,0,0,0,Single Serve,NA,NA,NA,NA,NA,NA,NA,NA,NA,NA,NA,NA,NA,NA,NA,NA,NA,NA,NA,NA,NA,NA,NA,NA
0007218050124,831411.9793,120853.8458,0,Single Serve,Non- Indulgent,Meat Combos,Others,Deluxe/Supreme/Meat Combo,Meat Combos,PL,PL,No Gluten Claim Present,Value,Regular Crust,7.2 Oz,Small (<=10 Oz),Conv Oven,PL,PL,1 Ct,Box,No Vegan Claim Present,No Natural Claim Present,No Gmo Claim Present,No Organic Claim Present,No Plant based claim,No Preservative-Free Claim Present,Non BFY
0000000602961,0,0,0,Single Serve,NA,NA,NA,NA,NA,NA,NA,NA,NA,NA,NA,NA,NA,NA,NA,NA,NA,NA,NA,NA,NA,NA,NA,NA
0004280010762,9828.108,3746.131448,0,Single Serve,Non- Indulgent,Meat Combos,Others,Deluxe/Supreme/Meat Combo,Meat Combos,PL,PL,No Gluten Claim Present,Value,Regular Crust,7.2 Oz,Small (<=10 Oz),Conv Oven,PL,PL,1 Ct,Box,No Vegan Claim Present,No Natural Claim Present,No Gmo Claim Present,No Organic Claim Present,No Plant based claim,No Preservative-Free Claim Present,Non BFY
0063927792358,0,0,0,Single Serve,Non- Indulgent,Pepperoni,Others,Others,Pepperoni,Non-Veg,NA,No Gluten Claim Present,Premium,Regular Crust,11.2 Oz,Medium (10-18 Oz),Conv Oven,Thick/Original,NA,2 Ct,Box,No Vegan Claim Present,No Natural Claim Present,No Gmo Claim Present,No Organic Claim Present,No Plant based claim,No Preservative-Free Claim Present,Non BFY
0000349249700,1371843.708,427545.3647,0,Single Serve,NA,NA,NA,NA,NA,NA,NA,NA,NA,NA,NA,NA,NA,NA,NA,NA,NA,NA,NA,NA,NA,NA,NA,NA
0001201980688,14942.60182,2324.877141,0,Single Serve,Non- Indulgent,Pepperoni,Others,Others,Pepperoni,Non-Veg,PL,No Gluten Claim Present,Value,Regular Crust,7.2 Oz,Small (<=10 Oz),Conv Oven,Thick/Original,Regular Crust,1 Ct,Box,No Vegan Claim Present,No Natural Claim Present,No Gmo Claim Present,No Organic Claim Present,No Plant based claim,No Preservative-Free Claim Present,Non BFY
0003100001149,28232.10163,4790.077763,0,Single Serve,Non- Indulgent,Pepperoni,Others,Others,Pepperoni,Non-Veg,Red Sauce,No Gluten Claim Present,Mid Tier,Ao Crust,35.25 Oz,Large (>18 Oz),Conv Oven,Thick/Original,Regular Crust,6 Ct,Bag In Box,No Vegan Claim Present,No Natural Claim Present,No Gmo Claim Present,No Organic Claim Present,No Plant based claim,No Preservative-Free Claim Present,Non BFY
0004111800909,14651.06728,3194.135103,0,Single Serve,Non- Indulgent,Meat Combos,Others,Deluxe/Supreme/Meat Combo,Meat Combos,PL,PL,No Gluten Claim Present,Value,Regular Crust,7.2 Oz,Small (<=10 Oz),Conv Oven,PL,PL,1 Ct,Box,No Vegan Claim Present,No Natural Claim Present,No Gmo Claim Present,No Organic Claim Present,No Plant based claim,No Preservative-Free Claim Present,Non BFY
0000017006988,1.472659256,0.34353407,0,Single Serve,NA,NA,NA,NA,NA,NA,NA,NA,NA,NA,NA,NA,NA,NA,NA,NA,NA,NA,NA,NA,NA,NA,NA,NA
0072180733665,0,0,0,Single Serve,Non- Indulgent,Pepperoni,Others,Others,Pepperoni,Non-Veg,NA,No Gluten Claim Present,Premium,Regular Crust,11.2 Oz,Medium (10-18 Oz),Conv Oven,Thick/Original,NA,2 Ct,Box,No Vegan Claim Present,No Natural Claim Present,No Gmo Claim Present,No Organic Claim Present,No Plant based claim,No Preservative-Free Claim Present,Non BFY
0087282400880,302493.4351,95159.06019,0,Single Serve,Non- Indulgent,Pepperoni,Others,Others,Pepperoni,Non-Veg,NA,No Gluten Claim Present,Premium,Regular Crust,11.2 Oz,Medium (10-18 Oz),Conv Oven,Thick/Original,NA,2 Ct,Box,No Vegan Claim Present,No Natural Claim Present,No Gmo Claim Present,No Organic Claim Present,No Plant based claim,No Preservative-Free Claim Present,Non BFY
0087282400843,0,0,0,Single Serve,Non- Indulgent,Pepperoni,Others,Others,Pepperoni,Non-Veg,NA,No Gluten Claim Present,Premium,Regular Crust,11.2 Oz,Medium (10-18 Oz),Conv Oven,Thick/Original,NA,2 Ct,Box,No Vegan Claim Present,No Natural Claim Present,No Gmo Claim Present,No Organic Claim Present,No Plant based claim,No Preservative-Free Claim Present,Non BFY
0007465389801,139808.6885,35367.78576,1,Single Serve,Non- Indulgent,Meat Combos,Others,Deluxe/Supreme/Meat Combo,Meat Combos,PL,PL,No Gluten Claim Present,Value,Regular Crust,7.2 Oz,Small (<=10 Oz),Conv Oven,PL,PL,1 Ct,Box,No Vegan Claim Present,No Natural Claim Present,No Gmo Claim Present,No Organic Claim Present,No Plant based claim,No Preservative-Free Claim Present,Non BFY
0007192162610,0,0,1,Single Serve,Non- Indulgent,Meat Combos,Others,Deluxe/Supreme/Meat Combo,Meat Combos,PL,PL,No Gluten Claim Present,Value,Regular Crust,7.2 Oz,Small (<=10 Oz),Conv Oven,PL,PL,1 Ct,Box,No Vegan Claim Present,No Natural Claim Present,No Gmo Claim Present,No Organic Claim Present,No Plant based claim,No Preservative-Free Claim Present,Non BFY
0004309856294,34008.87575,4136.203733,0,Single Serve,Non- Indulgent,Meat Combos,Others,Deluxe/Supreme/Meat Combo,Meat Combos,PL,PL,No Gluten Claim Present,Value,Regular Crust,7.2 Oz,Small (<=10 Oz),Conv Oven,PL,PL,1 Ct,Box,No Vegan Claim Present,No Natural Claim Present,No Gmo Claim Present,No Organic Claim Present,No Plant based claim,No Preservative-Free Claim Present,Non BFY
0085832400605,0,0,0,Single Serve,Non- Indulgent,Pepperoni,Others,Others,Pepperoni,Non-Veg,NA,No Gluten Claim Present,Premium,Regular Crust,11.2 Oz,Medium (10-18 Oz),Conv Oven,Thick/Original,NA,2 Ct,Box,No Vegan Claim Present,No Natural Claim Present,No Gmo Claim Present,No Organic Claim Present,No Plant based claim,No Preservative-Free Claim Present,Non BFY
0000023880202,0,0,0,Single Serve,NA,NA,NA,NA,NA,NA,NA,NA,NA,NA,NA,NA,NA,NA,NA,NA,NA,NA,NA,NA,NA,NA,NA,NA
0007192153138,0,0,1,Single Serve,Non- Indulgent,Meat Combos,Others,Deluxe/Supreme/Meat Combo,Meat Combos,PL,PL,No Gluten Claim Present,Value,Regular Crust,7.2 Oz,Small (<=10 Oz),Conv Oven,PL,PL,1 Ct,Box,No Vegan Claim Present,No Natural Claim Present,No Gmo Claim Present,No Organic Claim Present,No Plant based claim,No Preservative-Free Claim Present,Non BFY
0000335810079,0,0,0,Single Serve,NA,NA,NA,NA,NA,NA,NA,NA,NA,NA,NA,NA,NA,NA,NA,NA,NA,NA,NA,NA,NA,NA,NA,NA
0007570630747,5392.073236,1400.737058,0,Single Serve,Non- Indulgent,Pepperoni,Others,Others,Pepperoni,PL,PL,No Gluten Claim Present,Value,Regular Crust,5.2 Oz,Small (<=10 Oz),Mw Or Conv Oven,PL,PL,1 Ct,Box,No Vegan Claim Present,No Natural Claim Present,No Gmo Claim Present,No Organic Claim Present,No Plant based claim,No Preservative-Free Claim Present,Non BFY
0086000058080,0,0,0,Single Serve,Non- Indulgent,Pepperoni,Others,Others,Pepperoni,Non-Veg,NA,No Gluten Claim Present,Premium,Regular Crust,11.2 Oz,Medium (10-18 Oz),Conv Oven,Thick/Original,NA,2 Ct,Box,No Vegan Claim Present,No Natural Claim Present,No Gmo Claim Present,No Organic Claim Present,No Plant based claim,No Preservative-Free Claim Present,Non BFY
0000060216137,4611786.96,1772410.932,0,Single Serve,NA,NA,NA,NA,NA,NA,NA,NA,NA,NA,NA,NA,NA,NA,NA,NA,NA,NA,NA,NA,NA,NA,NA,NA
0000043344298,0,0,0,Single Serve,NA,NA,NA,NA,NA,NA,NA,NA,NA,NA,NA,NA,NA,NA,NA,NA,NA,NA,NA,NA,NA,NA,NA,NA
0085608200760,0,0,0,Single Serve,Non- Indulgent,Pepperoni,Others,Others,Pepperoni,Non-Veg,NA,No Gluten Claim Present,Premium,Regular Crust,11.2 Oz,Medium (10-18 Oz),Conv Oven,Thick/Original,NA,2 Ct,Box,No Vegan Claim Present,No Natural Claim Present,No Gmo Claim Present,No Organic Claim Present,No Plant based claim,No Preservative-Free Claim Present,Non BFY
0001380015116,7693.046404,1628.778456,1,Single Serve,Non- Indulgent,Pepperoni,Others,Others,Pepperoni,Non-Veg,PL,No Gluten Claim Present,Value,Regular Crust,7.2 Oz,Small (<=10 Oz),Conv Oven,Thick/Original,Regular Crust,1 Ct,Box,No Vegan Claim Present,No Natural Claim Present,No Gmo Claim Present,No Organic Claim Present,No Plant based claim,No Preservative-Free Claim Present,Non BFY
0080487952498,1103901.874,64764.46158,0,Single Serve,Non- Indulgent,Pepperoni,Others,Others,Pepperoni,Non-Veg,NA,No Gluten Claim Present,Premium,Regular Crust,11.2 Oz,Medium (10-18 Oz),Conv Oven,Thick/Original,NA,2 Ct,Box,No Vegan Claim Present,No Natural Claim Present,No Gmo Claim Present,No Organic Claim Present,No Plant based claim,No Preservative-Free Claim Present,Non BFY
0007192132557,0,0,1,Single Serve,Non- Indulgent,Meat Combos,Others,Deluxe/Supreme/Meat Combo,Meat Combos,PL,PL,No Gluten Claim Present,Value,Regular Crust,7.2 Oz,Small (<=10 Oz),Conv Oven,PL,PL,1 Ct,Box,No Vegan Claim Present,No Natural Claim Present,No Gmo Claim Present,No Organic Claim Present,No Plant based claim,No Preservative-Free Claim Present,Non BFY
0270071778164,0,0,1,Single Serve,Non- Indulgent,Pepperoni,Others,Others,Pepperoni,Non-Veg,NA,No Gluten Claim Present,Premium,Regular Crust,11.2 Oz,Medium (10-18 Oz),Conv Oven,Thick/Original,NA,2 Ct,Box,No Vegan Claim Present,No Natural Claim Present,No Gmo Claim Present,No Organic Claim Present,No Plant based claim,No Preservative-Free Claim Present,Non BFY
0270071171157,0,0,1,Single Serve,Non- Indulgent,Pepperoni,Others,Others,Pepperoni,Non-Veg,NA,No Gluten Claim Present,Premium,Regular Crust,11.2 Oz,Medium (10-18 Oz),Conv Oven,Thick/Original,NA,2 Ct,Box,No Vegan Claim Present,No Natural Claim Present,No Gmo Claim Present,No Organic Claim Present,No Plant based claim,No Preservative-Free Claim Present,Non BFY
0007570630587,386184.6689,43920.11525,0,Single Serve,Non- Indulgent,Pepperoni,Others,Others,Pepperoni,PL,PL,No Gluten Claim Present,Value,Regular Crust,5.2 Oz,Small (<=10 Oz),Mw Or Conv Oven,PL,PL,1 Ct,Box,No Vegan Claim Present,No Natural Claim Present,No Gmo Claim Present,No Organic Claim Present,No Plant based claim,No Preservative-Free Claim Present,Non BFY
0000503786789,3.541788751,0.62479337,0,Single Serve,NA,NA,NA,NA,NA,NA,NA,NA,NA,NA,NA,NA,NA,NA,NA,NA,NA,NA,NA,NA,NA,NA,NA,NA
0007738711423,0,0,0,Single Serve,Non- Indulgent,Pepperoni,Others,Others,Pepperoni,PL,PL,No Gluten Claim Present,Value,Regular Crust,5.2 Oz,Small (<=10 Oz),Mw Or Conv Oven,PL,PL,1 Ct,Box,No Vegan Claim Present,No Natural Claim Present,No Gmo Claim Present,No Organic Claim Present,No Plant based claim,No Preservative-Free Claim Present,Non BFY
0000000602585,6.855647814,1.807288527,0,Single Serve,NA,NA,NA,NA,NA,NA,NA,NA,NA,NA,NA,NA,NA,NA,NA,NA,NA,NA,NA,NA,NA,NA,NA,NA
0007192149139,676.3034634,101.9304086,1,Single Serve,Non- Indulgent,Meat Combos,Others,Deluxe/Supreme/Meat Combo,Meat Combos,PL,PL,No Gluten Claim Present,Value,Regular Crust,7.2 Oz,Small (<=10 Oz),Conv Oven,PL,PL,1 Ct,Box,No Vegan Claim Present,No Natural Claim Present,No Gmo Claim Present,No Organic Claim Present,No Plant based claim,No Preservative-Free Claim Present,Non BFY
0019589358222,0,0,0,Single Serve,Non- Indulgent,Pepperoni,Others,Others,Pepperoni,PL,PL,No Gluten Claim Present,Value,Regular Crust,5.2 Oz,Small (<=10 Oz),Mw Or Conv Oven,PL,PL,1 Ct,Box,No Vegan Claim Present,No Natural Claim Present,No Gmo Claim Present,No Organic Claim Present,No Plant based claim,No Preservative-Free Claim Present,Non BFY
0002113528634,0,0,0,Single Serve,Non- Indulgent,Pepperoni,Others,Others,Pepperoni,Non-Veg,Red Sauce,No Gluten Claim Present,Mid Tier,Ao Crust,35.25 Oz,Large (>18 Oz),Conv Oven,Thick/Original,Regular Crust,6 Ct,Bag In Box,No Vegan Claim Present,No Natural Claim Present,No Gmo Claim Present,No Organic Claim Present,No Plant based claim,No Preservative-Free Claim Present,Non BFY
0004280048589,24761210.11,8572564.65,0,Single Serve,Non- Indulgent,Meat Combos,Others,Deluxe/Supreme/Meat Combo,Meat Combos,PL,PL,No Gluten Claim Present,Value,Regular Crust,7.2 Oz,Small (<=10 Oz),Conv Oven,PL,PL,1 Ct,Box,No Vegan Claim Present,No Natural Claim Present,No Gmo Claim Present,No Organic Claim Present,No Plant based claim,No Preservative-Free Claim Present,Non BFY
0007218073432,0,0,0,Single Serve,Non- Indulgent,Meat Combos,Others,Deluxe/Supreme/Meat Combo,Meat Combos,PL,PL,No Gluten Claim Present,Value,Regular Crust,7.2 Oz,Small (<=10 Oz),Conv Oven,PL,PL,1 Ct,Box,No Vegan Claim Present,No Natural Claim Present,No Gmo Claim Present,No Organic Claim Present,No Plant based claim,No Preservative-Free Claim Present,Non BFY
0085832400618,0,0,0,Single Serve,Non- Indulgent,Pepperoni,Others,Others,Pepperoni,Non-Veg,NA,No Gluten Claim Present,Premium,Regular Crust,11.2 Oz,Medium (10-18 Oz),Conv Oven,Thick/Original,NA,2 Ct,Box,No Vegan Claim Present,No Natural Claim Present,No Gmo Claim Present,No Organic Claim Present,No Plant based claim,No Preservative-Free Claim Present,Non BFY
0019056912485,0,0,0,Single Serve,Non- Indulgent,Pepperoni,Others,Others,Pepperoni,PL,PL,No Gluten Claim Present,Value,Regular Crust,5.2 Oz,Small (<=10 Oz),Mw Or Conv Oven,PL,PL,1 Ct,Box,No Vegan Claim Present,No Natural Claim Present,No Gmo Claim Present,No Organic Claim Present,No Plant based claim,No Preservative-Free Claim Present,Non BFY
0065216001757,7738.039378,916.5654854,0,Single Serve,Non- Indulgent,Pepperoni,Others,Others,Pepperoni,Non-Veg,NA,No Gluten Claim Present,Premium,Regular Crust,11.2 Oz,Medium (10-18 Oz),Conv Oven,Thick/Original,NA,2 Ct,Box,No Vegan Claim Present,No Natural Claim Present,No Gmo Claim Present,No Organic Claim Present,No Plant based claim,No Preservative-Free Claim Present,Non BFY
0007218073367,42702318.59,7047678.729,0,Single Serve,Non- Indulgent,Meat Combos,Others,Deluxe/Supreme/Meat Combo,Meat Combos,PL,PL,No Gluten Claim Present,Value,Regular Crust,7.2 Oz,Small (<=10 Oz),Conv Oven,PL,PL,1 Ct,Box,No Vegan Claim Present,No Natural Claim Present,No Gmo Claim Present,No Organic Claim Present,No Plant based claim,No Preservative-Free Claim Present,Non BFY
0069224385287,0,0,0,Single Serve,Non- Indulgent,Pepperoni,Others,Others,Pepperoni,Non-Veg,NA,No Gluten Claim Present,Premium,Regular Crust,11.2 Oz,Medium (10-18 Oz),Conv Oven,Thick/Original,NA,2 Ct,Box,No Vegan Claim Present,No Natural Claim Present,No Gmo Claim Present,No Organic Claim Present,No Plant based claim,No Preservative-Free Claim Present,Non BFY
0000468599273,0,0,0,Single Serve,NA,NA,NA,NA,NA,NA,NA,NA,NA,NA,NA,NA,NA,NA,NA,NA,NA,NA,NA,NA,NA,NA,NA,NA
0001960004760,0,0,0,Single Serve,Non- Indulgent,Pepperoni,Others,Others,Pepperoni,Non-Veg,Red Sauce,No Gluten Claim Present,Mid Tier,Ao Crust,35.25 Oz,Large (>18 Oz),Conv Oven,Thick/Original,Regular Crust,6 Ct,Bag In Box,No Vegan Claim Present,No Natural Claim Present,No Gmo Claim Present,No Organic Claim Present,No Plant based claim,No Preservative-Free Claim Present,Non BFY
0007570630584,374051.077,46755.65254,0,Single Serve,Non- Indulgent,Pepperoni,Others,Others,Pepperoni,PL,PL,No Gluten Claim Present,Value,Regular Crust,5.2 Oz,Small (<=10 Oz),Mw Or Conv Oven,PL,PL,1 Ct,Box,No Vegan Claim Present,No Natural Claim Present,No Gmo Claim Present,No Organic Claim Present,No Plant based claim,No Preservative-Free Claim Present,Non BFY
0007570630586,250091.645,29224.71403,0,Single Serve,Non- Indulgent,Pepperoni,Others,Others,Pepperoni,PL,PL,No Gluten Claim Present,Value,Regular Crust,5.2 Oz,Small (<=10 Oz),Mw Or Conv Oven,PL,PL,1 Ct,Box,No Vegan Claim Present,No Natural Claim Present,No Gmo Claim Present,No Organic Claim Present,No Plant based claim,No Preservative-Free Claim Present,Non BFY
0004280043589,70918142.04,25348544.42,0,Single Serve,Non- Indulgent,Meat Combos,Others,Deluxe/Supreme/Meat Combo,Meat Combos,PL,PL,No Gluten Claim Present,Value,Regular Crust,7.2 Oz,Small (<=10 Oz),Conv Oven,PL,PL,1 Ct,Box,No Vegan Claim Present,No Natural Claim Present,No Gmo Claim Present,No Organic Claim Present,No Plant based claim,No Preservative-Free Claim Present,Non BFY
0000417236250,0,0,0,Single Serve,NA,NA,NA,NA,NA,NA,NA,NA,NA,NA,NA,NA,NA,NA,NA,NA,NA,NA,NA,NA,NA,NA,NA,NA
0007218063520,0,0,0,Single Serve,Non- Indulgent,Meat Combos,Others,Deluxe/Supreme/Meat Combo,Meat Combos,PL,PL,No Gluten Claim Present,Value,Regular Crust,7.2 Oz,Small (<=10 Oz),Conv Oven,PL,PL,1 Ct,Box,No Vegan Claim Present,No Natural Claim Present,No Gmo Claim Present,No Organic Claim Present,No Plant based claim,No Preservative-Free Claim Present,Non BFY
0001202007180,24793.31104,3493.331193,0,Single Serve,Non- Indulgent,Pepperoni,Others,Others,Pepperoni,Non-Veg,PL,No Gluten Claim Present,Value,Regular Crust,7.2 Oz,Small (<=10 Oz),Conv Oven,Thick/Original,Regular Crust,1 Ct,Box,No Vegan Claim Present,No Natural Claim Present,No Gmo Claim Present,No Organic Claim Present,No Plant based claim,No Preservative-Free Claim Present,Non BFY
0004227201326,905875.9703,52180.48641,0,Single Serve,Non- Indulgent,Meat Combos,Others,Deluxe/Supreme/Meat Combo,Meat Combos,PL,PL,No Gluten Claim Present,Value,Regular Crust,7.2 Oz,Small (<=10 Oz),Conv Oven,PL,PL,1 Ct,Box,No Vegan Claim Present,No Natural Claim Present,No Gmo Claim Present,No Organic Claim Present,No Plant based claim,No Preservative-Free Claim Present,Non BFY
0007390000557,0,0,0,Single Serve,Non- Indulgent,Meat Combos,Others,Deluxe/Supreme/Meat Combo,Meat Combos,PL,PL,No Gluten Claim Present,Value,Regular Crust,7.2 Oz,Small (<=10 Oz),Conv Oven,PL,PL,1 Ct,Box,No Vegan Claim Present,No Natural Claim Present,No Gmo Claim Present,No Organic Claim Present,No Plant based claim,No Preservative-Free Claim Present,Non BFY
0000000461671,0,0,1,Single Serve,NA,NA,NA,NA,NA,NA,NA,NA,NA,NA,NA,NA,NA,NA,NA,NA,NA,NA,NA,NA,NA,NA,NA,NA
0063927792366,0,0,0,Single Serve,Non- Indulgent,Pepperoni,Others,Others,Pepperoni,Non-Veg,NA,No Gluten Claim Present,Premium,Regular Crust,11.2 Oz,Medium (10-18 Oz),Conv Oven,Thick/Original,NA,2 Ct,Box,No Vegan Claim Present,No Natural Claim Present,No Gmo Claim Present,No Organic Claim Present,No Plant based claim,No Preservative-Free Claim Present,Non BFY
0000339401665,491620.4499,129691.8295,0,Single Serve,NA,NA,NA,NA,NA,NA,NA,NA,NA,NA,NA,NA,NA,NA,NA,NA,NA,NA,NA,NA,NA,NA,NA,NA
0007192159894,6786.892872,756.7675802,1,Single Serve,Non- Indulgent,Meat Combos,Others,Deluxe/Supreme/Meat Combo,Meat Combos,PL,PL,No Gluten Claim Present,Value,Regular Crust,7.2 Oz,Small (<=10 Oz),Conv Oven,PL,PL,1 Ct,Box,No Vegan Claim Present,No Natural Claim Present,No Gmo Claim Present,No Organic Claim Present,No Plant based claim,No Preservative-Free Claim Present,Non BFY
0069224360114,228648.4312,49055.29049,0,Single Serve,Non- Indulgent,Pepperoni,Others,Others,Pepperoni,Non-Veg,NA,No Gluten Claim Present,Premium,Regular Crust,11.2 Oz,Medium (10-18 Oz),Conv Oven,Thick/Original,NA,2 Ct,Box,No Vegan Claim Present,No Natural Claim Present,No Gmo Claim Present,No Organic Claim Present,No Plant based claim,No Preservative-Free Claim Present,Non BFY
0000336359265,0,0,0,Single Serve,NA,NA,NA,NA,NA,NA,NA,NA,NA,NA,NA,NA,NA,NA,NA,NA,NA,NA,NA,NA,NA,NA,NA,NA
0002057281496,0,0,0,Single Serve,Non- Indulgent,Pepperoni,Others,Others,Pepperoni,Non-Veg,Red Sauce,No Gluten Claim Present,Mid Tier,Ao Crust,35.25 Oz,Large (>18 Oz),Conv Oven,Thick/Original,Regular Crust,6 Ct,Bag In Box,No Vegan Claim Present,No Natural Claim Present,No Gmo Claim Present,No Organic Claim Present,No Plant based claim,No Preservative-Free Claim Present,Non BFY
0000531182636,2.907415226,0.77841264,0,Single Serve,NA,NA,NA,NA,NA,NA,NA,NA,NA,NA,NA,NA,NA,NA,NA,NA,NA,NA,NA,NA,NA,NA,NA,NA
0063927792370,0,0,0,Single Serve,Non- Indulgent,Pepperoni,Others,Others,Pepperoni,Non-Veg,NA,No Gluten Claim Present,Premium,Regular Crust,11.2 Oz,Medium (10-18 Oz),Conv Oven,Thick/Original,NA,2 Ct,Box,No Vegan Claim Present,No Natural Claim Present,No Gmo Claim Present,No Organic Claim Present,No Plant based claim,No Preservative-Free Claim Present,Non BFY
0007218063777,0,0,0,Single Serve,Non- Indulgent,Meat Combos,Others,Deluxe/Supreme/Meat Combo,Meat Combos,PL,PL,No Gluten Claim Present,Value,Regular Crust,7.2 Oz,Small (<=10 Oz),Conv Oven,PL,PL,1 Ct,Box,No Vegan Claim Present,No Natural Claim Present,No Gmo Claim Present,No Organic Claim Present,No Plant based claim,No Preservative-Free Claim Present,Non BFY
0085587300826,0,0,0,Single Serve,Non- Indulgent,Pepperoni,Others,Others,Pepperoni,Non-Veg,NA,No Gluten Claim Present,Premium,Regular Crust,11.2 Oz,Medium (10-18 Oz),Conv Oven,Thick/Original,NA,2 Ct,Box,No Vegan Claim Present,No Natural Claim Present,No Gmo Claim Present,No Organic Claim Present,No Plant based claim,No Preservative-Free Claim Present,Non BFY
0000462437506,0,0,0,Single Serve,NA,NA,NA,NA,NA,NA,NA,NA,NA,NA,NA,NA,NA,NA,NA,NA,NA,NA,NA,NA,NA,NA,NA,NA
0000024978644,0,0,0,Single Serve,NA,NA,NA,NA,NA,NA,NA,NA,NA,NA,NA,NA,NA,NA,NA,NA,NA,NA,NA,NA,NA,NA,NA,NA
0000482951693,2954875.189,1136061.862,0,Single Serve,NA,NA,NA,NA,NA,NA,NA,NA,NA,NA,NA,NA,NA,NA,NA,NA,NA,NA,NA,NA,NA,NA,NA,NA
0001960004670,566706.335,157224.775,0,Single Serve,Non- Indulgent,Pepperoni,Others,Others,Pepperoni,Non-Veg,Red Sauce,No Gluten Claim Present,Mid Tier,Ao Crust,35.25 Oz,Large (>18 Oz),Conv Oven,Thick/Original,Regular Crust,6 Ct,Bag In Box,No Vegan Claim Present,No Natural Claim Present,No Gmo Claim Present,No Organic Claim Present,No Plant based claim,No Preservative-Free Claim Present,Non BFY
0000743441631,59403.22,22106.25,0,Single Serve,NA,NA,NA,NA,NA,NA,NA,NA,NA,NA,NA,NA,NA,NA,NA,NA,NA,NA,NA,NA,NA,NA,NA,NA
0007218056634,0,0,0,Single Serve,Non- Indulgent,Meat Combos,Others,Deluxe/Supreme/Meat Combo,Meat Combos,PL,PL,No Gluten Claim Present,Value,Regular Crust,7.2 Oz,Small (<=10 Oz),Conv Oven,PL,PL,1 Ct,Box,No Vegan Claim Present,No Natural Claim Present,No Gmo Claim Present,No Organic Claim Present,No Plant based claim,No Preservative-Free Claim Present,Non BFY
0007192181141,0,0,1,Single Serve,Non- Indulgent,Meat Combos,Others,Deluxe/Supreme/Meat Combo,Meat Combos,PL,PL,No Gluten Claim Present,Value,Regular Crust,7.2 Oz,Small (<=10 Oz),Conv Oven,PL,PL,1 Ct,Box,No Vegan Claim Present,No Natural Claim Present,No Gmo Claim Present,No Organic Claim Present,No Plant based claim,No Preservative-Free Claim Present,Non BFY
0019816836909,60481.39583,2149.270521,0,Single Serve,Non- Indulgent,Pepperoni,Others,Others,Pepperoni,Non-Veg,NA,No Gluten Claim Present,Premium,Regular Crust,11.2 Oz,Medium (10-18 Oz),Conv Oven,Thick/Original,NA,2 Ct,Box,No Vegan Claim Present,No Natural Claim Present,No Gmo Claim Present,No Organic Claim Present,No Plant based claim,No Preservative-Free Claim Present,Non BFY
0000359443434,0,0,0,Single Serve,NA,NA,NA,NA,NA,NA,NA,NA,NA,NA,NA,NA,NA,NA,NA,NA,NA,NA,NA,NA,NA,NA,NA,NA
0085695200108,0,0,0,Single Serve,Non- Indulgent,Pepperoni,Others,Others,Pepperoni,Non-Veg,NA,No Gluten Claim Present,Premium,Regular Crust,11.2 Oz,Medium (10-18 Oz),Conv Oven,Thick/Original,NA,2 Ct,Box,No Vegan Claim Present,No Natural Claim Present,No Gmo Claim Present,No Organic Claim Present,No Plant based claim,No Preservative-Free Claim Present,Non BFY
0000231109326,2023105.409,764434.332,0,Single Serve,NA,NA,NA,NA,NA,NA,NA,NA,NA,NA,NA,NA,NA,NA,NA,NA,NA,NA,NA,NA,NA,NA,NA,NA
0007218063532,13641.46119,1726.147919,0,Single Serve,Non- Indulgent,Meat Combos,Others,Deluxe/Supreme/Meat Combo,Meat Combos,PL,PL,No Gluten Claim Present,Value,Regular Crust,7.2 Oz,Small (<=10 Oz),Conv Oven,PL,PL,1 Ct,Box,No Vegan Claim Present,No Natural Claim Present,No Gmo Claim Present,No Organic Claim Present,No Plant based claim,No Preservative-Free Claim Present,Non BFY
0001202007178,27283.09049,3853.618136,0,Single Serve,Non- Indulgent,Pepperoni,Others,Others,Pepperoni,Non-Veg,PL,No Gluten Claim Present,Value,Regular Crust,7.2 Oz,Small (<=10 Oz),Conv Oven,Thick/Original,Regular Crust,1 Ct,Box,No Vegan Claim Present,No Natural Claim Present,No Gmo Claim Present,No Organic Claim Present,No Plant based claim,No Preservative-Free Claim Present,Non BFY
0001143311968,21031.18591,2048.875482,0,Single Serve,Non- Indulgent,Pepperoni,Others,Others,Pepperoni,Non-Veg,PL,No Gluten Claim Present,Value,Regular Crust,7.2 Oz,Small (<=10 Oz),Conv Oven,Thick/Original,Regular Crust,1 Ct,Box,No Vegan Claim Present,No Natural Claim Present,No Gmo Claim Present,No Organic Claim Present,No Plant based claim,No Preservative-Free Claim Present,Non BFY
0270070883036,0,0,0,Single Serve,Non- Indulgent,Pepperoni,Others,Others,Pepperoni,Non-Veg,NA,No Gluten Claim Present,Premium,Regular Crust,11.2 Oz,Medium (10-18 Oz),Conv Oven,Thick/Original,NA,2 Ct,Box,No Vegan Claim Present,No Natural Claim Present,No Gmo Claim Present,No Organic Claim Present,No Plant based claim,No Preservative-Free Claim Present,Non BFY
0000040669758,0,0,0,Single Serve,NA,NA,NA,NA,NA,NA,NA,NA,NA,NA,NA,NA,NA,NA,NA,NA,NA,NA,NA,NA,NA,NA,NA,NA
0000954815274,5463762.429,1529705.517,0,Single Serve,Non- Indulgent,Pepperoni,Others,Others,Pepperoni,Non-Veg,PL,No Gluten Claim Present,Value,Regular Crust,7.2 Oz,Small (<=10 Oz),Conv Oven,Thick/Original,Regular Crust,1 Ct,Box,No Vegan Claim Present,No Natural Claim Present,No Gmo Claim Present,No Organic Claim Present,No Plant based claim,No Preservative-Free Claim Present,Non BFY
0007218076485,0,0,0,Single Serve,Non- Indulgent,Meat Combos,Others,Deluxe/Supreme/Meat Combo,Meat Combos,PL,PL,No Gluten Claim Present,Value,Regular Crust,7.2 Oz,Small (<=10 Oz),Conv Oven,PL,PL,1 Ct,Box,No Vegan Claim Present,No Natural Claim Present,No Gmo Claim Present,No Organic Claim Present,No Plant based claim,No Preservative-Free Claim Present,Non BFY
0000000602728,0,0,0,Single Serve,NA,NA,NA,NA,NA,NA,NA,NA,NA,NA,NA,NA,NA,NA,NA,NA,NA,NA,NA,NA,NA,NA,NA,NA
0007218073377,0,0,0,Single Serve,Non- Indulgent,Meat Combos,Others,Deluxe/Supreme/Meat Combo,Meat Combos,PL,PL,No Gluten Claim Present,Value,Regular Crust,7.2 Oz,Small (<=10 Oz),Conv Oven,PL,PL,1 Ct,Box,No Vegan Claim Present,No Natural Claim Present,No Gmo Claim Present,No Organic Claim Present,No Plant based claim,No Preservative-Free Claim Present,Non BFY
0000531183150,0,0,0,Single Serve,NA,NA,NA,NA,NA,NA,NA,NA,NA,NA,NA,NA,NA,NA,NA,NA,NA,NA,NA,NA,NA,NA,NA,NA
0000600560673,0,0,0,Single Serve,NA,NA,NA,NA,NA,NA,NA,NA,NA,NA,NA,NA,NA,NA,NA,NA,NA,NA,NA,NA,NA,NA,NA,NA
0000808598759,0,0,0,Single Serve,NA,NA,NA,NA,NA,NA,NA,NA,NA,NA,NA,NA,NA,NA,NA,NA,NA,NA,NA,NA,NA,NA,NA,NA
0073178943010,68.49219443,8.246142715,0,Single Serve,Non- Indulgent,Pepperoni,Others,Others,Pepperoni,Non-Veg,NA,No Gluten Claim Present,Premium,Regular Crust,11.2 Oz,Medium (10-18 Oz),Conv Oven,Thick/Original,NA,2 Ct,Box,No Vegan Claim Present,No Natural Claim Present,No Gmo Claim Present,No Organic Claim Present,No Plant based claim,No Preservative-Free Claim Present,Non BFY
0083041500901,2278.901763,132.8940316,0,Single Serve,Non- Indulgent,Pepperoni,Others,Others,Pepperoni,Non-Veg,NA,No Gluten Claim Present,Premium,Regular Crust,11.2 Oz,Medium (10-18 Oz),Conv Oven,Thick/Original,NA,2 Ct,Box,No Vegan Claim Present,No Natural Claim Present,No Gmo Claim Present,No Organic Claim Present,No Plant based claim,No Preservative-Free Claim Present,Non BFY
0081735001019,4526.038349,463.5241715,0,Single Serve,Non- Indulgent,Pepperoni,Others,Others,Pepperoni,Non-Veg,NA,No Gluten Claim Present,Premium,Regular Crust,11.2 Oz,Medium (10-18 Oz),Conv Oven,Thick/Original,NA,2 Ct,Box,No Vegan Claim Present,No Natural Claim Present,No Gmo Claim Present,No Organic Claim Present,No Plant based claim,No Preservative-Free Claim Present,Non BFY
0007192164690,0,0,1,Single Serve,Non- Indulgent,Meat Combos,Others,Deluxe/Supreme/Meat Combo,Meat Combos,PL,PL,No Gluten Claim Present,Value,Regular Crust,7.2 Oz,Small (<=10 Oz),Conv Oven,PL,PL,1 Ct,Box,No Vegan Claim Present,No Natural Claim Present,No Gmo Claim Present,No Organic Claim Present,No Plant based claim,No Preservative-Free Claim Present,Non BFY
0007465319248,401616.5581,73789.66185,1,Single Serve,Non- Indulgent,Meat Combos,Others,Deluxe/Supreme/Meat Combo,Meat Combos,PL,PL,No Gluten Claim Present,Value,Regular Crust,7.2 Oz,Small (<=10 Oz),Conv Oven,PL,PL,1 Ct,Box,No Vegan Claim Present,No Natural Claim Present,No Gmo Claim Present,No Organic Claim Present,No Plant based claim,No Preservative-Free Claim Present,Non BFY
0007192100829,36824015.77,4833069.128,1,Single Serve,Non- Indulgent,Meat Combos,Others,Deluxe/Supreme/Meat Combo,Meat Combos,PL,PL,No Gluten Claim Present,Value,Regular Crust,7.2 Oz,Small (<=10 Oz),Conv Oven,PL,PL,1 Ct,Box,No Vegan Claim Present,No Natural Claim Present,No Gmo Claim Present,No Organic Claim Present,No Plant based claim,No Preservative-Free Claim Present,Non BFY
0071785416539,1804.932149,220.7358234,0,Single Serve,Non- Indulgent,Pepperoni,Others,Others,Pepperoni,Non-Veg,NA,No Gluten Claim Present,Premium,Regular Crust,11.2 Oz,Medium (10-18 Oz),Conv Oven,Thick/Original,NA,2 Ct,Box,No Vegan Claim Present,No Natural Claim Present,No Gmo Claim Present,No Organic Claim Present,No Plant based claim,No Preservative-Free Claim Present,Non BFY
0081217703105,0,0,0,Single Serve,Non- Indulgent,Pepperoni,Others,Others,Pepperoni,Non-Veg,NA,No Gluten Claim Present,Premium,Regular Crust,11.2 Oz,Medium (10-18 Oz),Conv Oven,Thick/Original,NA,2 Ct,Box,No Vegan Claim Present,No Natural Claim Present,No Gmo Claim Present,No Organic Claim Present,No Plant based claim,No Preservative-Free Claim Present,Non BFY
0003530001826,0,0,0,Single Serve,Non- Indulgent,Pepperoni,Others,Others,Pepperoni,PL,PL,No Gluten Claim Present,Value,Regular Crust,7.2 Oz,Small (<=10 Oz),Conv Oven,PL,PL,1 Ct,Box,No Vegan Claim Present,No Natural Claim Present,No Gmo Claim Present,No Organic Claim Present,No Plant based claim,No Preservative-Free Claim Present,Non BFY
0000099235149,0,0,0,Single Serve,NA,NA,NA,NA,NA,NA,NA,NA,NA,NA,NA,NA,NA,NA,NA,NA,NA,NA,NA,NA,NA,NA,NA,NA
0270071159793,0,0,1,Single Serve,Non- Indulgent,Pepperoni,Others,Others,Pepperoni,Non-Veg,NA,No Gluten Claim Present,Premium,Regular Crust,11.2 Oz,Medium (10-18 Oz),Conv Oven,Thick/Original,NA,2 Ct,Box,No Vegan Claim Present,No Natural Claim Present,No Gmo Claim Present,No Organic Claim Present,No Plant based claim,No Preservative-Free Claim Present,Non BFY
0003566981021,0,0,0,Single Serve,Non- Indulgent,Pepperoni,Others,Others,Pepperoni,PL,PL,No Gluten Claim Present,Value,Regular Crust,7.2 Oz,Small (<=10 Oz),Conv Oven,PL,PL,1 Ct,Box,No Vegan Claim Present,No Natural Claim Present,No Gmo Claim Present,No Organic Claim Present,No Plant based claim,No Preservative-Free Claim Present,Non BFY
0080487951292,225599.3589,11146.6361,0,Single Serve,Non- Indulgent,Pepperoni,Others,Others,Pepperoni,Non-Veg,NA,No Gluten Claim Present,Premium,Regular Crust,11.2 Oz,Medium (10-18 Oz),Conv Oven,Thick/Original,NA,2 Ct,Box,No Vegan Claim Present,No Natural Claim Present,No Gmo Claim Present,No Organic Claim Present,No Plant based claim,No Preservative-Free Claim Present,Non BFY
0000000602889,0,0,0,Single Serve,NA,NA,NA,NA,NA,NA,NA,NA,NA,NA,NA,NA,NA,NA,NA,NA,NA,NA,NA,NA,NA,NA,NA,NA
0085509900748,860.393659,48.96018545,0,Single Serve,Non- Indulgent,Pepperoni,Others,Others,Pepperoni,Non-Veg,NA,No Gluten Claim Present,Premium,Regular Crust,11.2 Oz,Medium (10-18 Oz),Conv Oven,Thick/Original,NA,2 Ct,Box,No Vegan Claim Present,No Natural Claim Present,No Gmo Claim Present,No Organic Claim Present,No Plant based claim,No Preservative-Free Claim Present,Non BFY
0061529569746,1605.581686,235.8129555,0,Single Serve,Non- Indulgent,Pepperoni,Others,Others,Pepperoni,Non-Veg,NA,No Gluten Claim Present,Premium,Regular Crust,11.2 Oz,Medium (10-18 Oz),Conv Oven,Thick/Original,NA,2 Ct,Box,No Vegan Claim Present,No Natural Claim Present,No Gmo Claim Present,No Organic Claim Present,No Plant based claim,No Preservative-Free Claim Present,Non BFY
0000753783237,688530.603,101636.0995,0,Single Serve,NA,NA,NA,NA,NA,NA,NA,NA,NA,NA,NA,NA,NA,NA,NA,NA,NA,NA,NA,NA,NA,NA,NA,NA
0071785480102,270094.2967,77366.41051,0,Single Serve,Non- Indulgent,Pepperoni,Others,Others,Pepperoni,Non-Veg,NA,No Gluten Claim Present,Premium,Regular Crust,11.2 Oz,Medium (10-18 Oz),Conv Oven,Thick/Original,NA,2 Ct,Box,No Vegan Claim Present,No Natural Claim Present,No Gmo Claim Present,No Organic Claim Present,No Plant based claim,No Preservative-Free Claim Present,Non BFY
0000021990171,13.99633148,6.00697875,0,Single Serve,NA,NA,NA,NA,NA,NA,NA,NA,NA,NA,NA,NA,NA,NA,NA,NA,NA,NA,NA,NA,NA,NA,NA,NA
0000336359263,115709.2143,26373.95328,0,Single Serve,NA,NA,NA,NA,NA,NA,NA,NA,NA,NA,NA,NA,NA,NA,NA,NA,NA,NA,NA,NA,NA,NA,NA,NA
0000349249701,0,0,0,Single Serve,NA,NA,NA,NA,NA,NA,NA,NA,NA,NA,NA,NA,NA,NA,NA,NA,NA,NA,NA,NA,NA,NA,NA,NA
0000209196911,334220.6291,93607.3206,0,Single Serve,NA,NA,NA,NA,NA,NA,NA,NA,NA,NA,NA,NA,NA,NA,NA,NA,NA,NA,NA,NA,NA,NA,NA,NA
0001380098798,9196020.811,1804437.031,1,Single Serve,Non- Indulgent,Pepperoni,Others,Others,Pepperoni,Non-Veg,Red Sauce,No Gluten Claim Present,Mid Tier,Ao Crust,35.25 Oz,Large (>18 Oz),Conv Oven,Thick/Original,Regular Crust,6 Ct,Bag In Box,No Vegan Claim Present,No Natural Claim Present,No Gmo Claim Present,No Organic Claim Present,No Plant based claim,No Preservative-Free Claim Present,Non BFY
0085608200764,0,0,0,Single Serve,Non- Indulgent,Pepperoni,Others,Others,Pepperoni,Non-Veg,NA,No Gluten Claim Present,Premium,Regular Crust,11.2 Oz,Medium (10-18 Oz),Conv Oven,Thick/Original,NA,2 Ct,Box,No Vegan Claim Present,No Natural Claim Present,No Gmo Claim Present,No Organic Claim Present,No Plant based claim,No Preservative-Free Claim Present,Non BFY
0001960004610,8241181.504,1928841.644,0,Single Serve,Non- Indulgent,Pepperoni,Others,Others,Pepperoni,Non-Veg,Red Sauce,No Gluten Claim Present,Mid Tier,Ao Crust,35.25 Oz,Large (>18 Oz),Conv Oven,Thick/Original,Regular Crust,6 Ct,Bag In Box,No Vegan Claim Present,No Natural Claim Present,No Gmo Claim Present,No Organic Claim Present,No Plant based claim,No Preservative-Free Claim Present,Non BFY
0004280049641,0,0,0,Single Serve,Non- Indulgent,Meat Combos,Others,Deluxe/Supreme/Meat Combo,Meat Combos,PL,PL,No Gluten Claim Present,Value,Regular Crust,7.2 Oz,Small (<=10 Oz),Conv Oven,PL,PL,1 Ct,Box,No Vegan Claim Present,No Natural Claim Present,No Gmo Claim Present,No Organic Claim Present,No Plant based claim,No Preservative-Free Claim Present,Non BFY
0007218056632,19298833.74,3190847.924,0,Single Serve,Non- Indulgent,Meat Combos,Others,Deluxe/Supreme/Meat Combo,Meat Combos,PL,PL,No Gluten Claim Present,Value,Regular Crust,7.2 Oz,Small (<=10 Oz),Conv Oven,PL,PL,1 Ct,Box,No Vegan Claim Present,No Natural Claim Present,No Gmo Claim Present,No Organic Claim Present,No Plant based claim,No Preservative-Free Claim Present,Non BFY
0001380059434,5400827.417,856344.5626,1,Single Serve,Non- Indulgent,Pepperoni,Others,Others,Pepperoni,Non-Veg,Red Sauce,No Gluten Claim Present,Mid Tier,Ao Crust,35.25 Oz,Large (>18 Oz),Conv Oven,Thick/Original,Regular Crust,6 Ct,Bag In Box,No Vegan Claim Present,No Natural Claim Present,No Gmo Claim Present,No Organic Claim Present,No Plant based claim,No Preservative-Free Claim Present,Non BFY
0001380015170,79207.34056,12136.49002,1,Single Serve,Non- Indulgent,Pepperoni,Others,Others,Pepperoni,Non-Veg,PL,No Gluten Claim Present,Value,Regular Crust,7.2 Oz,Small (<=10 Oz),Conv Oven,Thick/Original,Regular Crust,1 Ct,Box,No Vegan Claim Present,No Natural Claim Present,No Gmo Claim Present,No Organic Claim Present,No Plant based claim,No Preservative-Free Claim Present,Non BFY
0000199982229,0,0,0,Single Serve,NA,NA,NA,NA,NA,NA,NA,NA,NA,NA,NA,NA,NA,NA,NA,NA,NA,NA,NA,NA,NA,NA,NA,NA
0085695200161,0,0,0,Single Serve,Non- Indulgent,Pepperoni,Others,Others,Pepperoni,Non-Veg,NA,No Gluten Claim Present,Premium,Regular Crust,11.2 Oz,Medium (10-18 Oz),Conv Oven,Thick/Original,NA,2 Ct,Box,No Vegan Claim Present,No Natural Claim Present,No Gmo Claim Present,No Organic Claim Present,No Plant based claim,No Preservative-Free Claim Present,Non BFY
0001201980690,18702.55564,2561.339984,0,Single Serve,Non- Indulgent,Pepperoni,Others,Others,Pepperoni,Non-Veg,PL,No Gluten Claim Present,Value,Regular Crust,7.2 Oz,Small (<=10 Oz),Conv Oven,Thick/Original,Regular Crust,1 Ct,Box,No Vegan Claim Present,No Natural Claim Present,No Gmo Claim Present,No Organic Claim Present,No Plant based claim,No Preservative-Free Claim Present,Non BFY
0008355408422,223041.5637,24142.85359,0,Single Serve,Non- Indulgent,Pepperoni,Others,Others,Pepperoni,PL,PL,No Gluten Claim Present,Value,Regular Crust,5.2 Oz,Small (<=10 Oz),Mw Or Conv Oven,PL,PL,1 Ct,Box,No Vegan Claim Present,No Natural Claim Present,No Gmo Claim Present,No Organic Claim Present,No Plant based claim,No Preservative-Free Claim Present,Non BFY
0000267334352,0,0,0,Single Serve,NA,NA,NA,NA,NA,NA,NA,NA,NA,NA,NA,NA,NA,NA,NA,NA,NA,NA,NA,NA,NA,NA,NA,NA
0087282400998,2804.641513,874.5446438,0,Single Serve,Non- Indulgent,Pepperoni,Others,Others,Pepperoni,Non-Veg,NA,No Gluten Claim Present,Premium,Regular Crust,11.2 Oz,Medium (10-18 Oz),Conv Oven,Thick/Original,NA,2 Ct,Box,No Vegan Claim Present,No Natural Claim Present,No Gmo Claim Present,No Organic Claim Present,No Plant based claim,No Preservative-Free Claim Present,Non BFY
0007349018016,932.071755,46.75405043,0,Single Serve,Non- Indulgent,Meat Combos,Others,Deluxe/Supreme/Meat Combo,Meat Combos,PL,PL,No Gluten Claim Present,Value,Regular Crust,7.2 Oz,Small (<=10 Oz),Conv Oven,PL,PL,1 Ct,Box,No Vegan Claim Present,No Natural Claim Present,No Gmo Claim Present,No Organic Claim Present,No Plant based claim,No Preservative-Free Claim Present,Non BFY
0001129713290,1543296.876,348125.6967,0,Single Serve,Non- Indulgent,Pepperoni,Others,Others,Pepperoni,Non-Veg,PL,No Gluten Claim Present,Value,Regular Crust,7.2 Oz,Small (<=10 Oz),Conv Oven,Thick/Original,Regular Crust,1 Ct,Box,No Vegan Claim Present,No Natural Claim Present,No Gmo Claim Present,No Organic Claim Present,No Plant based claim,No Preservative-Free Claim Present,Non BFY
0004111800908,8400424.225,2519686.29,0,Single Serve,Non- Indulgent,Meat Combos,Others,Deluxe/Supreme/Meat Combo,Meat Combos,PL,PL,No Gluten Claim Present,Value,Regular Crust,7.2 Oz,Small (<=10 Oz),Conv Oven,PL,PL,1 Ct,Box,No Vegan Claim Present,No Natural Claim Present,No Gmo Claim Present,No Organic Claim Present,No Plant based claim,No Preservative-Free Claim Present,Non BFY
0000412394096,0,0,0,Single Serve,NA,NA,NA,NA,NA,NA,NA,NA,NA,NA,NA,NA,NA,NA,NA,NA,NA,NA,NA,NA,NA,NA,NA,NA
0000335809607,128534.1071,29255.30755,0,Single Serve,NA,NA,NA,NA,NA,NA,NA,NA,NA,NA,NA,NA,NA,NA,NA,NA,NA,NA,NA,NA,NA,NA,NA,NA
0001960004620,3029672.332,772939.4879,0,Single Serve,Non- Indulgent,Pepperoni,Others,Others,Pepperoni,Non-Veg,Red Sauce,No Gluten Claim Present,Mid Tier,Ao Crust,35.25 Oz,Large (>18 Oz),Conv Oven,Thick/Original,Regular Crust,6 Ct,Bag In Box,No Vegan Claim Present,No Natural Claim Present,No Gmo Claim Present,No Organic Claim Present,No Plant based claim,No Preservative-Free Claim Present,Non BFY
0000427036562,0,0,0,Single Serve,NA,NA,NA,NA,NA,NA,NA,NA,NA,NA,NA,NA,NA,NA,NA,NA,NA,NA,NA,NA,NA,NA,NA,NA
0000349249703,1739072.067,539756.0163,0,Single Serve,NA,NA,NA,NA,NA,NA,NA,NA,NA,NA,NA,NA,NA,NA,NA,NA,NA,NA,NA,NA,NA,NA,NA,NA
0007218073067,69142.37543,7488.505083,0,Single Serve,Non- Indulgent,Meat Combos,Others,Deluxe/Supreme/Meat Combo,Meat Combos,PL,PL,No Gluten Claim Present,Value,Regular Crust,7.2 Oz,Small (<=10 Oz),Conv Oven,PL,PL,1 Ct,Box,No Vegan Claim Present,No Natural Claim Present,No Gmo Claim Present,No Organic Claim Present,No Plant based claim,No Preservative-Free Claim Present,Non BFY
0000930324497,1807945.801,270724.0904,0,Single Serve,NA,NA,NA,NA,NA,NA,NA,NA,NA,NA,NA,NA,NA,NA,NA,NA,NA,NA,NA,NA,NA,NA,NA,NA
0069224360115,614829.9454,131918.9651,0,Single Serve,Non- Indulgent,Pepperoni,Others,Others,Pepperoni,Non-Veg,NA,No Gluten Claim Present,Premium,Regular Crust,11.2 Oz,Medium (10-18 Oz),Conv Oven,Thick/Original,NA,2 Ct,Box,No Vegan Claim Present,No Natural Claim Present,No Gmo Claim Present,No Organic Claim Present,No Plant based claim,No Preservative-Free Claim Present,Non BFY
0003120501004,3678835.296,515883.9611,0,Single Serve,Non- Indulgent,Sausage,Others,Others,Sausage,Non-Veg,Red Sauce,No Gluten Claim Present,Premium,Regular Crust,8.5 Oz,Small (<=10 Oz),Mw Or Conv Oven,Thick/Original,Regular Crust,1 Ct,Box,No Vegan Claim Present,Natural Claim Present,No Gmo Claim Present,No Organic Claim Present,No Plant based claim,Preservative-Free Claim,BFY
0000100577748,0,0,0,Single Serve,NA,NA,NA,NA,NA,NA,NA,NA,NA,NA,NA,NA,NA,NA,NA,NA,NA,NA,NA,NA,NA,NA,NA,NA
0085448400816,65160.62161,4553.202058,0,Single Serve,Non- Indulgent,Pepperoni,Others,Others,Pepperoni,Non-Veg,NA,No Gluten Claim Present,Premium,Regular Crust,11.2 Oz,Medium (10-18 Oz),Conv Oven,Thick/Original,NA,2 Ct,Box,No Vegan Claim Present,No Natural Claim Present,No Gmo Claim Present,No Organic Claim Present,No Plant based claim,No Preservative-Free Claim Present,Non BFY
0000263047127,0,0,0,Single Serve,NA,NA,NA,NA,NA,NA,NA,NA,NA,NA,NA,NA,NA,NA,NA,NA,NA,NA,NA,NA,NA,NA,NA,NA
0071006930110,0,0,0,Single Serve,Non- Indulgent,Pepperoni,Others,Others,Pepperoni,Non-Veg,NA,No Gluten Claim Present,Premium,Regular Crust,11.2 Oz,Medium (10-18 Oz),Conv Oven,Thick/Original,NA,2 Ct,Box,No Vegan Claim Present,No Natural Claim Present,No Gmo Claim Present,No Organic Claim Present,No Plant based claim,No Preservative-Free Claim Present,Non BFY
0085832400617,0,0,0,Single Serve,Non- Indulgent,Pepperoni,Others,Others,Pepperoni,Non-Veg,NA,No Gluten Claim Present,Premium,Regular Crust,11.2 Oz,Medium (10-18 Oz),Conv Oven,Thick/Original,NA,2 Ct,Box,No Vegan Claim Present,No Natural Claim Present,No Gmo Claim Present,No Organic Claim Present,No Plant based claim,No Preservative-Free Claim Present,Non BFY
0000080113795,0,0,0,Single Serve,NA,NA,NA,NA,NA,NA,NA,NA,NA,NA,NA,NA,NA,NA,NA,NA,NA,NA,NA,NA,NA,NA,NA,NA
0001960004630,4609475.624,1088592.313,0,Single Serve,Non- Indulgent,Pepperoni,Others,Others,Pepperoni,Non-Veg,Red Sauce,No Gluten Claim Present,Mid Tier,Ao Crust,35.25 Oz,Large (>18 Oz),Conv Oven,Thick/Original,Regular Crust,6 Ct,Bag In Box,No Vegan Claim Present,No Natural Claim Present,No Gmo Claim Present,No Organic Claim Present,No Plant based claim,No Preservative-Free Claim Present,Non BFY
0007864250703,45510.93948,7030.454966,0,Single Serve,Non- Indulgent,Pepperoni,Others,Others,Pepperoni,PL,PL,No Gluten Claim Present,Value,Regular Crust,5.2 Oz,Small (<=10 Oz),Mw Or Conv Oven,PL,PL,1 Ct,Box,No Vegan Claim Present,No Natural Claim Present,No Gmo Claim Present,No Organic Claim Present,No Plant based claim,No Preservative-Free Claim Present,Non BFY
0001186469197,0,0,0,Single Serve,Non- Indulgent,Pepperoni,Others,Others,Pepperoni,Non-Veg,PL,No Gluten Claim Present,Value,Regular Crust,7.2 Oz,Small (<=10 Oz),Conv Oven,Thick/Original,Regular Crust,1 Ct,Box,No Vegan Claim Present,No Natural Claim Present,No Gmo Claim Present,No Organic Claim Present,No Plant based claim,No Preservative-Free Claim Present,Non BFY
0002113528633,0,0,0,Single Serve,Non- Indulgent,Pepperoni,Others,Others,Pepperoni,Non-Veg,Red Sauce,No Gluten Claim Present,Mid Tier,Ao Crust,35.25 Oz,Large (>18 Oz),Conv Oven,Thick/Original,Regular Crust,6 Ct,Bag In Box,No Vegan Claim Present,No Natural Claim Present,No Gmo Claim Present,No Organic Claim Present,No Plant based claim,No Preservative-Free Claim Present,Non BFY
0007192101668,18666082.99,1984383.418,1,Single Serve,Non- Indulgent,Meat Combos,Others,Deluxe/Supreme/Meat Combo,Meat Combos,PL,PL,No Gluten Claim Present,Value,Regular Crust,7.2 Oz,Small (<=10 Oz),Conv Oven,PL,PL,1 Ct,Box,No Vegan Claim Present,No Natural Claim Present,No Gmo Claim Present,No Organic Claim Present,No Plant based claim,No Preservative-Free Claim Present,Non BFY
0002057281474,0,0,0,Single Serve,Non- Indulgent,Pepperoni,Others,Others,Pepperoni,Non-Veg,Red Sauce,No Gluten Claim Present,Mid Tier,Ao Crust,35.25 Oz,Large (>18 Oz),Conv Oven,Thick/Original,Regular Crust,6 Ct,Bag In Box,No Vegan Claim Present,No Natural Claim Present,No Gmo Claim Present,No Organic Claim Present,No Plant based claim,No Preservative-Free Claim Present,Non BFY
0270071562881,0,0,1,Single Serve,Non- Indulgent,Pepperoni,Others,Others,Pepperoni,Non-Veg,NA,No Gluten Claim Present,Premium,Regular Crust,11.2 Oz,Medium (10-18 Oz),Conv Oven,Thick/Original,NA,2 Ct,Box,No Vegan Claim Present,No Natural Claim Present,No Gmo Claim Present,No Organic Claim Present,No Plant based claim,No Preservative-Free Claim Present,Non BFY
0000935541548,802.76,590.75,0,Single Serve,Non- Indulgent,Pepperoni,Others,Others,Pepperoni,Non-Veg,PL,No Gluten Claim Present,Value,Regular Crust,7.2 Oz,Small (<=10 Oz),Conv Oven,Thick/Original,Regular Crust,1 Ct,Box,No Vegan Claim Present,No Natural Claim Present,No Gmo Claim Present,No Organic Claim Present,No Plant based claim,No Preservative-Free Claim Present,Non BFY
0071006930116,27222.65199,1801.156231,0,Single Serve,Non- Indulgent,Pepperoni,Others,Others,Pepperoni,Non-Veg,NA,No Gluten Claim Present,Premium,Regular Crust,11.2 Oz,Medium (10-18 Oz),Conv Oven,Thick/Original,NA,2 Ct,Box,No Vegan Claim Present,No Natural Claim Present,No Gmo Claim Present,No Organic Claim Present,No Plant based claim,No Preservative-Free Claim Present,Non BFY
0007349018015,0,0,0,Single Serve,Non- Indulgent,Meat Combos,Others,Deluxe/Supreme/Meat Combo,Meat Combos,PL,PL,No Gluten Claim Present,Value,Regular Crust,7.2 Oz,Small (<=10 Oz),Conv Oven,PL,PL,1 Ct,Box,No Vegan Claim Present,No Natural Claim Present,No Gmo Claim Present,No Organic Claim Present,No Plant based claim,No Preservative-Free Claim Present,Non BFY
0003952802479,0,0,0,Single Serve,Non- Indulgent,Meat Combos,Others,Deluxe/Supreme/Meat Combo,Meat Combos,PL,PL,No Gluten Claim Present,Value,Regular Crust,7.2 Oz,Small (<=10 Oz),Conv Oven,PL,PL,1 Ct,Box,No Vegan Claim Present,No Natural Claim Present,No Gmo Claim Present,No Organic Claim Present,No Plant based claim,No Preservative-Free Claim Present,Non BFY
0000628921586,0,0,0,Single Serve,NA,NA,NA,NA,NA,NA,NA,NA,NA,NA,NA,NA,NA,NA,NA,NA,NA,NA,NA,NA,NA,NA,NA,NA
0000764034971,0,0,0,Single Serve,NA,NA,NA,NA,NA,NA,NA,NA,NA,NA,NA,NA,NA,NA,NA,NA,NA,NA,NA,NA,NA,NA,NA,NA
0004280010700,21917610.13,10069360.86,0,Single Serve,Non- Indulgent,Meat Combos,Others,Deluxe/Supreme/Meat Combo,Meat Combos,PL,PL,No Gluten Claim Present,Value,Regular Crust,7.2 Oz,Small (<=10 Oz),Conv Oven,PL,PL,1 Ct,Box,No Vegan Claim Present,No Natural Claim Present,No Gmo Claim Present,No Organic Claim Present,No Plant based claim,No Preservative-Free Claim Present,Non BFY
0085004518718,2754.858986,551.9896627,0,Single Serve,Non- Indulgent,Pepperoni,Others,Others,Pepperoni,Non-Veg,NA,No Gluten Claim Present,Premium,Regular Crust,11.2 Oz,Medium (10-18 Oz),Conv Oven,Thick/Original,NA,2 Ct,Box,No Vegan Claim Present,No Natural Claim Present,No Gmo Claim Present,No Organic Claim Present,No Plant based claim,No Preservative-Free Claim Present,Non BFY
0000200648611,0,0,0,Single Serve,NA,NA,NA,NA,NA,NA,NA,NA,NA,NA,NA,NA,NA,NA,NA,NA,NA,NA,NA,NA,NA,NA,NA,NA
0063927792420,0,0,0,Single Serve,Non- Indulgent,Pepperoni,Others,Others,Pepperoni,Non-Veg,NA,No Gluten Claim Present,Premium,Regular Crust,11.2 Oz,Medium (10-18 Oz),Conv Oven,Thick/Original,NA,2 Ct,Box,No Vegan Claim Present,No Natural Claim Present,No Gmo Claim Present,No Organic Claim Present,No Plant based claim,No Preservative-Free Claim Present,Non BFY
0000702688632,61666.79833,16093.18706,0,Single Serve,NA,NA,NA,NA,NA,NA,NA,NA,NA,NA,NA,NA,NA,NA,NA,NA,NA,NA,NA,NA,NA,NA,NA,NA
0007570615112,458870.2213,69038.6871,0,Single Serve,Non- Indulgent,Meat Combos,Others,Deluxe/Supreme/Meat Combo,Meat Combos,PL,PL,No Gluten Claim Present,Value,Regular Crust,7.2 Oz,Small (<=10 Oz),Conv Oven,PL,PL,1 Ct,Box,No Vegan Claim Present,No Natural Claim Present,No Gmo Claim Present,No Organic Claim Present,No Plant based claim,No Preservative-Free Claim Present,Non BFY
0007192174096,0,0,1,Single Serve,Non- Indulgent,Meat Combos,Others,Deluxe/Supreme/Meat Combo,Meat Combos,PL,PL,No Gluten Claim Present,Value,Regular Crust,7.2 Oz,Small (<=10 Oz),Conv Oven,PL,PL,1 Ct,Box,No Vegan Claim Present,No Natural Claim Present,No Gmo Claim Present,No Organic Claim Present,No Plant based claim,No Preservative-Free Claim Present,Non BFY
0004309856304,20077.78008,2420.67028,0,Single Serve,Non- Indulgent,Meat Combos,Others,Deluxe/Supreme/Meat Combo,Meat Combos,PL,PL,No Gluten Claim Present,Value,Regular Crust,7.2 Oz,Small (<=10 Oz),Conv Oven,PL,PL,1 Ct,Box,No Vegan Claim Present,No Natural Claim Present,No Gmo Claim Present,No Organic Claim Present,No Plant based claim,No Preservative-Free Claim Present,Non BFY
0004280012163,0,0,0,Single Serve,Non- Indulgent,Meat Combos,Others,Deluxe/Supreme/Meat Combo,Meat Combos,PL,PL,No Gluten Claim Present,Value,Regular Crust,7.2 Oz,Small (<=10 Oz),Conv Oven,PL,PL,1 Ct,Box,No Vegan Claim Present,No Natural Claim Present,No Gmo Claim Present,No Organic Claim Present,No Plant based claim,No Preservative-Free Claim Present,Non BFY
0000678947689,0,0,0,Single Serve,NA,NA,NA,NA,NA,NA,NA,NA,NA,NA,NA,NA,NA,NA,NA,NA,NA,NA,NA,NA,NA,NA,NA,NA
0270070883251,0,0,1,Single Serve,Non- Indulgent,Pepperoni,Others,Others,Pepperoni,Non-Veg,NA,No Gluten Claim Present,Premium,Regular Crust,11.2 Oz,Medium (10-18 Oz),Conv Oven,Thick/Original,NA,2 Ct,Box,No Vegan Claim Present,No Natural Claim Present,No Gmo Claim Present,No Organic Claim Present,No Plant based claim,No Preservative-Free Claim Present,Non BFY
0082610500065,3.577762895,0.4068552,0,Single Serve,Non- Indulgent,Pepperoni,Others,Others,Pepperoni,Non-Veg,NA,No Gluten Claim Present,Premium,Regular Crust,11.2 Oz,Medium (10-18 Oz),Conv Oven,Thick/Original,NA,2 Ct,Box,No Vegan Claim Present,No Natural Claim Present,No Gmo Claim Present,No Organic Claim Present,No Plant based claim,No Preservative-Free Claim Present,Non BFY
0270071327742,0,0,1,Single Serve,Non- Indulgent,Pepperoni,Others,Others,Pepperoni,Non-Veg,NA,No Gluten Claim Present,Premium,Regular Crust,11.2 Oz,Medium (10-18 Oz),Conv Oven,Thick/Original,NA,2 Ct,Box,No Vegan Claim Present,No Natural Claim Present,No Gmo Claim Present,No Organic Claim Present,No Plant based claim,No Preservative-Free Claim Present,Non BFY
0004280011402,93.19029619,39.14217943,0,Single Serve,Non- Indulgent,Meat Combos,Others,Deluxe/Supreme/Meat Combo,Meat Combos,PL,PL,No Gluten Claim Present,Value,Regular Crust,7.2 Oz,Small (<=10 Oz),Conv Oven,PL,PL,1 Ct,Box,No Vegan Claim Present,No Natural Claim Present,No Gmo Claim Present,No Organic Claim Present,No Plant based claim,No Preservative-Free Claim Present,Non BFY
0085509900751,911.8482747,52.03385478,0,Single Serve,Non- Indulgent,Pepperoni,Others,Others,Pepperoni,Non-Veg,NA,No Gluten Claim Present,Premium,Regular Crust,11.2 Oz,Medium (10-18 Oz),Conv Oven,Thick/Original,NA,2 Ct,Box,No Vegan Claim Present,No Natural Claim Present,No Gmo Claim Present,No Organic Claim Present,No Plant based claim,No Preservative-Free Claim Present,Non BFY
0085608200761,6755.78433,343.3533008,0,Single Serve,Non- Indulgent,Pepperoni,Others,Others,Pepperoni,Non-Veg,NA,No Gluten Claim Present,Premium,Regular Crust,11.2 Oz,Medium (10-18 Oz),Conv Oven,Thick/Original,NA,2 Ct,Box,No Vegan Claim Present,No Natural Claim Present,No Gmo Claim Present,No Organic Claim Present,No Plant based claim,No Preservative-Free Claim Present,Non BFY
0003913117052,1092458.157,164265.1852,0,Single Serve,Non- Indulgent,Meat Combos,Others,Deluxe/Supreme/Meat Combo,Meat Combos,PL,PL,No Gluten Claim Present,Value,Regular Crust,7.2 Oz,Small (<=10 Oz),Conv Oven,PL,PL,1 Ct,Box,No Vegan Claim Present,No Natural Claim Present,No Gmo Claim Present,No Organic Claim Present,No Plant based claim,No Preservative-Free Claim Present,Non BFY
0002182107456,57746.88025,5940.776079,0,Single Serve,Non- Indulgent,Pepperoni,Others,Others,Pepperoni,Non-Veg,Red Sauce,No Gluten Claim Present,Mid Tier,Ao Crust,35.25 Oz,Large (>18 Oz),Conv Oven,Thick/Original,Regular Crust,6 Ct,Bag In Box,No Vegan Claim Present,No Natural Claim Present,No Gmo Claim Present,No Organic Claim Present,No Plant based claim,No Preservative-Free Claim Present,Non BFY
0000930324498,2450483.751,421087.7375,0,Single Serve,Non- Indulgent,Pepperoni,Others,Others,Pepperoni,Non-Veg,PL,No Gluten Claim Present,Premium,Ao Crust,10 Oz,Small (<=10 Oz),Mw Or Conv Oven,Thick/Original,PL,2 Ct,Bag In Box,No Vegan Claim Present,No Natural Claim Present,No Gmo Claim Present,No Organic Claim Present,No Plant based claim,No Preservative-Free Claim Present,Non BFY
0000229805229,0,0,0,Single Serve,NA,NA,NA,NA,NA,NA,NA,NA,NA,NA,NA,NA,NA,NA,NA,NA,NA,NA,NA,NA,NA,NA,NA,NA
0007218063552,3842409.733,672318.4699,0,Single Serve,Non- Indulgent,Meat Combos,Others,Deluxe/Supreme/Meat Combo,Meat Combos,PL,PL,No Gluten Claim Present,Value,Regular Crust,7.2 Oz,Small (<=10 Oz),Conv Oven,PL,PL,1 Ct,Box,No Vegan Claim Present,No Natural Claim Present,No Gmo Claim Present,No Organic Claim Present,No Plant based claim,No Preservative-Free Claim Present,Non BFY
0000003974098,0,0,0,Single Serve,NA,NA,NA,NA,NA,NA,NA,NA,NA,NA,NA,NA,NA,NA,NA,NA,NA,NA,NA,NA,NA,NA,NA,NA
0007218050120,680813.5861,275063.4336,0,Single Serve,Non- Indulgent,Meat Combos,Others,Deluxe/Supreme/Meat Combo,Meat Combos,PL,PL,No Gluten Claim Present,Value,Regular Crust,7.2 Oz,Small (<=10 Oz),Conv Oven,PL,PL,1 Ct,Box,No Vegan Claim Present,No Natural Claim Present,No Gmo Claim Present,No Organic Claim Present,No Plant based claim,No Preservative-Free Claim Present,Non BFY
0000210003668,524510.8119,140620.6886,0,Single Serve,NA,NA,NA,NA,NA,NA,NA,NA,NA,NA,NA,NA,NA,NA,NA,NA,NA,NA,NA,NA,NA,NA,NA,NA
0007218063752,8.28,1.4,0,Single Serve,Non- Indulgent,Meat Combos,Others,Deluxe/Supreme/Meat Combo,Meat Combos,PL,PL,No Gluten Claim Present,Value,Regular Crust,7.2 Oz,Small (<=10 Oz),Conv Oven,PL,PL,1 Ct,Box,No Vegan Claim Present,No Natural Claim Present,No Gmo Claim Present,No Organic Claim Present,No Plant based claim,No Preservative-Free Claim Present,Non BFY
0001202007184,14165.05539,2156.941413,0,Single Serve,Non- Indulgent,Pepperoni,Others,Others,Pepperoni,Non-Veg,PL,No Gluten Claim Present,Value,Regular Crust,7.2 Oz,Small (<=10 Oz),Conv Oven,Thick/Original,Regular Crust,1 Ct,Box,No Vegan Claim Present,No Natural Claim Present,No Gmo Claim Present,No Organic Claim Present,No Plant based claim,No Preservative-Free Claim Present,Non BFY
0007192168229,0,0,1,Single Serve,Non- Indulgent,Meat Combos,Others,Deluxe/Supreme/Meat Combo,Meat Combos,PL,PL,No Gluten Claim Present,Value,Regular Crust,7.2 Oz,Small (<=10 Oz),Conv Oven,PL,PL,1 Ct,Box,No Vegan Claim Present,No Natural Claim Present,No Gmo Claim Present,No Organic Claim Present,No Plant based claim,No Preservative-Free Claim Present,Non BFY
0007465333541,459035.7334,84251.96653,1,Single Serve,Non- Indulgent,Meat Combos,Others,Deluxe/Supreme/Meat Combo,Meat Combos,PL,PL,No Gluten Claim Present,Value,Regular Crust,7.2 Oz,Small (<=10 Oz),Conv Oven,PL,PL,1 Ct,Box,No Vegan Claim Present,No Natural Claim Present,No Gmo Claim Present,No Organic Claim Present,No Plant based claim,No Preservative-Free Claim Present,Non BFY
0085509900750,0,0,0,Single Serve,Non- Indulgent,Pepperoni,Others,Others,Pepperoni,Non-Veg,NA,No Gluten Claim Present,Premium,Regular Crust,11.2 Oz,Medium (10-18 Oz),Conv Oven,Thick/Original,NA,2 Ct,Box,No Vegan Claim Present,No Natural Claim Present,No Gmo Claim Present,No Organic Claim Present,No Plant based claim,No Preservative-Free Claim Present,Non BFY
0007864250700,199342.6397,30517.87424,0,Single Serve,Non- Indulgent,Pepperoni,Others,Others,Pepperoni,PL,PL,No Gluten Claim Present,Value,Regular Crust,5.2 Oz,Small (<=10 Oz),Mw Or Conv Oven,PL,PL,1 Ct,Box,No Vegan Claim Present,No Natural Claim Present,No Gmo Claim Present,No Organic Claim Present,No Plant based claim,No Preservative-Free Claim Present,Non BFY
0000006267200,0,0,0,Single Serve,NA,NA,NA,NA,NA,NA,NA,NA,NA,NA,NA,NA,NA,NA,NA,NA,NA,NA,NA,NA,NA,NA,NA,NA
0061529569747,1579.278974,218.1886152,0,Single Serve,Non- Indulgent,Pepperoni,Others,Others,Pepperoni,Non-Veg,NA,No Gluten Claim Present,Premium,Regular Crust,11.2 Oz,Medium (10-18 Oz),Conv Oven,Thick/Original,NA,2 Ct,Box,No Vegan Claim Present,No Natural Claim Present,No Gmo Claim Present,No Organic Claim Present,No Plant based claim,No Preservative-Free Claim Present,Non BFY
0000673728688,0,0,0,Single Serve,NA,NA,NA,NA,NA,NA,NA,NA,NA,NA,NA,NA,NA,NA,NA,NA,NA,NA,NA,NA,NA,NA,NA,NA
0000196965919,0,0,0,Single Serve,NA,NA,NA,NA,NA,NA,NA,NA,NA,NA,NA,NA,NA,NA,NA,NA,NA,NA,NA,NA,NA,NA,NA,NA
0000015894808,0,0,0,Single Serve,NA,NA,NA,NA,NA,NA,NA,NA,NA,NA,NA,NA,NA,NA,NA,NA,NA,NA,NA,NA,NA,NA,NA,NA
0003913116880,1163125.806,120229.9499,0,Single Serve,Non- Indulgent,Pepperoni,Others,Others,Pepperoni,PL,PL,No Gluten Claim Present,Value,Regular Crust,7.2 Oz,Small (<=10 Oz),Conv Oven,PL,PL,1 Ct,Box,No Vegan Claim Present,No Natural Claim Present,No Gmo Claim Present,No Organic Claim Present,No Plant based claim,No Preservative-Free Claim Present,Non BFY
0007218068640,23010.58639,1911.685051,0,Single Serve,Non- Indulgent,Meat Combos,Others,Deluxe/Supreme/Meat Combo,Meat Combos,PL,PL,No Gluten Claim Present,Value,Regular Crust,7.2 Oz,Small (<=10 Oz),Conv Oven,PL,PL,1 Ct,Box,No Vegan Claim Present,No Natural Claim Present,No Gmo Claim Present,No Organic Claim Present,No Plant based claim,No Preservative-Free Claim Present,Non BFY
0002844802110,15460.33186,2452.560408,0,Single Serve,Non- Indulgent,Pepperoni,Others,Others,Pepperoni,Non-Veg,Red Sauce,No Gluten Claim Present,Mid Tier,Ao Crust,35.25 Oz,Large (>18 Oz),Conv Oven,Thick/Original,Regular Crust,6 Ct,Bag In Box,No Vegan Claim Present,No Natural Claim Present,No Gmo Claim Present,No Organic Claim Present,No Plant based claim,No Preservative-Free Claim Present,Non BFY
0000808599878,0,0,0,Single Serve,NA,NA,NA,NA,NA,NA,NA,NA,NA,NA,NA,NA,NA,NA,NA,NA,NA,NA,NA,NA,NA,NA,NA,NA
0007218076161,0,0,0,Single Serve,Non- Indulgent,Meat Combos,Others,Deluxe/Supreme/Meat Combo,Meat Combos,PL,PL,No Gluten Claim Present,Value,Regular Crust,7.2 Oz,Small (<=10 Oz),Conv Oven,PL,PL,1 Ct,Box,No Vegan Claim Present,No Natural Claim Present,No Gmo Claim Present,No Organic Claim Present,No Plant based claim,No Preservative-Free Claim Present,Non BFY
0270070883081,246.2951107,70.37628277,0,Single Serve,Non- Indulgent,Pepperoni,Others,Others,Pepperoni,Non-Veg,NA,No Gluten Claim Present,Premium,Regular Crust,11.2 Oz,Medium (10-18 Oz),Conv Oven,Thick/Original,NA,2 Ct,Box,No Vegan Claim Present,No Natural Claim Present,No Gmo Claim Present,No Organic Claim Present,No Plant based claim,No Preservative-Free Claim Present,Non BFY
0000066040966,807967.3969,320931.8576,0,Single Serve,NA,NA,NA,NA,NA,NA,NA,NA,NA,NA,NA,NA,NA,NA,NA,NA,NA,NA,NA,NA,NA,NA,NA,NA
0000263048764,0,0,0,Single Serve,NA,NA,NA,NA,NA,NA,NA,NA,NA,NA,NA,NA,NA,NA,NA,NA,NA,NA,NA,NA,NA,NA,NA,NA
0007454207509,282653.163,66050.98734,0,Single Serve,Non- Indulgent,Meat Combos,Others,Deluxe/Supreme/Meat Combo,Meat Combos,PL,PL,No Gluten Claim Present,Value,Regular Crust,7.2 Oz,Small (<=10 Oz),Conv Oven,PL,PL,1 Ct,Box,No Vegan Claim Present,No Natural Claim Present,No Gmo Claim Present,No Organic Claim Present,No Plant based claim,No Preservative-Free Claim Present,Non BFY
0000366879307,1.013663038,0.639938787,0,Single Serve,NA,NA,NA,NA,NA,NA,NA,NA,NA,NA,NA,NA,NA,NA,NA,NA,NA,NA,NA,NA,NA,NA,NA,NA
0000336363802,0,0,0,Single Serve,NA,NA,NA,NA,NA,NA,NA,NA,NA,NA,NA,NA,NA,NA,NA,NA,NA,NA,NA,NA,NA,NA,NA,NA
0082610500059,0,0,0,Single Serve,Non- Indulgent,Pepperoni,Others,Others,Pepperoni,Non-Veg,NA,No Gluten Claim Present,Premium,Regular Crust,11.2 Oz,Medium (10-18 Oz),Conv Oven,Thick/Original,NA,2 Ct,Box,No Vegan Claim Present,No Natural Claim Present,No Gmo Claim Present,No Organic Claim Present,No Plant based claim,No Preservative-Free Claim Present,Non BFY
0000336359510,0,0,0,Single Serve,NA,NA,NA,NA,NA,NA,NA,NA,NA,NA,NA,NA,NA,NA,NA,NA,NA,NA,NA,NA,NA,NA,NA,NA
0000485654972,0,0,0,Single Serve,NA,NA,NA,NA,NA,NA,NA,NA,NA,NA,NA,NA,NA,NA,NA,NA,NA,NA,NA,NA,NA,NA,NA,NA
0000947161591,0,0,0,Single Serve,Non- Indulgent,Pepperoni,Others,Others,Pepperoni,Non-Veg,PL,No Gluten Claim Present,Value,Regular Crust,7.2 Oz,Small (<=10 Oz),Conv Oven,Thick/Original,Regular Crust,1 Ct,Box,No Vegan Claim Present,No Natural Claim Present,No Gmo Claim Present,No Organic Claim Present,No Plant based claim,No Preservative-Free Claim Present,Non BFY
0085998706026,0,0,0,Single Serve,Non- Indulgent,Pepperoni,Others,Others,Pepperoni,Non-Veg,NA,No Gluten Claim Present,Premium,Regular Crust,11.2 Oz,Medium (10-18 Oz),Conv Oven,Thick/Original,NA,2 Ct,Box,No Vegan Claim Present,No Natural Claim Present,No Gmo Claim Present,No Organic Claim Present,No Plant based claim,No Preservative-Free Claim Present,Non BFY
0081735001017,5624.200114,511.6184415,0,Single Serve,Non- Indulgent,Pepperoni,Others,Others,Pepperoni,Non-Veg,NA,No Gluten Claim Present,Premium,Regular Crust,11.2 Oz,Medium (10-18 Oz),Conv Oven,Thick/Original,NA,2 Ct,Box,No Vegan Claim Present,No Natural Claim Present,No Gmo Claim Present,No Organic Claim Present,No Plant based claim,No Preservative-Free Claim Present,Non BFY
0069899780728,0,0,0,Single Serve,Non- Indulgent,Pepperoni,Others,Others,Pepperoni,Non-Veg,NA,No Gluten Claim Present,Premium,Regular Crust,11.2 Oz,Medium (10-18 Oz),Conv Oven,Thick/Original,NA,2 Ct,Box,No Vegan Claim Present,No Natural Claim Present,No Gmo Claim Present,No Organic Claim Present,No Plant based claim,No Preservative-Free Claim Present,Non BFY
0085695200163,0,0,0,Single Serve,Non- Indulgent,Pepperoni,Others,Others,Pepperoni,Non-Veg,NA,No Gluten Claim Present,Premium,Regular Crust,11.2 Oz,Medium (10-18 Oz),Conv Oven,Thick/Original,NA,2 Ct,Box,No Vegan Claim Present,No Natural Claim Present,No Gmo Claim Present,No Organic Claim Present,No Plant based claim,No Preservative-Free Claim Present,Non BFY
0007864250702,149372.2081,23058.16842,0,Single Serve,Non- Indulgent,Pepperoni,Others,Others,Pepperoni,PL,PL,No Gluten Claim Present,Value,Regular Crust,5.2 Oz,Small (<=10 Oz),Mw Or Conv Oven,PL,PL,1 Ct,Box,No Vegan Claim Present,No Natural Claim Present,No Gmo Claim Present,No Organic Claim Present,No Plant based claim,No Preservative-Free Claim Present,Non BFY
0003913117053,727481.341,115663.3248,0,Single Serve,Non- Indulgent,Meat Combos,Others,Deluxe/Supreme/Meat Combo,Meat Combos,PL,PL,No Gluten Claim Present,Value,Regular Crust,7.2 Oz,Small (<=10 Oz),Conv Oven,PL,PL,1 Ct,Box,No Vegan Claim Present,No Natural Claim Present,No Gmo Claim Present,No Organic Claim Present,No Plant based claim,No Preservative-Free Claim Present,Non BFY
0000014245398,0,0,0,Single Serve,NA,NA,NA,NA,NA,NA,NA,NA,NA,NA,NA,NA,NA,NA,NA,NA,NA,NA,NA,NA,NA,NA,NA,NA
0270071075947,0,0,0,Single Serve,Non- Indulgent,Pepperoni,Others,Others,Pepperoni,Non-Veg,NA,No Gluten Claim Present,Premium,Regular Crust,11.2 Oz,Medium (10-18 Oz),Conv Oven,Thick/Original,NA,2 Ct,Box,No Vegan Claim Present,No Natural Claim Present,No Gmo Claim Present,No Organic Claim Present,No Plant based claim,No Preservative-Free Claim Present,Non BFY
0003120532000,1280235.367,83247.0196,0,Single Serve,Non- Indulgent,Pepperoni,Others,Others,Pepperoni,PL,PL,No Gluten Claim Present,Value,Regular Crust,7.2 Oz,Small (<=10 Oz),Conv Oven,PL,PL,1 Ct,Box,No Vegan Claim Present,No Natural Claim Present,No Gmo Claim Present,No Organic Claim Present,No Plant based claim,No Preservative-Free Claim Present,Non BFY
0007218073429,93732811.01,23107772.58,0,Single Serve,Non- Indulgent,Meat Combos,Others,Deluxe/Supreme/Meat Combo,Meat Combos,PL,PL,No Gluten Claim Present,Value,Regular Crust,7.2 Oz,Small (<=10 Oz),Conv Oven,PL,PL,1 Ct,Box,No Vegan Claim Present,No Natural Claim Present,No Gmo Claim Present,No Organic Claim Present,No Plant based claim,No Preservative-Free Claim Present,Non BFY
0073415894890,0,0,0,Single Serve,Non- Indulgent,Pepperoni,Others,Others,Pepperoni,Non-Veg,NA,No Gluten Claim Present,Premium,Regular Crust,11.2 Oz,Medium (10-18 Oz),Conv Oven,Thick/Original,NA,2 Ct,Box,No Vegan Claim Present,No Natural Claim Present,No Gmo Claim Present,No Organic Claim Present,No Plant based claim,No Preservative-Free Claim Present,Non BFY
0068506001160,42365.26133,2806.3415,0,Single Serve,Non- Indulgent,Pepperoni,Others,Others,Pepperoni,Non-Veg,NA,No Gluten Claim Present,Premium,Regular Crust,11.2 Oz,Medium (10-18 Oz),Conv Oven,Thick/Original,NA,2 Ct,Box,No Vegan Claim Present,No Natural Claim Present,No Gmo Claim Present,No Organic Claim Present,No Plant based claim,No Preservative-Free Claim Present,Non BFY
0060629350506,15237.6878,972.117117,0,Single Serve,Non- Indulgent,Pepperoni,Others,Others,Pepperoni,Non-Veg,NA,No Gluten Claim Present,Premium,Regular Crust,11.2 Oz,Medium (10-18 Oz),Conv Oven,Thick/Original,NA,2 Ct,Box,No Vegan Claim Present,No Natural Claim Present,No Gmo Claim Present,No Organic Claim Present,No Plant based claim,No Preservative-Free Claim Present,Non BFY
0004280047506,13782355.31,5123108.571,0,Single Serve,Non- Indulgent,Meat Combos,Others,Deluxe/Supreme/Meat Combo,Meat Combos,PL,PL,No Gluten Claim Present,Value,Regular Crust,7.2 Oz,Small (<=10 Oz),Conv Oven,PL,PL,1 Ct,Box,No Vegan Claim Present,No Natural Claim Present,No Gmo Claim Present,No Organic Claim Present,No Plant based claim,No Preservative-Free Claim Present,Non BFY
0270070883035,0,0,0,Single Serve,Non- Indulgent,Pepperoni,Others,Others,Pepperoni,Non-Veg,NA,No Gluten Claim Present,Premium,Regular Crust,11.2 Oz,Medium (10-18 Oz),Conv Oven,Thick/Original,NA,2 Ct,Box,No Vegan Claim Present,No Natural Claim Present,No Gmo Claim Present,No Organic Claim Present,No Plant based claim,No Preservative-Free Claim Present,Non BFY
0000771033451,317235.8997,46915.38704,0,Single Serve,NA,NA,NA,NA,NA,NA,NA,NA,NA,NA,NA,NA,NA,NA,NA,NA,NA,NA,NA,NA,NA,NA,NA,NA
0071006913011,0,0,0,Single Serve,Non- Indulgent,Pepperoni,Others,Others,Pepperoni,Non-Veg,NA,No Gluten Claim Present,Premium,Regular Crust,11.2 Oz,Medium (10-18 Oz),Conv Oven,Thick/Original,NA,2 Ct,Box,No Vegan Claim Present,No Natural Claim Present,No Gmo Claim Present,No Organic Claim Present,No Plant based claim,No Preservative-Free Claim Present,Non BFY
0270071736845,0,0,0,Single Serve,Non- Indulgent,Pepperoni,Others,Others,Pepperoni,Non-Veg,NA,No Gluten Claim Present,Premium,Regular Crust,11.2 Oz,Medium (10-18 Oz),Conv Oven,Thick/Original,NA,2 Ct,Box,No Vegan Claim Present,No Natural Claim Present,No Gmo Claim Present,No Organic Claim Present,No Plant based claim,No Preservative-Free Claim Present,Non BFY
0270071809261,0,0,0,Single Serve,Non- Indulgent,Pepperoni,Others,Others,Pepperoni,Non-Veg,NA,No Gluten Claim Present,Premium,Regular Crust,11.2 Oz,Medium (10-18 Oz),Conv Oven,Thick/Original,NA,2 Ct,Box,No Vegan Claim Present,No Natural Claim Present,No Gmo Claim Present,No Organic Claim Present,No Plant based claim,No Preservative-Free Claim Present,Non BFY
0007218073366,99855518.44,16025914.76,0,Single Serve,Non- Indulgent,Meat Combos,Others,Deluxe/Supreme/Meat Combo,Meat Combos,PL,PL,No Gluten Claim Present,Value,Regular Crust,7.2 Oz,Small (<=10 Oz),Conv Oven,PL,PL,1 Ct,Box,No Vegan Claim Present,No Natural Claim Present,No Gmo Claim Present,No Organic Claim Present,No Plant based claim,No Preservative-Free Claim Present,Non BFY
0001960004500,27977.88509,6740.705487,0,Single Serve,Non- Indulgent,Pepperoni,Others,Others,Pepperoni,Non-Veg,Red Sauce,No Gluten Claim Present,Mid Tier,Ao Crust,35.25 Oz,Large (>18 Oz),Conv Oven,Thick/Original,Regular Crust,6 Ct,Bag In Box,No Vegan Claim Present,No Natural Claim Present,No Gmo Claim Present,No Organic Claim Present,No Plant based claim,No Preservative-Free Claim Present,Non BFY
0439904059200,280796.03,29178.1,0,Single Serve,Non- Indulgent,Pepperoni,Others,Others,Pepperoni,Non-Veg,NA,No Gluten Claim Present,Premium,Regular Crust,11.2 Oz,Medium (10-18 Oz),Conv Oven,Thick/Original,NA,2 Ct,Box,No Vegan Claim Present,No Natural Claim Present,No Gmo Claim Present,No Organic Claim Present,No Plant based claim,No Preservative-Free Claim Present,Non BFY
0001045366794,789504.9301,237647.6553,0,Single Serve,Non- Indulgent,Pepperoni,Others,Others,Pepperoni,Non-Veg,PL,No Gluten Claim Present,Value,Regular Crust,7.2 Oz,Small (<=10 Oz),Conv Oven,Thick/Original,Regular Crust,1 Ct,Box,No Vegan Claim Present,No Natural Claim Present,No Gmo Claim Present,No Organic Claim Present,No Plant based claim,No Preservative-Free Claim Present,Non BFY
0004280011600,43686112.27,14104567.1,0,Single Serve,Non- Indulgent,Meat Combos,Others,Deluxe/Supreme/Meat Combo,Meat Combos,PL,PL,No Gluten Claim Present,Value,Regular Crust,7.2 Oz,Small (<=10 Oz),Conv Oven,PL,PL,1 Ct,Box,No Vegan Claim Present,No Natural Claim Present,No Gmo Claim Present,No Organic Claim Present,No Plant based claim,No Preservative-Free Claim Present,Non BFY
0000196132746,0,0,0,Single Serve,NA,NA,NA,NA,NA,NA,NA,NA,NA,NA,NA,NA,NA,NA,NA,NA,NA,NA,NA,NA,NA,NA,NA,NA
0087282400884,420760.1156,122277.3884,0,Single Serve,Non- Indulgent,Pepperoni,Others,Others,Pepperoni,Non-Veg,NA,No Gluten Claim Present,Premium,Regular Crust,11.2 Oz,Medium (10-18 Oz),Conv Oven,Thick/Original,NA,2 Ct,Box,No Vegan Claim Present,No Natural Claim Present,No Gmo Claim Present,No Organic Claim Present,No Plant based claim,No Preservative-Free Claim Present,Non BFY
0000263046958,0,0,0,Single Serve,NA,NA,NA,NA,NA,NA,NA,NA,NA,NA,NA,NA,NA,NA,NA,NA,NA,NA,NA,NA,NA,NA,NA,NA
0085509900749,0,0,0,Single Serve,Non- Indulgent,Pepperoni,Others,Others,Pepperoni,Non-Veg,NA,No Gluten Claim Present,Premium,Regular Crust,11.2 Oz,Medium (10-18 Oz),Conv Oven,Thick/Original,NA,2 Ct,Box,No Vegan Claim Present,No Natural Claim Present,No Gmo Claim Present,No Organic Claim Present,No Plant based claim,No Preservative-Free Claim Present,Non BFY
0007218063123,0,0,0,Single Serve,Non- Indulgent,Meat Combos,Others,Deluxe/Supreme/Meat Combo,Meat Combos,PL,PL,No Gluten Claim Present,Value,Regular Crust,7.2 Oz,Small (<=10 Oz),Conv Oven,PL,PL,1 Ct,Box,No Vegan Claim Present,No Natural Claim Present,No Gmo Claim Present,No Organic Claim Present,No Plant based claim,No Preservative-Free Claim Present,Non BFY
0000336894748,0,0,0,Single Serve,NA,NA,NA,NA,NA,NA,NA,NA,NA,NA,NA,NA,NA,NA,NA,NA,NA,NA,NA,NA,NA,NA,NA,NA
0001999979354,4468804.318,395610.4649,0,Single Serve,Non- Indulgent,Pepperoni,Others,Others,Pepperoni,Non-Veg,Red Sauce,No Gluten Claim Present,Mid Tier,Ao Crust,35.25 Oz,Large (>18 Oz),Conv Oven,Thick/Original,Regular Crust,6 Ct,Bag In Box,No Vegan Claim Present,No Natural Claim Present,No Gmo Claim Present,No Organic Claim Present,No Plant based claim,No Preservative-Free Claim Present,Non BFY
0000349249699,3834799.188,1192053.708,0,Single Serve,NA,NA,NA,NA,NA,NA,NA,NA,NA,NA,NA,NA,NA,NA,NA,NA,NA,NA,NA,NA,NA,NA,NA,NA
0007218063244,63625584.9,9965634.358,0,Single Serve,Non- Indulgent,Meat Combos,Others,Deluxe/Supreme/Meat Combo,Meat Combos,PL,PL,No Gluten Claim Present,Value,Regular Crust,7.2 Oz,Small (<=10 Oz),Conv Oven,PL,PL,1 Ct,Box,No Vegan Claim Present,No Natural Claim Present,No Gmo Claim Present,No Organic Claim Present,No Plant based claim,No Preservative-Free Claim Present,Non BFY
0086000058081,0,0,0,Single Serve,Non- Indulgent,Pepperoni,Others,Others,Pepperoni,Non-Veg,NA,No Gluten Claim Present,Premium,Regular Crust,11.2 Oz,Medium (10-18 Oz),Conv Oven,Thick/Original,NA,2 Ct,Box,No Vegan Claim Present,No Natural Claim Present,No Gmo Claim Present,No Organic Claim Present,No Plant based claim,No Preservative-Free Claim Present,Non BFY
0000034139737,10.35286252,1.347108818,0,Single Serve,NA,NA,NA,NA,NA,NA,NA,NA,NA,NA,NA,NA,NA,NA,NA,NA,NA,NA,NA,NA,NA,NA,NA,NA
0007192147414,6427527.655,571041.5313,1,Single Serve,Non- Indulgent,Meat Combos,Others,Deluxe/Supreme/Meat Combo,Meat Combos,PL,PL,No Gluten Claim Present,Value,Regular Crust,7.2 Oz,Small (<=10 Oz),Conv Oven,PL,PL,1 Ct,Box,No Vegan Claim Present,No Natural Claim Present,No Gmo Claim Present,No Organic Claim Present,No Plant based claim,No Preservative-Free Claim Present,Non BFY
0000339407979,0,0,0,Single Serve,NA,NA,NA,NA,NA,NA,NA,NA,NA,NA,NA,NA,NA,NA,NA,NA,NA,NA,NA,NA,NA,NA,NA,NA
0000006265544,0,0,0,Single Serve,NA,NA,NA,NA,NA,NA,NA,NA,NA,NA,NA,NA,NA,NA,NA,NA,NA,NA,NA,NA,NA,NA,NA,NA
0000332192786,0,0,0,Single Serve,NA,NA,NA,NA,NA,NA,NA,NA,NA,NA,NA,NA,NA,NA,NA,NA,NA,NA,NA,NA,NA,NA,NA,NA
0087282400883,926433.1494,287720.4679,0,Single Serve,Non- Indulgent,Pepperoni,Others,Others,Pepperoni,Non-Veg,NA,No Gluten Claim Present,Premium,Regular Crust,11.2 Oz,Medium (10-18 Oz),Conv Oven,Thick/Original,NA,2 Ct,Box,No Vegan Claim Present,No Natural Claim Present,No Gmo Claim Present,No Organic Claim Present,No Plant based claim,No Preservative-Free Claim Present,Non BFY
0007465330382,0,0,1,Single Serve,Non- Indulgent,Meat Combos,Others,Deluxe/Supreme/Meat Combo,Meat Combos,PL,PL,No Gluten Claim Present,Value,Regular Crust,7.2 Oz,Small (<=10 Oz),Conv Oven,PL,PL,1 Ct,Box,No Vegan Claim Present,No Natural Claim Present,No Gmo Claim Present,No Organic Claim Present,No Plant based claim,No Preservative-Free Claim Present,Non BFY
0007192172102,0,0,1,Single Serve,Non- Indulgent,Meat Combos,Others,Deluxe/Supreme/Meat Combo,Meat Combos,PL,PL,No Gluten Claim Present,Value,Regular Crust,7.2 Oz,Small (<=10 Oz),Conv Oven,PL,PL,1 Ct,Box,No Vegan Claim Present,No Natural Claim Present,No Gmo Claim Present,No Organic Claim Present,No Plant based claim,No Preservative-Free Claim Present,Non BFY
0007218056635,3.106530695,0.688023577,0,Single Serve,Non- Indulgent,Meat Combos,Others,Deluxe/Supreme/Meat Combo,Meat Combos,PL,PL,No Gluten Claim Present,Value,Regular Crust,7.2 Oz,Small (<=10 Oz),Conv Oven,PL,PL,1 Ct,Box,No Vegan Claim Present,No Natural Claim Present,No Gmo Claim Present,No Organic Claim Present,No Plant based claim,No Preservative-Free Claim Present,Non BFY
0000487013997,0,0,0,Single Serve,NA,NA,NA,NA,NA,NA,NA,NA,NA,NA,NA,NA,NA,NA,NA,NA,NA,NA,NA,NA,NA,NA,NA,NA
0087282400881,51.3907403,22.94229478,0,Single Serve,Non- Indulgent,Pepperoni,Others,Others,Pepperoni,Non-Veg,NA,No Gluten Claim Present,Premium,Regular Crust,11.2 Oz,Medium (10-18 Oz),Conv Oven,Thick/Original,NA,2 Ct,Box,No Vegan Claim Present,No Natural Claim Present,No Gmo Claim Present,No Organic Claim Present,No Plant based claim,No Preservative-Free Claim Present,Non BFY
0007738712717,0,0,0,Single Serve,Non- Indulgent,Pepperoni,Others,Others,Pepperoni,PL,PL,No Gluten Claim Present,Value,Regular Crust,5.2 Oz,Small (<=10 Oz),Mw Or Conv Oven,PL,PL,1 Ct,Box,No Vegan Claim Present,No Natural Claim Present,No Gmo Claim Present,No Organic Claim Present,No Plant based claim,No Preservative-Free Claim Present,Non BFY
0007218063396,0,0,0,Single Serve,Non- Indulgent,Meat Combos,Others,Deluxe/Supreme/Meat Combo,Meat Combos,PL,PL,No Gluten Claim Present,Value,Regular Crust,7.2 Oz,Small (<=10 Oz),Conv Oven,PL,PL,1 Ct,Box,No Vegan Claim Present,No Natural Claim Present,No Gmo Claim Present,No Organic Claim Present,No Plant based claim,No Preservative-Free Claim Present,Non BFY
0000044543077,0,0,0,Single Serve,NA,NA,NA,NA,NA,NA,NA,NA,NA,NA,NA,NA,NA,NA,NA,NA,NA,NA,NA,NA,NA,NA,NA,NA
0000199982234,0,0,0,Single Serve,NA,NA,NA,NA,NA,NA,NA,NA,NA,NA,NA,NA,NA,NA,NA,NA,NA,NA,NA,NA,NA,NA,NA,NA
0007570615113,0,0,0,Single Serve,Non- Indulgent,Meat Combos,Others,Deluxe/Supreme/Meat Combo,Meat Combos,PL,PL,No Gluten Claim Present,Value,Regular Crust,7.2 Oz,Small (<=10 Oz),Conv Oven,PL,PL,1 Ct,Box,No Vegan Claim Present,No Natural Claim Present,No Gmo Claim Present,No Organic Claim Present,No Plant based claim,No Preservative-Free Claim Present,Non BFY
0003913116883,955668.6558,145968.5326,0,Single Serve,Non- Indulgent,Pepperoni,Others,Others,Pepperoni,PL,PL,No Gluten Claim Present,Value,Regular Crust,7.2 Oz,Small (<=10 Oz),Conv Oven,PL,PL,1 Ct,Box,No Vegan Claim Present,No Natural Claim Present,No Gmo Claim Present,No Organic Claim Present,No Plant based claim,No Preservative-Free Claim Present,Non BFY
0007218073375,10525710.83,2287234.067,0,Single Serve,Non- Indulgent,Meat Combos,Others,Deluxe/Supreme/Meat Combo,Meat Combos,PL,PL,No Gluten Claim Present,Value,Regular Crust,7.2 Oz,Small (<=10 Oz),Conv Oven,PL,PL,1 Ct,Box,No Vegan Claim Present,No Natural Claim Present,No Gmo Claim Present,No Organic Claim Present,No Plant based claim,No Preservative-Free Claim Present,Non BFY
0000000461669,0,0,1,Single Serve,NA,NA,NA,NA,NA,NA,NA,NA,NA,NA,NA,NA,NA,NA,NA,NA,NA,NA,NA,NA,NA,NA,NA,NA
0007192103109,62671.56155,10499.26141,1,Single Serve,Non- Indulgent,Meat Combos,Others,Deluxe/Supreme/Meat Combo,Meat Combos,PL,PL,No Gluten Claim Present,Value,Regular Crust,7.2 Oz,Small (<=10 Oz),Conv Oven,PL,PL,1 Ct,Box,No Vegan Claim Present,No Natural Claim Present,No Gmo Claim Present,No Organic Claim Present,No Plant based claim,No Preservative-Free Claim Present,Non BFY
0000531182885,14594581.94,3658179.845,0,Single Serve,NA,NA,NA,NA,NA,NA,NA,NA,NA,NA,NA,NA,NA,NA,NA,NA,NA,NA,NA,NA,NA,NA,NA,NA
0007192137555,0,0,1,Single Serve,Non- Indulgent,Meat Combos,Others,Deluxe/Supreme/Meat Combo,Meat Combos,PL,PL,No Gluten Claim Present,Value,Regular Crust,7.2 Oz,Small (<=10 Oz),Conv Oven,PL,PL,1 Ct,Box,No Vegan Claim Present,No Natural Claim Present,No Gmo Claim Present,No Organic Claim Present,No Plant based claim,No Preservative-Free Claim Present,Non BFY
0000441584946,0,0,0,Single Serve,NA,NA,NA,NA,NA,NA,NA,NA,NA,NA,NA,NA,NA,NA,NA,NA,NA,NA,NA,NA,NA,NA,NA,NA
0004309856377,7101.689709,854.8261729,0,Single Serve,Non- Indulgent,Meat Combos,Others,Deluxe/Supreme/Meat Combo,Meat Combos,PL,PL,No Gluten Claim Present,Value,Regular Crust,7.2 Oz,Small (<=10 Oz),Conv Oven,PL,PL,1 Ct,Box,No Vegan Claim Present,No Natural Claim Present,No Gmo Claim Present,No Organic Claim Present,No Plant based claim,No Preservative-Free Claim Present,Non BFY
0000790590709,0,0,0,Single Serve,NA,NA,NA,NA,NA,NA,NA,NA,NA,NA,NA,NA,NA,NA,NA,NA,NA,NA,NA,NA,NA,NA,NA,NA
0086281600030,31503.38569,2048.714044,0,Single Serve,Non- Indulgent,Pepperoni,Others,Others,Pepperoni,Non-Veg,NA,No Gluten Claim Present,Premium,Regular Crust,11.2 Oz,Medium (10-18 Oz),Conv Oven,Thick/Original,NA,2 Ct,Box,No Vegan Claim Present,No Natural Claim Present,No Gmo Claim Present,No Organic Claim Present,No Plant based claim,No Preservative-Free Claim Present,Non BFY
0001960004580,3836549.307,1079578.879,0,Single Serve,Non- Indulgent,Pepperoni,Others,Others,Pepperoni,Non-Veg,Red Sauce,No Gluten Claim Present,Mid Tier,Ao Crust,35.25 Oz,Large (>18 Oz),Conv Oven,Thick/Original,Regular Crust,6 Ct,Bag In Box,No Vegan Claim Present,No Natural Claim Present,No Gmo Claim Present,No Organic Claim Present,No Plant based claim,No Preservative-Free Claim Present,Non BFY
0000385979817,0,0,0,Single Serve,NA,NA,NA,NA,NA,NA,NA,NA,NA,NA,NA,NA,NA,NA,NA,NA,NA,NA,NA,NA,NA,NA,NA,NA
0003530043462,1.329261106,0.334891364,0,Single Serve,Non- Indulgent,Pepperoni,Others,Others,Pepperoni,PL,PL,No Gluten Claim Present,Value,Regular Crust,7.2 Oz,Small (<=10 Oz),Conv Oven,PL,PL,1 Ct,Box,No Vegan Claim Present,No Natural Claim Present,No Gmo Claim Present,No Organic Claim Present,No Plant based claim,No Preservative-Free Claim Present,Non BFY
0001960004680,2.177451228,0.661559516,0,Single Serve,Non- Indulgent,Pepperoni,Others,Others,Pepperoni,Non-Veg,Red Sauce,No Gluten Claim Present,Mid Tier,Ao Crust,35.25 Oz,Large (>18 Oz),Conv Oven,Thick/Original,Regular Crust,6 Ct,Bag In Box,No Vegan Claim Present,No Natural Claim Present,No Gmo Claim Present,No Organic Claim Present,No Plant based claim,No Preservative-Free Claim Present,Non BFY
0082610500063,608.7876841,77.83799778,0,Single Serve,Non- Indulgent,Pepperoni,Others,Others,Pepperoni,Non-Veg,NA,No Gluten Claim Present,Premium,Regular Crust,11.2 Oz,Medium (10-18 Oz),Conv Oven,Thick/Original,NA,2 Ct,Box,No Vegan Claim Present,No Natural Claim Present,No Gmo Claim Present,No Organic Claim Present,No Plant based claim,No Preservative-Free Claim Present,Non BFY
0085832400675,0,0,0,Single Serve,Non- Indulgent,Pepperoni,Others,Others,Pepperoni,Non-Veg,NA,No Gluten Claim Present,Premium,Regular Crust,11.2 Oz,Medium (10-18 Oz),Conv Oven,Thick/Original,NA,2 Ct,Box,No Vegan Claim Present,No Natural Claim Present,No Gmo Claim Present,No Organic Claim Present,No Plant based claim,No Preservative-Free Claim Present,Non BFY
0270070883038,0,0,0,Single Serve,Non- Indulgent,Pepperoni,Others,Others,Pepperoni,Non-Veg,NA,No Gluten Claim Present,Premium,Regular Crust,11.2 Oz,Medium (10-18 Oz),Conv Oven,Thick/Original,NA,2 Ct,Box,No Vegan Claim Present,No Natural Claim Present,No Gmo Claim Present,No Organic Claim Present,No Plant based claim,No Preservative-Free Claim Present,Non BFY
0087282400844,0,0,0,Single Serve,Non- Indulgent,Pepperoni,Others,Others,Pepperoni,Non-Veg,NA,No Gluten Claim Present,Premium,Regular Crust,11.2 Oz,Medium (10-18 Oz),Conv Oven,Thick/Original,NA,2 Ct,Box,No Vegan Claim Present,No Natural Claim Present,No Gmo Claim Present,No Organic Claim Present,No Plant based claim,No Preservative-Free Claim Present,Non BFY
0082610500055,183.1264691,28.06112642,0,Single Serve,Non- Indulgent,Pepperoni,Others,Others,Pepperoni,Non-Veg,NA,No Gluten Claim Present,Premium,Regular Crust,11.2 Oz,Medium (10-18 Oz),Conv Oven,Thick/Original,NA,2 Ct,Box,No Vegan Claim Present,No Natural Claim Present,No Gmo Claim Present,No Organic Claim Present,No Plant based claim,No Preservative-Free Claim Present,Non BFY
0003068470158,0,0,0,Single Serve,Non- Indulgent,Pepperoni,Others,Others,Pepperoni,Non-Veg,Red Sauce,No Gluten Claim Present,Mid Tier,Ao Crust,35.25 Oz,Large (>18 Oz),Conv Oven,Thick/Original,Regular Crust,6 Ct,Bag In Box,No Vegan Claim Present,No Natural Claim Present,No Gmo Claim Present,No Organic Claim Present,No Plant based claim,No Preservative-Free Claim Present,Non BFY
0007218056633,55196.189,8861.037881,0,Single Serve,Non- Indulgent,Meat Combos,Others,Deluxe/Supreme/Meat Combo,Meat Combos,PL,PL,No Gluten Claim Present,Value,Regular Crust,7.2 Oz,Small (<=10 Oz),Conv Oven,PL,PL,1 Ct,Box,No Vegan Claim Present,No Natural Claim Present,No Gmo Claim Present,No Organic Claim Present,No Plant based claim,No Preservative-Free Claim Present,Non BFY
0069224300250,0,0,0,Single Serve,Non- Indulgent,Pepperoni,Others,Others,Pepperoni,Non-Veg,NA,No Gluten Claim Present,Premium,Regular Crust,11.2 Oz,Medium (10-18 Oz),Conv Oven,Thick/Original,NA,2 Ct,Box,No Vegan Claim Present,No Natural Claim Present,No Gmo Claim Present,No Organic Claim Present,No Plant based claim,No Preservative-Free Claim Present,Non BFY
0071006930117,6977.183143,612.4188445,0,Single Serve,Non- Indulgent,Pepperoni,Others,Others,Pepperoni,Non-Veg,NA,No Gluten Claim Present,Premium,Regular Crust,11.2 Oz,Medium (10-18 Oz),Conv Oven,Thick/Original,NA,2 Ct,Box,No Vegan Claim Present,No Natural Claim Present,No Gmo Claim Present,No Organic Claim Present,No Plant based claim,No Preservative-Free Claim Present,Non BFY
0075574912685,2695.508185,211.469261,0,Single Serve,Non- Indulgent,Pepperoni,Others,Others,Pepperoni,Non-Veg,NA,No Gluten Claim Present,Premium,Regular Crust,11.2 Oz,Medium (10-18 Oz),Conv Oven,Thick/Original,NA,2 Ct,Box,No Vegan Claim Present,No Natural Claim Present,No Gmo Claim Present,No Organic Claim Present,No Plant based claim,No Preservative-Free Claim Present,Non BFY
0000366879616,0,0,0,Single Serve,NA,NA,NA,NA,NA,NA,NA,NA,NA,NA,NA,NA,NA,NA,NA,NA,NA,NA,NA,NA,NA,NA,NA,NA
0007192148448,0,0,1,Single Serve,Non- Indulgent,Meat Combos,Others,Deluxe/Supreme/Meat Combo,Meat Combos,PL,PL,No Gluten Claim Present,Value,Regular Crust,7.2 Oz,Small (<=10 Oz),Conv Oven,PL,PL,1 Ct,Box,No Vegan Claim Present,No Natural Claim Present,No Gmo Claim Present,No Organic Claim Present,No Plant based claim,No Preservative-Free Claim Present,Non BFY
0000264677782,40.85,12.9375,0,Single Serve,NA,NA,NA,NA,NA,NA,NA,NA,NA,NA,NA,NA,NA,NA,NA,NA,NA,NA,NA,NA,NA,NA,NA,NA
0000349249702,1225339.352,381830.8893,0,Single Serve,NA,NA,NA,NA,NA,NA,NA,NA,NA,NA,NA,NA,NA,NA,NA,NA,NA,NA,NA,NA,NA,NA,NA,NA
0087282400888,243939.193,75442.87996,0,Single Serve,Non- Indulgent,Pepperoni,Others,Others,Pepperoni,Non-Veg,NA,No Gluten Claim Present,Premium,Regular Crust,11.2 Oz,Medium (10-18 Oz),Conv Oven,Thick/Original,NA,2 Ct,Box,No Vegan Claim Present,No Natural Claim Present,No Gmo Claim Present,No Organic Claim Present,No Plant based claim,No Preservative-Free Claim Present,Non BFY
0019641100006,6130.182629,319.4941096,0,Single Serve,Non- Indulgent,Ao Topping,Others,Others,Ao Topping,Vegetarian,NA,Gluten Free Claim,Super Premium,Veggie Crust,10 Oz,Small (<=10 Oz),Mw Or Conv Oven,Thin,Healthy,1 Ct,Box,No Vegan Claim Present,No Natural Claim Present,No Gmo Claim Present,No Organic Claim Present,No Plant based claim,No Preservative-Free Claim Present,BFY
0087282400885,92.50333254,41.2961306,0,Single Serve,Non- Indulgent,Pepperoni,Others,Others,Pepperoni,Non-Veg,NA,No Gluten Claim Present,Premium,Regular Crust,11.2 Oz,Medium (10-18 Oz),Conv Oven,Thick/Original,NA,2 Ct,Box,No Vegan Claim Present,No Natural Claim Present,No Gmo Claim Present,No Organic Claim Present,No Plant based claim,No Preservative-Free Claim Present,Non BFY
0000691902105,30.57,5.25,0,Single Serve,NA,NA,NA,NA,NA,NA,NA,NA,NA,NA,NA,NA,NA,NA,NA,NA,NA,NA,NA,NA,NA,NA,NA,NA
0007218073069,128665.5444,13800.149,0,Single Serve,Non- Indulgent,Meat Combos,Others,Deluxe/Supreme/Meat Combo,Meat Combos,PL,PL,No Gluten Claim Present,Value,Regular Crust,7.2 Oz,Small (<=10 Oz),Conv Oven,PL,PL,1 Ct,Box,No Vegan Claim Present,No Natural Claim Present,No Gmo Claim Present,No Organic Claim Present,No Plant based claim,No Preservative-Free Claim Present,Non BFY
0003530043465,0,0,0,Single Serve,Non- Indulgent,Pepperoni,Others,Others,Pepperoni,PL,PL,No Gluten Claim Present,Value,Regular Crust,7.2 Oz,Small (<=10 Oz),Conv Oven,PL,PL,1 Ct,Box,No Vegan Claim Present,No Natural Claim Present,No Gmo Claim Present,No Organic Claim Present,No Plant based claim,No Preservative-Free Claim Present,Non BFY
0000000257761,159.8576417,13.64882378,1,Single Serve,NA,NA,NA,NA,NA,NA,NA,NA,NA,NA,NA,NA,NA,NA,NA,NA,NA,NA,NA,NA,NA,NA,NA,NA
0007192101666,22821964.23,2900748.398,1,Single Serve,Non- Indulgent,Meat Combos,Others,Deluxe/Supreme/Meat Combo,Meat Combos,PL,PL,No Gluten Claim Present,Value,Regular Crust,7.2 Oz,Small (<=10 Oz),Conv Oven,PL,PL,1 Ct,Box,No Vegan Claim Present,No Natural Claim Present,No Gmo Claim Present,No Organic Claim Present,No Plant based claim,No Preservative-Free Claim Present,Non BFY
0007454207527,0,0,0,Single Serve,Non- Indulgent,Meat Combos,Others,Deluxe/Supreme/Meat Combo,Meat Combos,PL,PL,No Gluten Claim Present,Value,Regular Crust,7.2 Oz,Small (<=10 Oz),Conv Oven,PL,PL,1 Ct,Box,No Vegan Claim Present,No Natural Claim Present,No Gmo Claim Present,No Organic Claim Present,No Plant based claim,No Preservative-Free Claim Present,Non BFY
0000030620130,0,0,0,Single Serve,NA,NA,NA,NA,NA,NA,NA,NA,NA,NA,NA,NA,NA,NA,NA,NA,NA,NA,NA,NA,NA,NA,NA,NA
0000026461433,913072.376,242245.0046,0,Single Serve,NA,NA,NA,NA,NA,NA,NA,NA,NA,NA,NA,NA,NA,NA,NA,NA,NA,NA,NA,NA,NA,NA,NA,NA
0000266243743,85.91,27.075,0,Single Serve,NA,NA,NA,NA,NA,NA,NA,NA,NA,NA,NA,NA,NA,NA,NA,NA,NA,NA,NA,NA,NA,NA,NA,NA
0000692300954,338826.5452,88646.40499,0,Single Serve,NA,NA,NA,NA,NA,NA,NA,NA,NA,NA,NA,NA,NA,NA,NA,NA,NA,NA,NA,NA,NA,NA,NA,NA
0087282400841,0,0,0,Single Serve,Non- Indulgent,Pepperoni,Others,Others,Pepperoni,Non-Veg,NA,No Gluten Claim Present,Premium,Regular Crust,11.2 Oz,Medium (10-18 Oz),Conv Oven,Thick/Original,NA,2 Ct,Box,No Vegan Claim Present,No Natural Claim Present,No Gmo Claim Present,No Organic Claim Present,No Plant based claim,No Preservative-Free Claim Present,Non BFY
0000210003724,398704.9155,109963.1597,0,Single Serve,NA,NA,NA,NA,NA,NA,NA,NA,NA,NA,NA,NA,NA,NA,NA,NA,NA,NA,NA,NA,NA,NA,NA,NA
0089245300118,0,0,0,Single Serve,Non- Indulgent,Pepperoni,Others,Others,Pepperoni,Non-Veg,NA,No Gluten Claim Present,Premium,Regular Crust,11.2 Oz,Medium (10-18 Oz),Conv Oven,Thick/Original,NA,2 Ct,Box,No Vegan Claim Present,No Natural Claim Present,No Gmo Claim Present,No Organic Claim Present,No Plant based claim,No Preservative-Free Claim Present,Non BFY
0007390000016,16556.12034,2451.825532,0,Single Serve,Non- Indulgent,Meat Combos,Others,Deluxe/Supreme/Meat Combo,Meat Combos,PL,PL,No Gluten Claim Present,Value,Regular Crust,7.2 Oz,Small (<=10 Oz),Conv Oven,PL,PL,1 Ct,Box,No Vegan Claim Present,No Natural Claim Present,No Gmo Claim Present,No Organic Claim Present,No Plant based claim,No Preservative-Free Claim Present,Non BFY
0000000604189,268552.3503,102897.7218,0,Single Serve,NA,NA,NA,NA,NA,NA,NA,NA,NA,NA,NA,NA,NA,NA,NA,NA,NA,NA,NA,NA,NA,NA,NA,NA
0270071834284,0,0,1,Single Serve,Non- Indulgent,Pepperoni,Others,Others,Pepperoni,Non-Veg,NA,No Gluten Claim Present,Premium,Regular Crust,11.2 Oz,Medium (10-18 Oz),Conv Oven,Thick/Original,NA,2 Ct,Box,No Vegan Claim Present,No Natural Claim Present,No Gmo Claim Present,No Organic Claim Present,No Plant based claim,No Preservative-Free Claim Present,Non BFY
0000349249698,1616297.628,502604.3252,0,Single Serve,NA,NA,NA,NA,NA,NA,NA,NA,NA,NA,NA,NA,NA,NA,NA,NA,NA,NA,NA,NA,NA,NA,NA,NA
0000427036563,0,0,0,Single Serve,NA,NA,NA,NA,NA,NA,NA,NA,NA,NA,NA,NA,NA,NA,NA,NA,NA,NA,NA,NA,NA,NA,NA,NA
0085004518720,3775.244712,590.6743968,0,Single Serve,Non- Indulgent,Pepperoni,Others,Others,Pepperoni,Non-Veg,NA,No Gluten Claim Present,Premium,Regular Crust,11.2 Oz,Medium (10-18 Oz),Conv Oven,Thick/Original,NA,2 Ct,Box,No Vegan Claim Present,No Natural Claim Present,No Gmo Claim Present,No Organic Claim Present,No Plant based claim,No Preservative-Free Claim Present,Non BFY
0007218063553,9301545.076,1798696.512,0,Single Serve,Non- Indulgent,Meat Combos,Others,Deluxe/Supreme/Meat Combo,Meat Combos,PL,PL,No Gluten Claim Present,Value,Regular Crust,7.2 Oz,Small (<=10 Oz),Conv Oven,PL,PL,1 Ct,Box,No Vegan Claim Present,No Natural Claim Present,No Gmo Claim Present,No Organic Claim Present,No Plant based claim,No Preservative-Free Claim Present,Non BFY
0000210003864,293901.185,79937.52127,0,Single Serve,NA,NA,NA,NA,NA,NA,NA,NA,NA,NA,NA,NA,NA,NA,NA,NA,NA,NA,NA,NA,NA,NA,NA,NA
0270071736846,0,0,0,Single Serve,Non- Indulgent,Pepperoni,Others,Others,Pepperoni,Non-Veg,NA,No Gluten Claim Present,Premium,Regular Crust,11.2 Oz,Medium (10-18 Oz),Conv Oven,Thick/Original,NA,2 Ct,Box,No Vegan Claim Present,No Natural Claim Present,No Gmo Claim Present,No Organic Claim Present,No Plant based claim,No Preservative-Free Claim Present,Non BFY
0000352806944,0,0,0,Single Serve,NA,NA,NA,NA,NA,NA,NA,NA,NA,NA,NA,NA,NA,NA,NA,NA,NA,NA,NA,NA,NA,NA,NA,NA
0000266998974,0,0,0,Single Serve,NA,NA,NA,NA,NA,NA,NA,NA,NA,NA,NA,NA,NA,NA,NA,NA,NA,NA,NA,NA,NA,NA,NA,NA
0000040839179,0,0,0,Single Serve,NA,NA,NA,NA,NA,NA,NA,NA,NA,NA,NA,NA,NA,NA,NA,NA,NA,NA,NA,NA,NA,NA,NA,NA
0000505053280,0,0,0,Single Serve,NA,NA,NA,NA,NA,NA,NA,NA,NA,NA,NA,NA,NA,NA,NA,NA,NA,NA,NA,NA,NA,NA,NA,NA
0064313030011,0,0,0,Single Serve,Non- Indulgent,Pepperoni,Others,Others,Pepperoni,Non-Veg,NA,No Gluten Claim Present,Premium,Regular Crust,11.2 Oz,Medium (10-18 Oz),Conv Oven,Thick/Original,NA,2 Ct,Box,No Vegan Claim Present,No Natural Claim Present,No Gmo Claim Present,No Organic Claim Present,No Plant based claim,No Preservative-Free Claim Present,Non BFY
0004111800004,408130.1637,91706.36409,0,Single Serve,Non- Indulgent,Meat Combos,Others,Deluxe/Supreme/Meat Combo,Meat Combos,PL,PL,No Gluten Claim Present,Value,Regular Crust,7.2 Oz,Small (<=10 Oz),Conv Oven,PL,PL,1 Ct,Box,No Vegan Claim Present,No Natural Claim Present,No Gmo Claim Present,No Organic Claim Present,No Plant based claim,No Preservative-Free Claim Present,Non BFY
0004280011200,9065727.757,3131543.43,0,Single Serve,Non- Indulgent,Meat Combos,Others,Deluxe/Supreme/Meat Combo,Meat Combos,PL,PL,No Gluten Claim Present,Value,Regular Crust,7.2 Oz,Small (<=10 Oz),Conv Oven,PL,PL,1 Ct,Box,No Vegan Claim Present,No Natural Claim Present,No Gmo Claim Present,No Organic Claim Present,No Plant based claim,No Preservative-Free Claim Present,Non BFY
0004111800960,6407117.307,2371649.902,0,Single Serve,Non- Indulgent,Meat Combos,Others,Deluxe/Supreme/Meat Combo,Meat Combos,PL,PL,No Gluten Claim Present,Value,Regular Crust,7.2 Oz,Small (<=10 Oz),Conv Oven,PL,PL,1 Ct,Box,No Vegan Claim Present,No Natural Claim Present,No Gmo Claim Present,No Organic Claim Present,No Plant based claim,No Preservative-Free Claim Present,Non BFY
0000489222484,0,0,0,Single Serve,NA,NA,NA,NA,NA,NA,NA,NA,NA,NA,NA,NA,NA,NA,NA,NA,NA,NA,NA,NA,NA,NA,NA,NA
0000390134193,0,0,0,Single Serve,NA,NA,NA,NA,NA,NA,NA,NA,NA,NA,NA,NA,NA,NA,NA,NA,NA,NA,NA,NA,NA,NA,NA,NA
0000210003842,474783.7276,129651.7023,0,Single Serve,NA,NA,NA,NA,NA,NA,NA,NA,NA,NA,NA,NA,NA,NA,NA,NA,NA,NA,NA,NA,NA,NA,NA,NA
0007192158335,442765.088,55384.2372,1,Single Serve,Non- Indulgent,Meat Combos,Others,Deluxe/Supreme/Meat Combo,Meat Combos,PL,PL,No Gluten Claim Present,Value,Regular Crust,7.2 Oz,Small (<=10 Oz),Conv Oven,PL,PL,1 Ct,Box,No Vegan Claim Present,No Natural Claim Present,No Gmo Claim Present,No Organic Claim Present,No Plant based claim,No Preservative-Free Claim Present,Non BFY
0007192144774,0,0,1,Single Serve,Non- Indulgent,Meat Combos,Others,Deluxe/Supreme/Meat Combo,Meat Combos,PL,PL,No Gluten Claim Present,Value,Regular Crust,7.2 Oz,Small (<=10 Oz),Conv Oven,PL,PL,1 Ct,Box,No Vegan Claim Present,No Natural Claim Present,No Gmo Claim Present,No Organic Claim Present,No Plant based claim,No Preservative-Free Claim Present,Non BFY
0270070883380,0,0,0,Single Serve,Non- Indulgent,Pepperoni,Others,Others,Pepperoni,Non-Veg,NA,No Gluten Claim Present,Premium,Regular Crust,11.2 Oz,Medium (10-18 Oz),Conv Oven,Thick/Original,NA,2 Ct,Box,No Vegan Claim Present,No Natural Claim Present,No Gmo Claim Present,No Organic Claim Present,No Plant based claim,No Preservative-Free Claim Present,Non BFY
0081088201005,28.72092639,2.056485392,0,Single Serve,Non- Indulgent,Pepperoni,Others,Others,Pepperoni,Non-Veg,NA,No Gluten Claim Present,Premium,Regular Crust,11.2 Oz,Medium (10-18 Oz),Conv Oven,Thick/Original,NA,2 Ct,Box,No Vegan Claim Present,No Natural Claim Present,No Gmo Claim Present,No Organic Claim Present,No Plant based claim,No Preservative-Free Claim Present,Non BFY
0000000602735,0,0,0,Single Serve,NA,NA,NA,NA,NA,NA,NA,NA,NA,NA,NA,NA,NA,NA,NA,NA,NA,NA,NA,NA,NA,NA,NA,NA
0007192100827,3344900.538,424082.8892,1,Single Serve,Non- Indulgent,Meat Combos,Others,Deluxe/Supreme/Meat Combo,Meat Combos,PL,PL,No Gluten Claim Present,Value,Regular Crust,7.2 Oz,Small (<=10 Oz),Conv Oven,PL,PL,1 Ct,Box,No Vegan Claim Present,No Natural Claim Present,No Gmo Claim Present,No Organic Claim Present,No Plant based claim,No Preservative-Free Claim Present,Non BFY
0000099235003,0,0,0,Single Serve,NA,NA,NA,NA,NA,NA,NA,NA,NA,NA,NA,NA,NA,NA,NA,NA,NA,NA,NA,NA,NA,NA,NA,NA
0007218063104,486.75,59.5,0,Single Serve,Non- Indulgent,Meat Combos,Others,Deluxe/Supreme/Meat Combo,Meat Combos,PL,PL,No Gluten Claim Present,Value,Regular Crust,7.2 Oz,Small (<=10 Oz),Conv Oven,PL,PL,1 Ct,Box,No Vegan Claim Present,No Natural Claim Present,No Gmo Claim Present,No Organic Claim Present,No Plant based claim,No Preservative-Free Claim Present,Non BFY
0007204705020,0,0,0,Single Serve,Non- Indulgent,Meat Combos,Others,Deluxe/Supreme/Meat Combo,Meat Combos,PL,PL,No Gluten Claim Present,Value,Regular Crust,7.2 Oz,Small (<=10 Oz),Conv Oven,PL,PL,1 Ct,Box,No Vegan Claim Present,No Natural Claim Present,No Gmo Claim Present,No Organic Claim Present,No Plant based claim,No Preservative-Free Claim Present,Non BFY
0003100001147,16648.18303,2696.401042,0,Single Serve,Non- Indulgent,Pepperoni,Others,Others,Pepperoni,Non-Veg,Red Sauce,No Gluten Claim Present,Mid Tier,Ao Crust,35.25 Oz,Large (>18 Oz),Conv Oven,Thick/Original,Regular Crust,6 Ct,Bag In Box,No Vegan Claim Present,No Natural Claim Present,No Gmo Claim Present,No Organic Claim Present,No Plant based claim,No Preservative-Free Claim Present,Non BFY
0000957310694,828140.0415,151383.1461,0,Single Serve,Non- Indulgent,Pepperoni,Others,Others,Pepperoni,Non-Veg,PL,No Gluten Claim Present,Value,Regular Crust,7.2 Oz,Small (<=10 Oz),Conv Oven,Thick/Original,Regular Crust,1 Ct,Box,No Vegan Claim Present,No Natural Claim Present,No Gmo Claim Present,No Organic Claim Present,No Plant based claim,No Preservative-Free Claim Present,Non BFY
0270070883219,0,0,0,Single Serve,Non- Indulgent,Pepperoni,Others,Others,Pepperoni,Non-Veg,NA,No Gluten Claim Present,Premium,Regular Crust,11.2 Oz,Medium (10-18 Oz),Conv Oven,Thick/Original,NA,2 Ct,Box,No Vegan Claim Present,No Natural Claim Present,No Gmo Claim Present,No Organic Claim Present,No Plant based claim,No Preservative-Free Claim Present,Non BFY
0000339401456,0,0,0,Single Serve,NA,NA,NA,NA,NA,NA,NA,NA,NA,NA,NA,NA,NA,NA,NA,NA,NA,NA,NA,NA,NA,NA,NA,NA
0007864250701,118312.3453,18443.86345,0,Single Serve,Non- Indulgent,Pepperoni,Others,Others,Pepperoni,PL,PL,No Gluten Claim Present,Value,Regular Crust,5.2 Oz,Small (<=10 Oz),Mw Or Conv Oven,PL,PL,1 Ct,Box,No Vegan Claim Present,No Natural Claim Present,No Gmo Claim Present,No Organic Claim Present,No Plant based claim,No Preservative-Free Claim Present,Non BFY
0003913116882,1670037.986,223260.1215,0,Single Serve,Non- Indulgent,Pepperoni,Others,Others,Pepperoni,PL,PL,No Gluten Claim Present,Value,Regular Crust,7.2 Oz,Small (<=10 Oz),Conv Oven,PL,PL,1 Ct,Box,No Vegan Claim Present,No Natural Claim Present,No Gmo Claim Present,No Organic Claim Present,No Plant based claim,No Preservative-Free Claim Present,Non BFY
0060629350523,34857.95303,2227.619296,0,Single Serve,Non- Indulgent,Pepperoni,Others,Others,Pepperoni,Non-Veg,NA,No Gluten Claim Present,Premium,Regular Crust,11.2 Oz,Medium (10-18 Oz),Conv Oven,Thick/Original,NA,2 Ct,Box,No Vegan Claim Present,No Natural Claim Present,No Gmo Claim Present,No Organic Claim Present,No Plant based claim,No Preservative-Free Claim Present,Non BFY
0004280014163,534290.9986,124548.064,0,Single Serve,Non- Indulgent,Meat Combos,Others,Deluxe/Supreme/Meat Combo,Meat Combos,PL,PL,No Gluten Claim Present,Value,Regular Crust,7.2 Oz,Small (<=10 Oz),Conv Oven,PL,PL,1 Ct,Box,No Vegan Claim Present,No Natural Claim Present,No Gmo Claim Present,No Organic Claim Present,No Plant based claim,No Preservative-Free Claim Present,Non BFY
0000188522507,0,0,0,Single Serve,NA,NA,NA,NA,NA,NA,NA,NA,NA,NA,NA,NA,NA,NA,NA,NA,NA,NA,NA,NA,NA,NA,NA,NA
0007218050130,0,0,0,Single Serve,Non- Indulgent,Meat Combos,Others,Deluxe/Supreme/Meat Combo,Meat Combos,PL,PL,No Gluten Claim Present,Value,Regular Crust,7.2 Oz,Small (<=10 Oz),Conv Oven,PL,PL,1 Ct,Box,No Vegan Claim Present,No Natural Claim Present,No Gmo Claim Present,No Organic Claim Present,No Plant based claim,No Preservative-Free Claim Present,Non BFY
0002057281475,0,0,0,Single Serve,Non- Indulgent,Pepperoni,Others,Others,Pepperoni,Non-Veg,Red Sauce,No Gluten Claim Present,Mid Tier,Ao Crust,35.25 Oz,Large (>18 Oz),Conv Oven,Thick/Original,Regular Crust,6 Ct,Bag In Box,No Vegan Claim Present,No Natural Claim Present,No Gmo Claim Present,No Organic Claim Present,No Plant based claim,No Preservative-Free Claim Present,Non BFY
0081434302166,0,0,0,Single Serve,Non- Indulgent,Pepperoni,Others,Others,Pepperoni,Non-Veg,NA,No Gluten Claim Present,Premium,Regular Crust,11.2 Oz,Medium (10-18 Oz),Conv Oven,Thick/Original,NA,2 Ct,Box,No Vegan Claim Present,No Natural Claim Present,No Gmo Claim Present,No Organic Claim Present,No Plant based claim,No Preservative-Free Claim Present,Non BFY
0000030161267,3.245862241,0.680759698,0,Single Serve,NA,NA,NA,NA,NA,NA,NA,NA,NA,NA,NA,NA,NA,NA,NA,NA,NA,NA,NA,NA,NA,NA,NA,NA
0085350700857,14581.02234,1492.644741,0,Single Serve,Non- Indulgent,Pepperoni,Others,Others,Pepperoni,Non-Veg,NA,No Gluten Claim Present,Premium,Regular Crust,11.2 Oz,Medium (10-18 Oz),Conv Oven,Thick/Original,NA,2 Ct,Box,No Vegan Claim Present,No Natural Claim Present,No Gmo Claim Present,No Organic Claim Present,No Plant based claim,No Preservative-Free Claim Present,Non BFY
0085832400604,0,0,0,Single Serve,Non- Indulgent,Pepperoni,Others,Others,Pepperoni,Non-Veg,NA,No Gluten Claim Present,Premium,Regular Crust,11.2 Oz,Medium (10-18 Oz),Conv Oven,Thick/Original,NA,2 Ct,Box,No Vegan Claim Present,No Natural Claim Present,No Gmo Claim Present,No Organic Claim Present,No Plant based claim,No Preservative-Free Claim Present,Non BFY
0000417236294,0,0,0,Single Serve,NA,NA,NA,NA,NA,NA,NA,NA,NA,NA,NA,NA,NA,NA,NA,NA,NA,NA,NA,NA,NA,NA,NA,NA
0001380015171,0,0,1,Single Serve,Non- Indulgent,Pepperoni,Others,Others,Pepperoni,Non-Veg,PL,No Gluten Claim Present,Value,Regular Crust,7.2 Oz,Small (<=10 Oz),Conv Oven,Thick/Original,Regular Crust,1 Ct,Box,No Vegan Claim Present,No Natural Claim Present,No Gmo Claim Present,No Organic Claim Present,No Plant based claim,No Preservative-Free Claim Present,Non BFY
0000335809605,358779.3483,81286.51253,0,Single Serve,NA,NA,NA,NA,NA,NA,NA,NA,NA,NA,NA,NA,NA,NA,NA,NA,NA,NA,NA,NA,NA,NA,NA,NA
0085955300415,0,0,0,Single Serve,Non- Indulgent,Pepperoni,Others,Others,Pepperoni,Non-Veg,NA,No Gluten Claim Present,Premium,Regular Crust,11.2 Oz,Medium (10-18 Oz),Conv Oven,Thick/Original,NA,2 Ct,Box,No Vegan Claim Present,No Natural Claim Present,No Gmo Claim Present,No Organic Claim Present,No Plant based claim,No Preservative-Free Claim Present,Non BFY
0009162700002,0,0,0,Single Serve,Non- Indulgent,Pepperoni,Others,Others,Pepperoni,PL,PL,No Gluten Claim Present,Value,Regular Crust,5.2 Oz,Small (<=10 Oz),Mw Or Conv Oven,PL,PL,1 Ct,Box,No Vegan Claim Present,No Natural Claim Present,No Gmo Claim Present,No Organic Claim Present,No Plant based claim,No Preservative-Free Claim Present,Non BFY
0081217703106,0,0,0,Single Serve,Non- Indulgent,Pepperoni,Others,Others,Pepperoni,Non-Veg,NA,No Gluten Claim Present,Premium,Regular Crust,11.2 Oz,Medium (10-18 Oz),Conv Oven,Thick/Original,NA,2 Ct,Box,No Vegan Claim Present,No Natural Claim Present,No Gmo Claim Present,No Organic Claim Present,No Plant based claim,No Preservative-Free Claim Present,Non BFY
0000054077984,0,0,0,Single Serve,NA,NA,NA,NA,NA,NA,NA,NA,NA,NA,NA,NA,NA,NA,NA,NA,NA,NA,NA,NA,NA,NA,NA,NA
0270070883040,0,0,0,Single Serve,Non- Indulgent,Pepperoni,Others,Others,Pepperoni,Non-Veg,NA,No Gluten Claim Present,Premium,Regular Crust,11.2 Oz,Medium (10-18 Oz),Conv Oven,Thick/Original,NA,2 Ct,Box,No Vegan Claim Present,No Natural Claim Present,No Gmo Claim Present,No Organic Claim Present,No Plant based claim,No Preservative-Free Claim Present,Non BFY
0000335809604,178542.7516,40582.67645,0,Single Serve,NA,NA,NA,NA,NA,NA,NA,NA,NA,NA,NA,NA,NA,NA,NA,NA,NA,NA,NA,NA,NA,NA,NA,NA
0000000461670,0,0,1,Single Serve,NA,NA,NA,NA,NA,NA,NA,NA,NA,NA,NA,NA,NA,NA,NA,NA,NA,NA,NA,NA,NA,NA,NA,NA
0003100001146,14346.56893,3240.605469,0,Single Serve,Non- Indulgent,Pepperoni,Others,Others,Pepperoni,Non-Veg,Red Sauce,No Gluten Claim Present,Mid Tier,Ao Crust,35.25 Oz,Large (>18 Oz),Conv Oven,Thick/Original,Regular Crust,6 Ct,Bag In Box,No Vegan Claim Present,No Natural Claim Present,No Gmo Claim Present,No Organic Claim Present,No Plant based claim,No Preservative-Free Claim Present,Non BFY
0270071075950,0,0,0,Single Serve,Non- Indulgent,Pepperoni,Others,Others,Pepperoni,Non-Veg,NA,No Gluten Claim Present,Premium,Regular Crust,11.2 Oz,Medium (10-18 Oz),Conv Oven,Thick/Original,NA,2 Ct,Box,No Vegan Claim Present,No Natural Claim Present,No Gmo Claim Present,No Organic Claim Present,No Plant based claim,No Preservative-Free Claim Present,Non BFY
0007218050126,527187.9417,79739.43231,0,Single Serve,Non- Indulgent,Meat Combos,Others,Deluxe/Supreme/Meat Combo,Meat Combos,PL,PL,No Gluten Claim Present,Value,Regular Crust,7.2 Oz,Small (<=10 Oz),Conv Oven,PL,PL,1 Ct,Box,No Vegan Claim Present,No Natural Claim Present,No Gmo Claim Present,No Organic Claim Present,No Plant based claim,No Preservative-Free Claim Present,Non BFY
0001202007185,11457.3679,1719.477508,0,Single Serve,Non- Indulgent,Pepperoni,Others,Others,Pepperoni,Non-Veg,PL,No Gluten Claim Present,Value,Regular Crust,7.2 Oz,Small (<=10 Oz),Conv Oven,Thick/Original,Regular Crust,1 Ct,Box,No Vegan Claim Present,No Natural Claim Present,No Gmo Claim Present,No Organic Claim Present,No Plant based claim,No Preservative-Free Claim Present,Non BFY
0085608200762,41.06908057,2.499328345,0,Single Serve,Non- Indulgent,Pepperoni,Others,Others,Pepperoni,Non-Veg,NA,No Gluten Claim Present,Premium,Regular Crust,11.2 Oz,Medium (10-18 Oz),Conv Oven,Thick/Original,NA,2 Ct,Box,No Vegan Claim Present,No Natural Claim Present,No Gmo Claim Present,No Organic Claim Present,No Plant based claim,No Preservative-Free Claim Present,Non BFY
0085004518719,4176.525247,753.7176614,0,Single Serve,Non- Indulgent,Pepperoni,Others,Others,Pepperoni,Non-Veg,NA,No Gluten Claim Present,Premium,Regular Crust,11.2 Oz,Medium (10-18 Oz),Conv Oven,Thick/Original,NA,2 Ct,Box,No Vegan Claim Present,No Natural Claim Present,No Gmo Claim Present,No Organic Claim Present,No Plant based claim,No Preservative-Free Claim Present,Non BFY
0085695200128,0,0,0,Single Serve,Non- Indulgent,Pepperoni,Others,Others,Pepperoni,Non-Veg,NA,No Gluten Claim Present,Premium,Regular Crust,11.2 Oz,Medium (10-18 Oz),Conv Oven,Thick/Original,NA,2 Ct,Box,No Vegan Claim Present,No Natural Claim Present,No Gmo Claim Present,No Organic Claim Present,No Plant based claim,No Preservative-Free Claim Present,Non BFY
0000004386344,0,0,0,Single Serve,NA,NA,NA,NA,NA,NA,NA,NA,NA,NA,NA,NA,NA,NA,NA,NA,NA,NA,NA,NA,NA,NA,NA,NA
0000753902888,0,0,0,Single Serve,NA,NA,NA,NA,NA,NA,NA,NA,NA,NA,NA,NA,NA,NA,NA,NA,NA,NA,NA,NA,NA,NA,NA,NA
0007192191720,0,0,1,Single Serve,Non- Indulgent,Meat Combos,Others,Deluxe/Supreme/Meat Combo,Meat Combos,PL,PL,No Gluten Claim Present,Value,Regular Crust,7.2 Oz,Small (<=10 Oz),Conv Oven,PL,PL,1 Ct,Box,No Vegan Claim Present,No Natural Claim Present,No Gmo Claim Present,No Organic Claim Present,No Plant based claim,No Preservative-Free Claim Present,Non BFY
0000454679468,13.18371865,2.495985925,0,Single Serve,NA,NA,NA,NA,NA,NA,NA,NA,NA,NA,NA,NA,NA,NA,NA,NA,NA,NA,NA,NA,NA,NA,NA,NA
0071153551274,0,0,0,Single Serve,Non- Indulgent,Pepperoni,Others,Others,Pepperoni,Non-Veg,NA,No Gluten Claim Present,Premium,Regular Crust,11.2 Oz,Medium (10-18 Oz),Conv Oven,Thick/Original,NA,2 Ct,Box,No Vegan Claim Present,No Natural Claim Present,No Gmo Claim Present,No Organic Claim Present,No Plant based claim,No Preservative-Free Claim Present,Non BFY
0085001027922,27.38657935,1.980119753,0,Single Serve,Non- Indulgent,Pepperoni,Others,Others,Pepperoni,Non-Veg,NA,No Gluten Claim Present,Premium,Regular Crust,11.2 Oz,Medium (10-18 Oz),Conv Oven,Thick/Original,NA,2 Ct,Box,No Vegan Claim Present,No Natural Claim Present,No Gmo Claim Present,No Organic Claim Present,No Plant based claim,No Preservative-Free Claim Present,Non BFY
0007204705040,0,0,0,Single Serve,Non- Indulgent,Meat Combos,Others,Deluxe/Supreme/Meat Combo,Meat Combos,PL,PL,No Gluten Claim Present,Value,Regular Crust,7.2 Oz,Small (<=10 Oz),Conv Oven,PL,PL,1 Ct,Box,No Vegan Claim Present,No Natural Claim Present,No Gmo Claim Present,No Organic Claim Present,No Plant based claim,No Preservative-Free Claim Present,Non BFY
0007192113919,0,0,1,Single Serve,Non- Indulgent,Meat Combos,Others,Deluxe/Supreme/Meat Combo,Meat Combos,PL,PL,No Gluten Claim Present,Value,Regular Crust,7.2 Oz,Small (<=10 Oz),Conv Oven,PL,PL,1 Ct,Box,No Vegan Claim Present,No Natural Claim Present,No Gmo Claim Present,No Organic Claim Present,No Plant based claim,No Preservative-Free Claim Present,Non BFY
0007390000003,1356.450567,248.2472661,0,Single Serve,Non- Indulgent,Meat Combos,Others,Deluxe/Supreme/Meat Combo,Meat Combos,PL,PL,No Gluten Claim Present,Value,Regular Crust,7.2 Oz,Small (<=10 Oz),Conv Oven,PL,PL,1 Ct,Box,No Vegan Claim Present,No Natural Claim Present,No Gmo Claim Present,No Organic Claim Present,No Plant based claim,No Preservative-Free Claim Present,Non BFY
0064313030014,0,0,0,Single Serve,Non- Indulgent,Pepperoni,Others,Others,Pepperoni,Non-Veg,NA,No Gluten Claim Present,Premium,Regular Crust,11.2 Oz,Medium (10-18 Oz),Conv Oven,Thick/Original,NA,2 Ct,Box,No Vegan Claim Present,No Natural Claim Present,No Gmo Claim Present,No Organic Claim Present,No Plant based claim,No Preservative-Free Claim Present,Non BFY
0007218056441,10990058.82,1936342.067,0,Single Serve,Non- Indulgent,Meat Combos,Others,Deluxe/Supreme/Meat Combo,Meat Combos,PL,PL,No Gluten Claim Present,Value,Regular Crust,7.2 Oz,Small (<=10 Oz),Conv Oven,PL,PL,1 Ct,Box,No Vegan Claim Present,No Natural Claim Present,No Gmo Claim Present,No Organic Claim Present,No Plant based claim,No Preservative-Free Claim Present,Non BFY
0002137308952,0,0,0,Single Serve,Non- Indulgent,Pepperoni,Others,Others,Pepperoni,Non-Veg,Red Sauce,No Gluten Claim Present,Mid Tier,Ao Crust,35.25 Oz,Large (>18 Oz),Conv Oven,Thick/Original,Regular Crust,6 Ct,Bag In Box,No Vegan Claim Present,No Natural Claim Present,No Gmo Claim Present,No Organic Claim Present,No Plant based claim,No Preservative-Free Claim Present,Non BFY
0000316858147,0,0,0,Single Serve,NA,NA,NA,NA,NA,NA,NA,NA,NA,NA,NA,NA,NA,NA,NA,NA,NA,NA,NA,NA,NA,NA,NA,NA
0000263047116,0,0,0,Single Serve,NA,NA,NA,NA,NA,NA,NA,NA,NA,NA,NA,NA,NA,NA,NA,NA,NA,NA,NA,NA,NA,NA,NA,NA
0007218063776,0,0,0,Single Serve,Non- Indulgent,Meat Combos,Others,Deluxe/Supreme/Meat Combo,Meat Combos,PL,PL,No Gluten Claim Present,Value,Regular Crust,7.2 Oz,Small (<=10 Oz),Conv Oven,PL,PL,1 Ct,Box,No Vegan Claim Present,No Natural Claim Present,No Gmo Claim Present,No Organic Claim Present,No Plant based claim,No Preservative-Free Claim Present,Non BFY
0270070883142,0,0,0,Single Serve,Non- Indulgent,Pepperoni,Others,Others,Pepperoni,Non-Veg,NA,No Gluten Claim Present,Premium,Regular Crust,11.2 Oz,Medium (10-18 Oz),Conv Oven,Thick/Original,NA,2 Ct,Box,No Vegan Claim Present,No Natural Claim Present,No Gmo Claim Present,No Organic Claim Present,No Plant based claim,No Preservative-Free Claim Present,Non BFY
0000015894281,0,0,0,Single Serve,NA,NA,NA,NA,NA,NA,NA,NA,NA,NA,NA,NA,NA,NA,NA,NA,NA,NA,NA,NA,NA,NA,NA,NA
0087282401005,0,0,0,Single Serve,Non- Indulgent,Pepperoni,Others,Others,Pepperoni,Non-Veg,NA,No Gluten Claim Present,Premium,Regular Crust,11.2 Oz,Medium (10-18 Oz),Conv Oven,Thick/Original,NA,2 Ct,Box,No Vegan Claim Present,No Natural Claim Present,No Gmo Claim Present,No Organic Claim Present,No Plant based claim,No Preservative-Free Claim Present,Non BFY
0007218063174,0,0,0,Single Serve,Non- Indulgent,Meat Combos,Others,Deluxe/Supreme/Meat Combo,Meat Combos,PL,PL,No Gluten Claim Present,Value,Regular Crust,7.2 Oz,Small (<=10 Oz),Conv Oven,PL,PL,1 Ct,Box,No Vegan Claim Present,No Natural Claim Present,No Gmo Claim Present,No Organic Claim Present,No Plant based claim,No Preservative-Free Claim Present,Non BFY
0004280012165,0,0,0,Single Serve,Non- Indulgent,Meat Combos,Others,Deluxe/Supreme/Meat Combo,Meat Combos,PL,PL,No Gluten Claim Present,Value,Regular Crust,7.2 Oz,Small (<=10 Oz),Conv Oven,PL,PL,1 Ct,Box,No Vegan Claim Present,No Natural Claim Present,No Gmo Claim Present,No Organic Claim Present,No Plant based claim,No Preservative-Free Claim Present,Non BFY
0008355408559,86897.13264,9313.672857,0,Single Serve,Non- Indulgent,Pepperoni,Others,Others,Pepperoni,PL,PL,No Gluten Claim Present,Value,Regular Crust,5.2 Oz,Small (<=10 Oz),Mw Or Conv Oven,PL,PL,1 Ct,Box,No Vegan Claim Present,No Natural Claim Present,No Gmo Claim Present,No Organic Claim Present,No Plant based claim,No Preservative-Free Claim Present,Non BFY
0000066040965,594248.2792,230844.5194,0,Single Serve,NA,NA,NA,NA,NA,NA,NA,NA,NA,NA,NA,NA,NA,NA,NA,NA,NA,NA,NA,NA,NA,NA,NA,NA
0001380049859,3279165.586,703247.3354,1,Single Serve,Non- Indulgent,Pepperoni,Others,Others,Pepperoni,Non-Veg,PL,No Gluten Claim Present,Value,Regular Crust,7.2 Oz,Small (<=10 Oz),Conv Oven,Thick/Original,Regular Crust,1 Ct,Box,No Vegan Claim Present,No Natural Claim Present,No Gmo Claim Present,No Organic Claim Present,No Plant based claim,No Preservative-Free Claim Present,Non BFY
0004280072157,7435668.884,2379522.059,0,Single Serve,Non- Indulgent,Meat Combos,Others,Deluxe/Supreme/Meat Combo,Meat Combos,PL,PL,No Gluten Claim Present,Value,Regular Crust,7.2 Oz,Small (<=10 Oz),Conv Oven,PL,PL,1 Ct,Box,No Vegan Claim Present,No Natural Claim Present,No Gmo Claim Present,No Organic Claim Present,No Plant based claim,No Preservative-Free Claim Present,Non BFY
0003949411132,9454.236106,682.2044921,0,Single Serve,Non- Indulgent,Meat Combos,Others,Deluxe/Supreme/Meat Combo,Meat Combos,PL,PL,No Gluten Claim Present,Value,Regular Crust,7.2 Oz,Small (<=10 Oz),Conv Oven,PL,PL,1 Ct,Box,No Vegan Claim Present,No Natural Claim Present,No Gmo Claim Present,No Organic Claim Present,No Plant based claim,No Preservative-Free Claim Present,Non BFY
0064413522687,1865.698711,80.01281526,0,Single Serve,Non- Indulgent,Pepperoni,Others,Others,Pepperoni,Non-Veg,NA,No Gluten Claim Present,Premium,Regular Crust,11.2 Oz,Medium (10-18 Oz),Conv Oven,Thick/Original,NA,2 Ct,Box,No Vegan Claim Present,No Natural Claim Present,No Gmo Claim Present,No Organic Claim Present,No Plant based claim,No Preservative-Free Claim Present,Non BFY
0007192150624,0,0,1,Single Serve,Non- Indulgent,Meat Combos,Others,Deluxe/Supreme/Meat Combo,Meat Combos,PL,PL,No Gluten Claim Present,Value,Regular Crust,7.2 Oz,Small (<=10 Oz),Conv Oven,PL,PL,1 Ct,Box,No Vegan Claim Present,No Natural Claim Present,No Gmo Claim Present,No Organic Claim Present,No Plant based claim,No Preservative-Free Claim Present,Non BFY
0004111800981,1649058.599,535535.3077,0,Single Serve,Non- Indulgent,Meat Combos,Others,Deluxe/Supreme/Meat Combo,Meat Combos,PL,PL,No Gluten Claim Present,Value,Regular Crust,7.2 Oz,Small (<=10 Oz),Conv Oven,PL,PL,1 Ct,Box,No Vegan Claim Present,No Natural Claim Present,No Gmo Claim Present,No Organic Claim Present,No Plant based claim,No Preservative-Free Claim Present,Non BFY
0004280011300,6726429.825,2013446.336,0,Single Serve,Non- Indulgent,Meat Combos,Others,Deluxe/Supreme/Meat Combo,Meat Combos,PL,PL,No Gluten Claim Present,Value,Regular Crust,7.2 Oz,Small (<=10 Oz),Conv Oven,PL,PL,1 Ct,Box,No Vegan Claim Present,No Natural Claim Present,No Gmo Claim Present,No Organic Claim Present,No Plant based claim,No Preservative-Free Claim Present,Non BFY
0003120502000,7119826.377,841866.1186,0,Single Serve,Non- Indulgent,Sausage,Others,Others,Sausage,Non-Veg,Red Sauce,No Gluten Claim Present,Premium,Regular Crust,8.5 Oz,Small (<=10 Oz),Mw Or Conv Oven,Thick/Original,Regular Crust,1 Ct,Box,No Vegan Claim Present,Natural Claim Present,No Gmo Claim Present,No Organic Claim Present,No Plant based claim,Preservative-Free Claim,BFY
0060629355500,19836.05809,1270.482847,0,Single Serve,Non- Indulgent,Pepperoni,Others,Others,Pepperoni,Non-Veg,NA,No Gluten Claim Present,Premium,Regular Crust,11.2 Oz,Medium (10-18 Oz),Conv Oven,Thick/Original,NA,2 Ct,Box,No Vegan Claim Present,No Natural Claim Present,No Gmo Claim Present,No Organic Claim Present,No Plant based claim,No Preservative-Free Claim Present,Non BFY
0001186469199,0,0,0,Single Serve,Non- Indulgent,Pepperoni,Others,Others,Pepperoni,Non-Veg,PL,No Gluten Claim Present,Value,Regular Crust,7.2 Oz,Small (<=10 Oz),Conv Oven,Thick/Original,Regular Crust,1 Ct,Box,No Vegan Claim Present,No Natural Claim Present,No Gmo Claim Present,No Organic Claim Present,No Plant based claim,No Preservative-Free Claim Present,Non BFY
0000036025860,0,0,0,Single Serve,NA,NA,NA,NA,NA,NA,NA,NA,NA,NA,NA,NA,NA,NA,NA,NA,NA,NA,NA,NA,NA,NA,NA,NA
0001994946762,0,0,0,Single Serve,Non- Indulgent,Pepperoni,Others,Others,Pepperoni,Non-Veg,Red Sauce,No Gluten Claim Present,Mid Tier,Ao Crust,35.25 Oz,Large (>18 Oz),Conv Oven,Thick/Original,Regular Crust,6 Ct,Bag In Box,No Vegan Claim Present,No Natural Claim Present,No Gmo Claim Present,No Organic Claim Present,No Plant based claim,No Preservative-Free Claim Present,Non BFY
0060654160153,79921.17695,5642.950163,0,Single Serve,Non- Indulgent,Pepperoni,Others,Others,Pepperoni,Non-Veg,NA,No Gluten Claim Present,Premium,Regular Crust,11.2 Oz,Medium (10-18 Oz),Conv Oven,Thick/Original,NA,2 Ct,Box,No Vegan Claim Present,No Natural Claim Present,No Gmo Claim Present,No Organic Claim Present,No Plant based claim,No Preservative-Free Claim Present,Non BFY
0083041500995,0,0,0,Single Serve,Non- Indulgent,Pepperoni,Others,Others,Pepperoni,Non-Veg,NA,No Gluten Claim Present,Premium,Regular Crust,11.2 Oz,Medium (10-18 Oz),Conv Oven,Thick/Original,NA,2 Ct,Box,No Vegan Claim Present,No Natural Claim Present,No Gmo Claim Present,No Organic Claim Present,No Plant based claim,No Preservative-Free Claim Present,Non BFY
0087282401000,1431.457157,434.4941283,0,Single Serve,Non- Indulgent,Pepperoni,Others,Others,Pepperoni,Non-Veg,NA,No Gluten Claim Present,Premium,Regular Crust,11.2 Oz,Medium (10-18 Oz),Conv Oven,Thick/Original,NA,2 Ct,Box,No Vegan Claim Present,No Natural Claim Present,No Gmo Claim Present,No Organic Claim Present,No Plant based claim,No Preservative-Free Claim Present,Non BFY
0001209970710,814255.9063,113784.5818,0,Single Serve,Non- Indulgent,Pepperoni,Others,Others,Pepperoni,Non-Veg,PL,No Gluten Claim Present,Value,Regular Crust,7.2 Oz,Small (<=10 Oz),Conv Oven,Thick/Original,Regular Crust,1 Ct,Box,No Vegan Claim Present,No Natural Claim Present,No Gmo Claim Present,No Organic Claim Present,No Plant based claim,No Preservative-Free Claim Present,Non BFY
0003120501000,4831143.261,659417.1396,0,Single Serve,Non- Indulgent,Sausage,Others,Others,Sausage,Non-Veg,Red Sauce,No Gluten Claim Present,Premium,Regular Crust,8.5 Oz,Small (<=10 Oz),Mw Or Conv Oven,Thick/Original,Regular Crust,1 Ct,Box,No Vegan Claim Present,Natural Claim Present,No Gmo Claim Present,No Organic Claim Present,No Plant based claim,Preservative-Free Claim,BFY
0000702688631,0,0,0,Single Serve,NA,NA,NA,NA,NA,NA,NA,NA,NA,NA,NA,NA,NA,NA,NA,NA,NA,NA,NA,NA,NA,NA,NA,NA
0000003879072,2260507.971,856976.2472,0,Single Serve,NA,NA,NA,NA,NA,NA,NA,NA,NA,NA,NA,NA,NA,NA,NA,NA,NA,NA,NA,NA,NA,NA,NA,NA
0073178903122,12255.28188,958.3053965,0,Single Serve,Non- Indulgent,Pepperoni,Others,Others,Pepperoni,Non-Veg,NA,No Gluten Claim Present,Premium,Regular Crust,11.2 Oz,Medium (10-18 Oz),Conv Oven,Thick/Original,NA,2 Ct,Box,No Vegan Claim Present,No Natural Claim Present,No Gmo Claim Present,No Organic Claim Present,No Plant based claim,No Preservative-Free Claim Present,Non BFY
0004280014161,793671.9725,201216.1526,0,Single Serve,Non- Indulgent,Meat Combos,Others,Deluxe/Supreme/Meat Combo,Meat Combos,PL,PL,No Gluten Claim Present,Value,Regular Crust,7.2 Oz,Small (<=10 Oz),Conv Oven,PL,PL,1 Ct,Box,No Vegan Claim Present,No Natural Claim Present,No Gmo Claim Present,No Organic Claim Present,No Plant based claim,No Preservative-Free Claim Present,Non BFY
0002113528632,0,0,0,Single Serve,Non- Indulgent,Pepperoni,Others,Others,Pepperoni,Non-Veg,Red Sauce,No Gluten Claim Present,Mid Tier,Ao Crust,35.25 Oz,Large (>18 Oz),Conv Oven,Thick/Original,Regular Crust,6 Ct,Bag In Box,No Vegan Claim Present,No Natural Claim Present,No Gmo Claim Present,No Organic Claim Present,No Plant based claim,No Preservative-Free Claim Present,Non BFY
0001380015182,59903.41294,11006.57842,1,Single Serve,Non- Indulgent,Pepperoni,Others,Others,Pepperoni,Non-Veg,PL,No Gluten Claim Present,Value,Regular Crust,7.2 Oz,Small (<=10 Oz),Conv Oven,Thick/Original,Regular Crust,1 Ct,Box,No Vegan Claim Present,No Natural Claim Present,No Gmo Claim Present,No Organic Claim Present,No Plant based claim,No Preservative-Free Claim Present,Non BFY
0085448400820,9810.680493,687.5981617,0,Single Serve,Non- Indulgent,Pepperoni,Others,Others,Pepperoni,Non-Veg,NA,No Gluten Claim Present,Premium,Regular Crust,11.2 Oz,Medium (10-18 Oz),Conv Oven,Thick/Original,NA,2 Ct,Box,No Vegan Claim Present,No Natural Claim Present,No Gmo Claim Present,No Organic Claim Present,No Plant based claim,No Preservative-Free Claim Present,Non BFY
0001380050223,21502541.53,3863167.037,1,Single Serve,Non- Indulgent,Pepperoni,Others,Others,Pepperoni,Non-Veg,PL,No Gluten Claim Present,Value,Regular Crust,7.2 Oz,Small (<=10 Oz),Conv Oven,Thick/Original,Regular Crust,1 Ct,Box,No Vegan Claim Present,No Natural Claim Present,No Gmo Claim Present,No Organic Claim Present,No Plant based claim,No Preservative-Free Claim Present,Non BFY
0000263048768,0,0,0,Single Serve,NA,NA,NA,NA,NA,NA,NA,NA,NA,NA,NA,NA,NA,NA,NA,NA,NA,NA,NA,NA,NA,NA,NA,NA
0004111800970,7222915.659,2306208.467,0,Single Serve,Non- Indulgent,Meat Combos,Others,Deluxe/Supreme/Meat Combo,Meat Combos,PL,PL,No Gluten Claim Present,Value,Regular Crust,7.2 Oz,Small (<=10 Oz),Conv Oven,PL,PL,1 Ct,Box,No Vegan Claim Present,No Natural Claim Present,No Gmo Claim Present,No Organic Claim Present,No Plant based claim,No Preservative-Free Claim Present,Non BFY
0068506001161,151.2070911,8.204057533,0,Single Serve,Non- Indulgent,Pepperoni,Others,Others,Pepperoni,Non-Veg,NA,No Gluten Claim Present,Premium,Regular Crust,11.2 Oz,Medium (10-18 Oz),Conv Oven,Thick/Original,NA,2 Ct,Box,No Vegan Claim Present,No Natural Claim Present,No Gmo Claim Present,No Organic Claim Present,No Plant based claim,No Preservative-Free Claim Present,Non BFY
0065216001355,1912731.047,220986.9587,0,Single Serve,Non- Indulgent,Pepperoni,Others,Others,Pepperoni,Non-Veg,NA,No Gluten Claim Present,Premium,Regular Crust,11.2 Oz,Medium (10-18 Oz),Conv Oven,Thick/Original,NA,2 Ct,Box,No Vegan Claim Present,No Natural Claim Present,No Gmo Claim Present,No Organic Claim Present,No Plant based claim,No Preservative-Free Claim Present,Non BFY
0000099235023,0,0,0,Single Serve,NA,NA,NA,NA,NA,NA,NA,NA,NA,NA,NA,NA,NA,NA,NA,NA,NA,NA,NA,NA,NA,NA,NA,NA
0002113528631,0,0,0,Single Serve,Non- Indulgent,Pepperoni,Others,Others,Pepperoni,Non-Veg,Red Sauce,No Gluten Claim Present,Mid Tier,Ao Crust,35.25 Oz,Large (>18 Oz),Conv Oven,Thick/Original,Regular Crust,6 Ct,Bag In Box,No Vegan Claim Present,No Natural Claim Present,No Gmo Claim Present,No Organic Claim Present,No Plant based claim,No Preservative-Free Claim Present,Non BFY
0000010836357,94486.41784,39097.62525,0,Single Serve,NA,NA,NA,NA,NA,NA,NA,NA,NA,NA,NA,NA,NA,NA,NA,NA,NA,NA,NA,NA,NA,NA,NA,NA
0073178913027,12259.51876,928.6293246,0,Single Serve,Non- Indulgent,Pepperoni,Others,Others,Pepperoni,Non-Veg,NA,No Gluten Claim Present,Premium,Regular Crust,11.2 Oz,Medium (10-18 Oz),Conv Oven,Thick/Original,NA,2 Ct,Box,No Vegan Claim Present,No Natural Claim Present,No Gmo Claim Present,No Organic Claim Present,No Plant based claim,No Preservative-Free Claim Present,Non BFY
0007218056638,62356520.33,10103797.75,0,Single Serve,Non- Indulgent,Meat Combos,Others,Deluxe/Supreme/Meat Combo,Meat Combos,PL,PL,No Gluten Claim Present,Value,Regular Crust,7.2 Oz,Small (<=10 Oz),Conv Oven,PL,PL,1 Ct,Box,No Vegan Claim Present,No Natural Claim Present,No Gmo Claim Present,No Organic Claim Present,No Plant based claim,No Preservative-Free Claim Present,Non BFY
0001143313111,0,0,0,Single Serve,Non- Indulgent,Pepperoni,Others,Others,Pepperoni,Non-Veg,PL,No Gluten Claim Present,Value,Regular Crust,7.2 Oz,Small (<=10 Oz),Conv Oven,Thick/Original,Regular Crust,1 Ct,Box,No Vegan Claim Present,No Natural Claim Present,No Gmo Claim Present,No Organic Claim Present,No Plant based claim,No Preservative-Free Claim Present,Non BFY
0000855365416,159646.34,59867.1,0,Single Serve,NA,NA,NA,NA,NA,NA,NA,NA,NA,NA,NA,NA,NA,NA,NA,NA,NA,NA,NA,NA,NA,NA,NA,NA
0081434302165,0,0,0,Single Serve,Non- Indulgent,Pepperoni,Others,Others,Pepperoni,Non-Veg,NA,No Gluten Claim Present,Premium,Regular Crust,11.2 Oz,Medium (10-18 Oz),Conv Oven,Thick/Original,NA,2 Ct,Box,No Vegan Claim Present,No Natural Claim Present,No Gmo Claim Present,No Organic Claim Present,No Plant based claim,No Preservative-Free Claim Present,Non BFY
0007218069923,0,0,0,Single Serve,Non- Indulgent,Meat Combos,Others,Deluxe/Supreme/Meat Combo,Meat Combos,PL,PL,No Gluten Claim Present,Value,Regular Crust,7.2 Oz,Small (<=10 Oz),Conv Oven,PL,PL,1 Ct,Box,No Vegan Claim Present,No Natural Claim Present,No Gmo Claim Present,No Organic Claim Present,No Plant based claim,No Preservative-Free Claim Present,Non BFY
0000015893984,0,0,0,Single Serve,NA,NA,NA,NA,NA,NA,NA,NA,NA,NA,NA,NA,NA,NA,NA,NA,NA,NA,NA,NA,NA,NA,NA,NA
0085587300825,0,0,0,Single Serve,Non- Indulgent,Pepperoni,Others,Others,Pepperoni,Non-Veg,NA,No Gluten Claim Present,Premium,Regular Crust,11.2 Oz,Medium (10-18 Oz),Conv Oven,Thick/Original,NA,2 Ct,Box,No Vegan Claim Present,No Natural Claim Present,No Gmo Claim Present,No Organic Claim Present,No Plant based claim,No Preservative-Free Claim Present,Non BFY
0003913117051,557683.9358,84973.10315,0,Single Serve,Non- Indulgent,Meat Combos,Others,Deluxe/Supreme/Meat Combo,Meat Combos,PL,PL,No Gluten Claim Present,Value,Regular Crust,7.2 Oz,Small (<=10 Oz),Conv Oven,PL,PL,1 Ct,Box,No Vegan Claim Present,No Natural Claim Present,No Gmo Claim Present,No Organic Claim Present,No Plant based claim,No Preservative-Free Claim Present,Non BFY
0073178913025,109.1118824,8.814519763,0,Single Serve,Non- Indulgent,Pepperoni,Others,Others,Pepperoni,Non-Veg,NA,No Gluten Claim Present,Premium,Regular Crust,11.2 Oz,Medium (10-18 Oz),Conv Oven,Thick/Original,NA,2 Ct,Box,No Vegan Claim Present,No Natural Claim Present,No Gmo Claim Present,No Organic Claim Present,No Plant based claim,No Preservative-Free Claim Present,Non BFY
0007218063519,0,0,0,Single Serve,Non- Indulgent,Meat Combos,Others,Deluxe/Supreme/Meat Combo,Meat Combos,PL,PL,No Gluten Claim Present,Value,Regular Crust,7.2 Oz,Small (<=10 Oz),Conv Oven,PL,PL,1 Ct,Box,No Vegan Claim Present,No Natural Claim Present,No Gmo Claim Present,No Organic Claim Present,No Plant based claim,No Preservative-Free Claim Present,Non BFY
0007218050125,787508.3652,114277.7453,0,Single Serve,Non- Indulgent,Meat Combos,Others,Deluxe/Supreme/Meat Combo,Meat Combos,PL,PL,No Gluten Claim Present,Value,Regular Crust,7.2 Oz,Small (<=10 Oz),Conv Oven,PL,PL,1 Ct,Box,No Vegan Claim Present,No Natural Claim Present,No Gmo Claim Present,No Organic Claim Present,No Plant based claim,No Preservative-Free Claim Present,Non BFY
0004280011400,66355341.77,20464724.13,0,Single Serve,Non- Indulgent,Meat Combos,Others,Deluxe/Supreme/Meat Combo,Meat Combos,PL,PL,No Gluten Claim Present,Value,Regular Crust,7.2 Oz,Small (<=10 Oz),Conv Oven,PL,PL,1 Ct,Box,No Vegan Claim Present,No Natural Claim Present,No Gmo Claim Present,No Organic Claim Present,No Plant based claim,No Preservative-Free Claim Present,Non BFY
0000702688633,72468.16775,18883.72325,0,Single Serve,NA,NA,NA,NA,NA,NA,NA,NA,NA,NA,NA,NA,NA,NA,NA,NA,NA,NA,NA,NA,NA,NA,NA,NA
0004280011100,5220879.069,1774731.357,0,Single Serve,Non- Indulgent,Meat Combos,Others,Deluxe/Supreme/Meat Combo,Meat Combos,PL,PL,No Gluten Claim Present,Value,Regular Crust,7.2 Oz,Small (<=10 Oz),Conv Oven,PL,PL,1 Ct,Box,No Vegan Claim Present,No Natural Claim Present,No Gmo Claim Present,No Organic Claim Present,No Plant based claim,No Preservative-Free Claim Present,Non BFY
0000062412764,0,0,0,Single Serve,NA,NA,NA,NA,NA,NA,NA,NA,NA,NA,NA,NA,NA,NA,NA,NA,NA,NA,NA,NA,NA,NA,NA,NA
0000741843265,104794.33,39262.5,0,Single Serve,NA,NA,NA,NA,NA,NA,NA,NA,NA,NA,NA,NA,NA,NA,NA,NA,NA,NA,NA,NA,NA,NA,NA,NA
0000029096040,1.643125825,0.287036732,0,Single Serve,NA,NA,NA,NA,NA,NA,NA,NA,NA,NA,NA,NA,NA,NA,NA,NA,NA,NA,NA,NA,NA,NA,NA,NA
0069224300260,0,0,0,Single Serve,Non- Indulgent,Pepperoni,Others,Others,Pepperoni,Non-Veg,NA,No Gluten Claim Present,Premium,Regular Crust,11.2 Oz,Medium (10-18 Oz),Conv Oven,Thick/Original,NA,2 Ct,Box,No Vegan Claim Present,No Natural Claim Present,No Gmo Claim Present,No Organic Claim Present,No Plant based claim,No Preservative-Free Claim Present,Non BFY
0000245738815,0,0,0,Single Serve,NA,NA,NA,NA,NA,NA,NA,NA,NA,NA,NA,NA,NA,NA,NA,NA,NA,NA,NA,NA,NA,NA,NA,NA
0001045366793,659315.2241,198767.4341,0,Single Serve,Non- Indulgent,Pepperoni,Others,Others,Pepperoni,Non-Veg,PL,No Gluten Claim Present,Value,Regular Crust,7.2 Oz,Small (<=10 Oz),Conv Oven,Thick/Original,Regular Crust,1 Ct,Box,No Vegan Claim Present,No Natural Claim Present,No Gmo Claim Present,No Organic Claim Present,No Plant based claim,No Preservative-Free Claim Present,Non BFY
0019816820060,212636.1037,10945.60442,0,Single Serve,Non- Indulgent,Pepperoni,Others,Others,Pepperoni,Non-Veg,NA,No Gluten Claim Present,Premium,Regular Crust,11.2 Oz,Medium (10-18 Oz),Conv Oven,Thick/Original,NA,2 Ct,Box,No Vegan Claim Present,No Natural Claim Present,No Gmo Claim Present,No Organic Claim Present,No Plant based claim,No Preservative-Free Claim Present,Non BFY
0002142128006,0,0,0,Single Serve,Non- Indulgent,Pepperoni,Others,Others,Pepperoni,Non-Veg,Red Sauce,No Gluten Claim Present,Mid Tier,Ao Crust,35.25 Oz,Large (>18 Oz),Conv Oven,Thick/Original,Regular Crust,6 Ct,Bag In Box,No Vegan Claim Present,No Natural Claim Present,No Gmo Claim Present,No Organic Claim Present,No Plant based claim,No Preservative-Free Claim Present,Non BFY
0007192100987,0,0,1,Single Serve,Non- Indulgent,Meat Combos,Others,Deluxe/Supreme/Meat Combo,Meat Combos,PL,PL,No Gluten Claim Present,Value,Regular Crust,7.2 Oz,Small (<=10 Oz),Conv Oven,PL,PL,1 Ct,Box,No Vegan Claim Present,No Natural Claim Present,No Gmo Claim Present,No Organic Claim Present,No Plant based claim,No Preservative-Free Claim Present,Non BFY
0409910017598,0,0,0,Single Serve,Non- Indulgent,Pepperoni,Others,Others,Pepperoni,Non-Veg,NA,No Gluten Claim Present,Premium,Regular Crust,11.2 Oz,Medium (10-18 Oz),Conv Oven,Thick/Original,NA,2 Ct,Box,No Vegan Claim Present,No Natural Claim Present,No Gmo Claim Present,No Organic Claim Present,No Plant based claim,No Preservative-Free Claim Present,Non BFY
0000644883513,512837.0341,105808.2821,0,Single Serve,NA,NA,NA,NA,NA,NA,NA,NA,NA,NA,NA,NA,NA,NA,NA,NA,NA,NA,NA,NA,NA,NA,NA,NA
0008355408434,31009.1485,3238.788355,0,Single Serve,Non- Indulgent,Pepperoni,Others,Others,Pepperoni,PL,PL,No Gluten Claim Present,Value,Regular Crust,5.2 Oz,Small (<=10 Oz),Mw Or Conv Oven,PL,PL,1 Ct,Box,No Vegan Claim Present,No Natural Claim Present,No Gmo Claim Present,No Organic Claim Present,No Plant based claim,No Preservative-Free Claim Present,Non BFY
0001674123365,0,0,1,Single Serve,Non- Indulgent,Pepperoni,Others,Others,Pepperoni,Non-Veg,Red Sauce,No Gluten Claim Present,Mid Tier,Ao Crust,35.25 Oz,Large (>18 Oz),Conv Oven,Thick/Original,Regular Crust,6 Ct,Bag In Box,No Vegan Claim Present,No Natural Claim Present,No Gmo Claim Present,No Organic Claim Present,No Plant based claim,No Preservative-Free Claim Present,Non BFY
0001477700491,5923.477711,849.7372559,0,Single Serve,Non- Indulgent,Pepperoni,Others,Others,Pepperoni,Non-Veg,Red Sauce,No Gluten Claim Present,Mid Tier,Ao Crust,35.25 Oz,Large (>18 Oz),Conv Oven,Thick/Original,Regular Crust,6 Ct,Bag In Box,No Vegan Claim Present,No Natural Claim Present,No Gmo Claim Present,No Organic Claim Present,No Plant based claim,No Preservative-Free Claim Present,Non BFY
0007218063751,56709.64809,6006.342641,0,Single Serve,Non- Indulgent,Meat Combos,Others,Deluxe/Supreme/Meat Combo,Meat Combos,PL,PL,No Gluten Claim Present,Value,Regular Crust,7.2 Oz,Small (<=10 Oz),Conv Oven,PL,PL,1 Ct,Box,No Vegan Claim Present,No Natural Claim Present,No Gmo Claim Present,No Organic Claim Present,No Plant based claim,No Preservative-Free Claim Present,Non BFY
0001126207090,1118549.817,186162.0354,0,Single Serve,Non- Indulgent,Pepperoni,Others,Others,Pepperoni,Non-Veg,PL,No Gluten Claim Present,Value,Regular Crust,7.2 Oz,Small (<=10 Oz),Conv Oven,Thick/Original,Regular Crust,1 Ct,Box,No Vegan Claim Present,No Natural Claim Present,No Gmo Claim Present,No Organic Claim Present,No Plant based claim,No Preservative-Free Claim Present,Non BFY
0087282400886,403271.7463,126408.4396,0,Single Serve,Non- Indulgent,Pepperoni,Others,Others,Pepperoni,Non-Veg,NA,No Gluten Claim Present,Premium,Regular Crust,11.2 Oz,Medium (10-18 Oz),Conv Oven,Thick/Original,NA,2 Ct,Box,No Vegan Claim Present,No Natural Claim Present,No Gmo Claim Present,No Organic Claim Present,No Plant based claim,No Preservative-Free Claim Present,Non BFY
0000210003862,1268984.907,345121.012,0,Single Serve,NA,NA,NA,NA,NA,NA,NA,NA,NA,NA,NA,NA,NA,NA,NA,NA,NA,NA,NA,NA,NA,NA,NA,NA
0001143313108,0,0,0,Single Serve,Non- Indulgent,Pepperoni,Others,Others,Pepperoni,Non-Veg,PL,No Gluten Claim Present,Value,Regular Crust,7.2 Oz,Small (<=10 Oz),Conv Oven,Thick/Original,Regular Crust,1 Ct,Box,No Vegan Claim Present,No Natural Claim Present,No Gmo Claim Present,No Organic Claim Present,No Plant based claim,No Preservative-Free Claim Present,Non BFY
0082610500057,1089.944829,121.5410673,0,Single Serve,Non- Indulgent,Pepperoni,Others,Others,Pepperoni,Non-Veg,NA,No Gluten Claim Present,Premium,Regular Crust,11.2 Oz,Medium (10-18 Oz),Conv Oven,Thick/Original,NA,2 Ct,Box,No Vegan Claim Present,No Natural Claim Present,No Gmo Claim Present,No Organic Claim Present,No Plant based claim,No Preservative-Free Claim Present,Non BFY
0000000602747,0,0,0,Single Serve,NA,NA,NA,NA,NA,NA,NA,NA,NA,NA,NA,NA,NA,NA,NA,NA,NA,NA,NA,NA,NA,NA,NA,NA
0007390000009,9282.449269,1779.554728,0,Single Serve,Non- Indulgent,Meat Combos,Others,Deluxe/Supreme/Meat Combo,Meat Combos,PL,PL,No Gluten Claim Present,Value,Regular Crust,7.2 Oz,Small (<=10 Oz),Conv Oven,PL,PL,1 Ct,Box,No Vegan Claim Present,No Natural Claim Present,No Gmo Claim Present,No Organic Claim Present,No Plant based claim,No Preservative-Free Claim Present,Non BFY
0000462437567,0,0,0,Single Serve,NA,NA,NA,NA,NA,NA,NA,NA,NA,NA,NA,NA,NA,NA,NA,NA,NA,NA,NA,NA,NA,NA,NA,NA
0000625198009,31.24,12.990625,0,Single Serve,NA,NA,NA,NA,NA,NA,NA,NA,NA,NA,NA,NA,NA,NA,NA,NA,NA,NA,NA,NA,NA,NA,NA,NA
0085998706089,0,0,0,Single Serve,Non- Indulgent,Pepperoni,Others,Others,Pepperoni,Non-Veg,NA,No Gluten Claim Present,Premium,Regular Crust,11.2 Oz,Medium (10-18 Oz),Conv Oven,Thick/Original,NA,2 Ct,Box,No Vegan Claim Present,No Natural Claim Present,No Gmo Claim Present,No Organic Claim Present,No Plant based claim,No Preservative-Free Claim Present,Non BFY
0000015894045,0,0,0,Single Serve,NA,NA,NA,NA,NA,NA,NA,NA,NA,NA,NA,NA,NA,NA,NA,NA,NA,NA,NA,NA,NA,NA,NA,NA
0085695200162,0,0,0,Single Serve,Non- Indulgent,Pepperoni,Others,Others,Pepperoni,Non-Veg,NA,No Gluten Claim Present,Premium,Regular Crust,11.2 Oz,Medium (10-18 Oz),Conv Oven,Thick/Original,NA,2 Ct,Box,No Vegan Claim Present,No Natural Claim Present,No Gmo Claim Present,No Organic Claim Present,No Plant based claim,No Preservative-Free Claim Present,Non BFY
0007218076174,67748402.8,20000326.97,0,Single Serve,Non- Indulgent,Meat Combos,Others,Deluxe/Supreme/Meat Combo,Meat Combos,PL,PL,No Gluten Claim Present,Value,Regular Crust,7.2 Oz,Small (<=10 Oz),Conv Oven,PL,PL,1 Ct,Box,No Vegan Claim Present,No Natural Claim Present,No Gmo Claim Present,No Organic Claim Present,No Plant based claim,No Preservative-Free Claim Present,Non BFY
0007570630748,26.82,4.921875,0,Single Serve,Non- Indulgent,Pepperoni,Others,Others,Pepperoni,PL,PL,No Gluten Claim Present,Value,Regular Crust,5.2 Oz,Small (<=10 Oz),Mw Or Conv Oven,PL,PL,1 Ct,Box,No Vegan Claim Present,No Natural Claim Present,No Gmo Claim Present,No Organic Claim Present,No Plant based claim,No Preservative-Free Claim Present,Non BFY
0019589356074,103410.6531,11519.71393,0,Single Serve,Non- Indulgent,Pepperoni,Others,Others,Pepperoni,PL,PL,No Gluten Claim Present,Value,Regular Crust,5.2 Oz,Small (<=10 Oz),Mw Or Conv Oven,PL,PL,1 Ct,Box,No Vegan Claim Present,No Natural Claim Present,No Gmo Claim Present,No Organic Claim Present,No Plant based claim,No Preservative-Free Claim Present,Non BFY
0000006462261,0,0,0,Single Serve,NA,NA,NA,NA,NA,NA,NA,NA,NA,NA,NA,NA,NA,NA,NA,NA,NA,NA,NA,NA,NA,NA,NA,NA
0007218069924,0,0,0,Single Serve,Non- Indulgent,Meat Combos,Others,Deluxe/Supreme/Meat Combo,Meat Combos,PL,PL,No Gluten Claim Present,Value,Regular Crust,7.2 Oz,Small (<=10 Oz),Conv Oven,PL,PL,1 Ct,Box,No Vegan Claim Present,No Natural Claim Present,No Gmo Claim Present,No Organic Claim Present,No Plant based claim,No Preservative-Free Claim Present,Non BFY
0000263047133,0,0,0,Single Serve,NA,NA,NA,NA,NA,NA,NA,NA,NA,NA,NA,NA,NA,NA,NA,NA,NA,NA,NA,NA,NA,NA,NA,NA
0071785416541,199.0620573,45.88809026,0,Single Serve,Non- Indulgent,Pepperoni,Others,Others,Pepperoni,Non-Veg,NA,No Gluten Claim Present,Premium,Regular Crust,11.2 Oz,Medium (10-18 Oz),Conv Oven,Thick/Original,NA,2 Ct,Box,No Vegan Claim Present,No Natural Claim Present,No Gmo Claim Present,No Organic Claim Present,No Plant based claim,No Preservative-Free Claim Present,Non BFY
0004280011500,28664.9198,8194.362045,0,Single Serve,Non- Indulgent,Meat Combos,Others,Deluxe/Supreme/Meat Combo,Meat Combos,PL,PL,No Gluten Claim Present,Value,Regular Crust,7.2 Oz,Small (<=10 Oz),Conv Oven,PL,PL,1 Ct,Box,No Vegan Claim Present,No Natural Claim Present,No Gmo Claim Present,No Organic Claim Present,No Plant based claim,No Preservative-Free Claim Present,Non BFY
0007218076197,0,0,0,Single Serve,Non- Indulgent,Meat Combos,Others,Deluxe/Supreme/Meat Combo,Meat Combos,PL,PL,No Gluten Claim Present,Value,Regular Crust,7.2 Oz,Small (<=10 Oz),Conv Oven,PL,PL,1 Ct,Box,No Vegan Claim Present,No Natural Claim Present,No Gmo Claim Present,No Organic Claim Present,No Plant based claim,No Preservative-Free Claim Present,Non BFY
0001143311970,71208.401,6229.544091,0,Single Serve,Non- Indulgent,Pepperoni,Others,Others,Pepperoni,Non-Veg,PL,No Gluten Claim Present,Value,Regular Crust,7.2 Oz,Small (<=10 Oz),Conv Oven,Thick/Original,Regular Crust,1 Ct,Box,No Vegan Claim Present,No Natural Claim Present,No Gmo Claim Present,No Organic Claim Present,No Plant based claim,No Preservative-Free Claim Present,Non BFY
0270070883143,0,0,0,Single Serve,Non- Indulgent,Pepperoni,Others,Others,Pepperoni,Non-Veg,NA,No Gluten Claim Present,Premium,Regular Crust,11.2 Oz,Medium (10-18 Oz),Conv Oven,Thick/Original,NA,2 Ct,Box,No Vegan Claim Present,No Natural Claim Present,No Gmo Claim Present,No Organic Claim Present,No Plant based claim,No Preservative-Free Claim Present,Non BFY
0001143311971,115800.2054,10228.96707,0,Single Serve,Non- Indulgent,Pepperoni,Others,Others,Pepperoni,Non-Veg,PL,No Gluten Claim Present,Value,Regular Crust,7.2 Oz,Small (<=10 Oz),Conv Oven,Thick/Original,Regular Crust,1 Ct,Box,No Vegan Claim Present,No Natural Claim Present,No Gmo Claim Present,No Organic Claim Present,No Plant based claim,No Preservative-Free Claim Present,Non BFY
0007731927323,0,0,0,Single Serve,Non- Indulgent,Pepperoni,Others,Others,Pepperoni,PL,PL,No Gluten Claim Present,Value,Regular Crust,5.2 Oz,Small (<=10 Oz),Mw Or Conv Oven,PL,PL,1 Ct,Box,No Vegan Claim Present,No Natural Claim Present,No Gmo Claim Present,No Organic Claim Present,No Plant based claim,No Preservative-Free Claim Present,Non BFY
0004111800980,958003.1968,289847.0617,0,Single Serve,Non- Indulgent,Meat Combos,Others,Deluxe/Supreme/Meat Combo,Meat Combos,PL,PL,No Gluten Claim Present,Value,Regular Crust,7.2 Oz,Small (<=10 Oz),Conv Oven,PL,PL,1 Ct,Box,No Vegan Claim Present,No Natural Claim Present,No Gmo Claim Present,No Organic Claim Present,No Plant based claim,No Preservative-Free Claim Present,Non BFY
0007218073068,68968.05538,7687.709488,0,Single Serve,Non- Indulgent,Meat Combos,Others,Deluxe/Supreme/Meat Combo,Meat Combos,PL,PL,No Gluten Claim Present,Value,Regular Crust,7.2 Oz,Small (<=10 Oz),Conv Oven,PL,PL,1 Ct,Box,No Vegan Claim Present,No Natural Claim Present,No Gmo Claim Present,No Organic Claim Present,No Plant based claim,No Preservative-Free Claim Present,Non BFY
0000278351161,74274.31159,19384.42542,0,Single Serve,NA,NA,NA,NA,NA,NA,NA,NA,NA,NA,NA,NA,NA,NA,NA,NA,NA,NA,NA,NA,NA,NA,NA,NA
0003120508000,2231048.783,274667.3423,0,Single Serve,Non- Indulgent,Uncured Pepperoni,Others,Others,Pepperoni,Non-Veg,NA,No Gluten Claim Present,Premium,Regular Crust,7.75 Oz,Small (<=10 Oz),Mw Or Conv Oven,Thick/Original,NA,1 Ct,Box,No Vegan Claim Present,Natural Claim Present,No Gmo Claim Present,No Organic Claim Present,No Plant based claim,Preservative-Free Claim,BFY
0085998706011,0,0,0,Single Serve,Non- Indulgent,Pepperoni,Others,Others,Pepperoni,Non-Veg,NA,No Gluten Claim Present,Premium,Regular Crust,11.2 Oz,Medium (10-18 Oz),Conv Oven,Thick/Original,NA,2 Ct,Box,No Vegan Claim Present,No Natural Claim Present,No Gmo Claim Present,No Organic Claim Present,No Plant based claim,No Preservative-Free Claim Present,Non BFY
0065216001741,21173.56578,2281.899775,0,Single Serve,Non- Indulgent,Pepperoni,Others,Others,Pepperoni,Non-Veg,NA,No Gluten Claim Present,Premium,Regular Crust,11.2 Oz,Medium (10-18 Oz),Conv Oven,Thick/Original,NA,2 Ct,Box,No Vegan Claim Present,No Natural Claim Present,No Gmo Claim Present,No Organic Claim Present,No Plant based claim,No Preservative-Free Claim Present,Non BFY
0000011589309,0,0,0,Single Serve,NA,NA,NA,NA,NA,NA,NA,NA,NA,NA,NA,NA,NA,NA,NA,NA,NA,NA,NA,NA,NA,NA,NA,NA
0007192163430,0,0,1,Single Serve,Non- Indulgent,Meat Combos,Others,Deluxe/Supreme/Meat Combo,Meat Combos,PL,PL,No Gluten Claim Present,Value,Regular Crust,7.2 Oz,Small (<=10 Oz),Conv Oven,PL,PL,1 Ct,Box,No Vegan Claim Present,No Natural Claim Present,No Gmo Claim Present,No Organic Claim Present,No Plant based claim,No Preservative-Free Claim Present,Non BFY
0007192100989,16.27342156,2.141239679,1,Single Serve,Non- Indulgent,Meat Combos,Others,Deluxe/Supreme/Meat Combo,Meat Combos,PL,PL,No Gluten Claim Present,Value,Regular Crust,7.2 Oz,Small (<=10 Oz),Conv Oven,PL,PL,1 Ct,Box,No Vegan Claim Present,No Natural Claim Present,No Gmo Claim Present,No Organic Claim Present,No Plant based claim,No Preservative-Free Claim Present,Non BFY
0007218063831,10.51423989,1.474943471,0,Single Serve,Non- Indulgent,Meat Combos,Others,Deluxe/Supreme/Meat Combo,Meat Combos,PL,PL,No Gluten Claim Present,Value,Regular Crust,7.2 Oz,Small (<=10 Oz),Conv Oven,PL,PL,1 Ct,Box,No Vegan Claim Present,No Natural Claim Present,No Gmo Claim Present,No Organic Claim Present,No Plant based claim,No Preservative-Free Claim Present,Non BFY
0085695200165,0,0,0,Single Serve,Non- Indulgent,Pepperoni,Others,Others,Pepperoni,Non-Veg,NA,No Gluten Claim Present,Premium,Regular Crust,11.2 Oz,Medium (10-18 Oz),Conv Oven,Thick/Original,NA,2 Ct,Box,No Vegan Claim Present,No Natural Claim Present,No Gmo Claim Present,No Organic Claim Present,No Plant based claim,No Preservative-Free Claim Present,Non BFY
0002182107123,54500.96269,5953.688546,0,Single Serve,Non- Indulgent,Pepperoni,Others,Others,Pepperoni,Non-Veg,Red Sauce,No Gluten Claim Present,Mid Tier,Ao Crust,35.25 Oz,Large (>18 Oz),Conv Oven,Thick/Original,Regular Crust,6 Ct,Bag In Box,No Vegan Claim Present,No Natural Claim Present,No Gmo Claim Present,No Organic Claim Present,No Plant based claim,No Preservative-Free Claim Present,Non BFY
0007465352531,229219.6137,58491.00938,1,Single Serve,Non- Indulgent,Meat Combos,Others,Deluxe/Supreme/Meat Combo,Meat Combos,PL,PL,No Gluten Claim Present,Value,Regular Crust,7.2 Oz,Small (<=10 Oz),Conv Oven,PL,PL,1 Ct,Box,No Vegan Claim Present,No Natural Claim Present,No Gmo Claim Present,No Organic Claim Present,No Plant based claim,No Preservative-Free Claim Present,Non BFY
0061529569745,2688.764118,357.4632397,0,Single Serve,Non- Indulgent,Pepperoni,Others,Others,Pepperoni,Non-Veg,NA,No Gluten Claim Present,Premium,Regular Crust,11.2 Oz,Medium (10-18 Oz),Conv Oven,Thick/Original,NA,2 Ct,Box,No Vegan Claim Present,No Natural Claim Present,No Gmo Claim Present,No Organic Claim Present,No Plant based claim,No Preservative-Free Claim Present,Non BFY
0007218056442,0,0,0,Single Serve,Non- Indulgent,Meat Combos,Others,Deluxe/Supreme/Meat Combo,Meat Combos,PL,PL,No Gluten Claim Present,Value,Regular Crust,7.2 Oz,Small (<=10 Oz),Conv Oven,PL,PL,1 Ct,Box,No Vegan Claim Present,No Natural Claim Present,No Gmo Claim Present,No Organic Claim Present,No Plant based claim,No Preservative-Free Claim Present,Non BFY
0075591859262,0,0,0,Single Serve,Non- Indulgent,Pepperoni,Others,Others,Pepperoni,Non-Veg,NA,No Gluten Claim Present,Premium,Regular Crust,11.2 Oz,Medium (10-18 Oz),Conv Oven,Thick/Original,NA,2 Ct,Box,No Vegan Claim Present,No Natural Claim Present,No Gmo Claim Present,No Organic Claim Present,No Plant based claim,No Preservative-Free Claim Present,Non BFY
0000339848484,0,0,0,Single Serve,NA,NA,NA,NA,NA,NA,NA,NA,NA,NA,NA,NA,NA,NA,NA,NA,NA,NA,NA,NA,NA,NA,NA,NA
0000991412546,549.8,353,0,Single Serve,Non- Indulgent,Pepperoni,Others,Others,Pepperoni,Non-Veg,PL,No Gluten Claim Present,Value,Regular Crust,7.2 Oz,Small (<=10 Oz),Conv Oven,Thick/Original,Regular Crust,1 Ct,Box,No Vegan Claim Present,No Natural Claim Present,No Gmo Claim Present,No Organic Claim Present,No Plant based claim,No Preservative-Free Claim Present,Non BFY
0000336359267,0,0,0,Single Serve,NA,NA,NA,NA,NA,NA,NA,NA,NA,NA,NA,NA,NA,NA,NA,NA,NA,NA,NA,NA,NA,NA,NA,NA
0004280010800,27830245.3,8743740.949,0,Single Serve,Non- Indulgent,Meat Combos,Others,Deluxe/Supreme/Meat Combo,Meat Combos,PL,PL,No Gluten Claim Present,Value,Regular Crust,7.2 Oz,Small (<=10 Oz),Conv Oven,PL,PL,1 Ct,Box,No Vegan Claim Present,No Natural Claim Present,No Gmo Claim Present,No Organic Claim Present,No Plant based claim,No Preservative-Free Claim Present,Non BFY
0000195584475,991861.3573,382066.8111,0,Multi Serve,Non- Indulgent,Pepperoni,Others,Others,Pepperoni,PL,PL,No Gluten Claim Present,Value,Rising Crust,28.3 Oz,Medium (20-30 Oz),Conv Oven,PL,PL,1 Ct,Box,No Vegan Claim Present,No Natural Claim Present,No Gmo Claim Present,No Organic Claim Present,No Plant based claim,No Preservative-Free Claim Present,Non BFY
0083041500981,0,0,0,Multi Serve,NA,NA,NA,NA,NA,NA,NA,NA,NA,NA,NA,NA,NA,NA,NA,NA,NA,NA,NA,NA,NA,NA,NA,NA
0000138617658,0,0,0,Multi Serve,NA,NA,NA,NA,NA,NA,NA,NA,NA,NA,NA,NA,NA,NA,NA,NA,NA,NA,NA,NA,NA,NA,NA,NA
0067400700277,19601.67127,2209.315673,0,Multi Serve,NA,NA,NA,NA,NA,NA,NA,NA,NA,NA,NA,NA,NA,NA,NA,NA,NA,NA,NA,NA,NA,NA,NA,NA
0081267902021,0,0,0,Multi Serve,NA,NA,NA,NA,NA,NA,NA,NA,NA,NA,NA,NA,NA,NA,NA,NA,NA,NA,NA,NA,NA,NA,NA,NA
0009492222856,29003.79352,2544.483142,0,Multi Serve,NA,NA,NA,NA,NA,NA,NA,NA,NA,NA,NA,NA,NA,NA,NA,NA,NA,NA,NA,NA,NA,NA,NA,NA
0005843120469,0,0,0,Multi Serve,NA,NA,NA,NA,NA,NA,NA,NA,NA,NA,NA,NA,NA,NA,NA,NA,NA,NA,NA,NA,NA,NA,NA,NA
0000335145179,87177.13,15147.0375,0,Multi Serve,Non- Indulgent,Pepperoni,Others,Others,Pepperoni,PL,PL,No Gluten Claim Present,Value,Regular Crust,13.3 Oz,Small (<=20 Oz),Conv Oven,PL,PL,1 Ct,Box,No Vegan Claim Present,No Natural Claim Present,No Gmo Claim Present,No Organic Claim Present,No Plant based claim,No Preservative-Free Claim Present,Non BFY
0003120536200,309087.368,52600.59789,0,Multi Serve,NA,NA,NA,NA,NA,NA,NA,NA,NA,NA,NA,NA,NA,NA,NA,NA,NA,NA,NA,NA,NA,NA,NA,NA
0089245300142,0,0,0,Multi Serve,NA,NA,NA,NA,NA,NA,NA,NA,NA,NA,NA,NA,NA,NA,NA,NA,NA,NA,NA,NA,NA,NA,NA,NA
0030000390700,18118.23145,2207.380129,0,Multi Serve,NA,NA,NA,NA,NA,NA,NA,NA,NA,NA,NA,NA,NA,NA,NA,NA,NA,NA,NA,NA,NA,NA,NA,NA
0007192167217,377.452788,100.5369853,1,Multi Serve,NA,NA,NA,NA,NA,NA,NA,NA,NA,NA,NA,NA,NA,NA,NA,NA,NA,NA,NA,NA,NA,NA,NA,NA
0000734072823,0,0,0,Multi Serve,NA,NA,NA,NA,NA,NA,NA,NA,NA,NA,NA,NA,NA,NA,NA,NA,NA,NA,NA,NA,NA,NA,NA,NA
0086586800031,891680.505,81041.96144,0,Multi Serve,NA,NA,NA,NA,NA,NA,NA,NA,NA,NA,NA,NA,NA,NA,NA,NA,NA,NA,NA,NA,NA,NA,NA,NA
0003870895002,956849.6438,185053.5505,0,Multi Serve,NA,NA,NA,NA,NA,NA,NA,NA,NA,NA,NA,NA,NA,NA,NA,NA,NA,NA,NA,NA,NA,NA,NA,NA
0000452879265,0,0,0,Multi Serve,NA,NA,NA,NA,NA,NA,NA,NA,NA,NA,NA,NA,NA,NA,NA,NA,NA,NA,NA,NA,NA,NA,NA,NA
0002660512002,95246.16863,18183.10799,0,Multi Serve,NA,NA,NA,NA,NA,NA,NA,NA,NA,NA,NA,NA,NA,NA,NA,NA,NA,NA,NA,NA,NA,NA,NA,NA
0002870444900,185451.4375,39086.86818,0,Multi Serve,NA,NA,NA,NA,NA,NA,NA,NA,NA,NA,NA,NA,NA,NA,NA,NA,NA,NA,NA,NA,NA,NA,NA,NA
0000264451943,1183240.503,421374.9273,0,Multi Serve,Non- Indulgent,Pepperoni,Others,Others,Pepperoni,PL,PL,No Gluten Claim Present,Value,Rising Crust,28.3 Oz,Medium (20-30 Oz),Conv Oven,PL,PL,1 Ct,Box,No Vegan Claim Present,No Natural Claim Present,No Gmo Claim Present,No Organic Claim Present,No Plant based claim,No Preservative-Free Claim Present,Non BFY
0000044469744,0,0,0,Multi Serve,NA,NA,NA,NA,NA,NA,NA,NA,NA,NA,NA,NA,NA,NA,NA,NA,NA,NA,NA,NA,NA,NA,NA,NA
0000266985308,0,0,0,Multi Serve,NA,NA,NA,NA,NA,NA,NA,NA,NA,NA,NA,NA,NA,NA,NA,NA,NA,NA,NA,NA,NA,NA,NA,NA
0007570612759,214398.1672,57044.21939,0,Multi Serve,NA,NA,NA,NA,NA,NA,NA,NA,NA,NA,NA,NA,NA,NA,NA,NA,NA,NA,NA,NA,NA,NA,NA,NA
0000589671564,75986.04371,9354.33347,0,Multi Serve,NA,NA,NA,NA,NA,NA,NA,NA,NA,NA,NA,NA,NA,NA,NA,NA,NA,NA,NA,NA,NA,NA,NA,NA
0063759911111,131.6350467,21.37652206,0,Multi Serve,NA,NA,NA,NA,NA,NA,NA,NA,NA,NA,NA,NA,NA,NA,NA,NA,NA,NA,NA,NA,NA,NA,NA,NA
0007025301183,159911.2571,25264.20801,0,Multi Serve,NA,NA,NA,NA,NA,NA,NA,NA,NA,NA,NA,NA,NA,NA,NA,NA,NA,NA,NA,NA,NA,NA,NA,NA
0064313040014,0,0,0,Multi Serve,NA,NA,NA,NA,NA,NA,NA,NA,NA,NA,NA,NA,NA,NA,NA,NA,NA,NA,NA,NA,NA,NA,NA,NA
0000480563403,8284900.043,1577949.111,0,Multi Serve,Non- Indulgent,Pepperoni,Others,Others,Pepperoni,Non-Veg,PL,No Gluten Claim Present,Value,Thin,14.2 Oz,Small (<=20 Oz),Conv Oven,Thin,PL,1 Ct,Box,No Vegan Claim Present,No Natural Claim Present,No Gmo Claim Present,No Organic Claim Present,No Plant based claim,No Preservative-Free Claim Present,Non BFY
0007570630529,0,0,0,Multi Serve,NA,NA,NA,NA,NA,NA,NA,NA,NA,NA,NA,NA,NA,NA,NA,NA,NA,NA,NA,NA,NA,NA,NA,NA
0003913117501,85172.46525,17113.36391,0,Multi Serve,NA,NA,NA,NA,NA,NA,NA,NA,NA,NA,NA,NA,NA,NA,NA,NA,NA,NA,NA,NA,NA,NA,NA,NA
0000101742990,0,0,0,Multi Serve,NA,NA,NA,NA,NA,NA,NA,NA,NA,NA,NA,NA,NA,NA,NA,NA,NA,NA,NA,NA,NA,NA,NA,NA
0002660512005,71925.68308,14579.92497,0,Multi Serve,NA,NA,NA,NA,NA,NA,NA,NA,NA,NA,NA,NA,NA,NA,NA,NA,NA,NA,NA,NA,NA,NA,NA,NA
0007192185229,15383196.22,2563516.874,1,Multi Serve,Non- Indulgent,Pepperoni,Others,Others,Pepperoni,Non-Veg,Red Sauce,Gluten Free Claim,Mid Tier,Regular Crust,24.2 Oz,Medium (20-30 Oz),Conv Oven,Thick/Original,Healthy,1 Ct,Box,No Vegan Claim Present,No Natural Claim Present,No Gmo Claim Present,No Organic Claim Present,No Plant based claim,No Preservative-Free Claim Present,BFY
0085000107843,89.0573841,19.74629119,0,Multi Serve,NA,NA,NA,NA,NA,NA,NA,NA,NA,NA,NA,NA,NA,NA,NA,NA,NA,NA,NA,NA,NA,NA,NA,NA
0069899780859,0,0,0,Multi Serve,NA,NA,NA,NA,NA,NA,NA,NA,NA,NA,NA,NA,NA,NA,NA,NA,NA,NA,NA,NA,NA,NA,NA,NA
0001138469109,0,0,0,Multi Serve,NA,NA,NA,NA,NA,NA,NA,NA,NA,NA,NA,NA,NA,NA,NA,NA,NA,NA,NA,NA,NA,NA,NA,NA
0001199923747,0,0,0,Multi Serve,NA,NA,NA,NA,NA,NA,NA,NA,NA,NA,NA,NA,NA,NA,NA,NA,NA,NA,NA,NA,NA,NA,NA,NA
0000130783384,993508.1017,131409.1377,0,Multi Serve,Non- Indulgent,Cheese/Plain,Others,Others,Cheese/Plain,PL,PL,Gluten Free Claim,Premium,Veggie Crust,11.64 Oz,Small (<=20 Oz),Conv Oven,PL,PL,1 Ct,Box,No Vegan Claim Present,No Natural Claim Present,No Gmo Claim Present,No Organic Claim Present,No Plant based claim,No Preservative-Free Claim Present,BFY
0000018963789,0,0,0,Multi Serve,NA,NA,NA,NA,NA,NA,NA,NA,NA,NA,NA,NA,NA,NA,NA,NA,NA,NA,NA,NA,NA,NA,NA,NA
0007218056618,2153958.303,486532.5128,0,Multi Serve,Non- Indulgent,Vegetarian,Others,Others,Vegetarian,Vegetarian,Red Sauce,No Gluten Claim Present,Mid Tier,Regular Crust,19.1 Oz,Small (<=20 Oz),Conv Oven,Thick/Original,Regular Crust,1 Ct,Box,No Vegan Claim Present,No Natural Claim Present,No Gmo Claim Present,No Organic Claim Present,No Plant based claim,No Preservative-Free Claim Present,Non BFY
0000750729083,484.6466593,222.4131915,0,Multi Serve,NA,NA,NA,NA,NA,NA,NA,NA,NA,NA,NA,NA,NA,NA,NA,NA,NA,NA,NA,NA,NA,NA,NA,NA
0000029540644,1010428.35,359305.2409,0,Multi Serve,Non- Indulgent,Deluxe/Supreme,Deluxe/Supreme,Deluxe/Supreme/Meat Combo,Meat Combos,PL,PL,No Gluten Claim Present,Value,Rising Crust,33.5 Oz,Large (>= 30 Oz),Conv Oven,PL,PL,1 Ct,Box,No Vegan Claim Present,No Natural Claim Present,No Gmo Claim Present,No Organic Claim Present,No Plant based claim,No Preservative-Free Claim Present,Non BFY
0088570910172,1821.05706,232.6128866,0,Multi Serve,NA,NA,NA,NA,NA,NA,NA,NA,NA,NA,NA,NA,NA,NA,NA,NA,NA,NA,NA,NA,NA,NA,NA,NA
0085493400762,0,0,0,Multi Serve,NA,NA,NA,NA,NA,NA,NA,NA,NA,NA,NA,NA,NA,NA,NA,NA,NA,NA,NA,NA,NA,NA,NA,NA
0007465365052,0,0,1,Multi Serve,NA,NA,NA,NA,NA,NA,NA,NA,NA,NA,NA,NA,NA,NA,NA,NA,NA,NA,NA,NA,NA,NA,NA,NA
0009492222855,34955.0868,3058.760162,0,Multi Serve,NA,NA,NA,NA,NA,NA,NA,NA,NA,NA,NA,NA,NA,NA,NA,NA,NA,NA,NA,NA,NA,NA,NA,NA
0003870895296,1362444.027,351288.8523,0,Multi Serve,NA,NA,NA,NA,NA,NA,NA,NA,NA,NA,NA,NA,NA,NA,NA,NA,NA,NA,NA,NA,NA,NA,NA,NA
0000480563417,0,0,0,Multi Serve,NA,NA,NA,NA,NA,NA,NA,NA,NA,NA,NA,NA,NA,NA,NA,NA,NA,NA,NA,NA,NA,NA,NA,NA
0000597378306,0,0,0,Multi Serve,NA,NA,NA,NA,NA,NA,NA,NA,NA,NA,NA,NA,NA,NA,NA,NA,NA,NA,NA,NA,NA,NA,NA,NA
0086001296520,48362.52954,9217.761961,0,Multi Serve,NA,NA,NA,NA,NA,NA,NA,NA,NA,NA,NA,NA,NA,NA,NA,NA,NA,NA,NA,NA,NA,NA,NA,NA
0069899780627,7.921627471,0.779130027,0,Multi Serve,NA,NA,NA,NA,NA,NA,NA,NA,NA,NA,NA,NA,NA,NA,NA,NA,NA,NA,NA,NA,NA,NA,NA,NA
0000200381885,1657662.073,593874.4474,0,Multi Serve,Non- Indulgent,Cheese/Plain,Others,Others,Cheese/Plain,Vegetarian,PL,No Gluten Claim Present,Value,Rising Crust,28.2 Oz,Medium (20-30 Oz),Conv Oven,Thick/Original,PL,1 Ct,Box,No Vegan Claim Present,No Natural Claim Present,No Gmo Claim Present,No Organic Claim Present,No Plant based claim,No Preservative-Free Claim Present,Non BFY
0000480704060,486983.2818,82151.15635,0,Multi Serve,NA,NA,NA,NA,NA,NA,NA,NA,NA,NA,NA,NA,NA,NA,NA,NA,NA,NA,NA,NA,NA,NA,NA,NA
0085493400774,0,0,0,Multi Serve,NA,NA,NA,NA,NA,NA,NA,NA,NA,NA,NA,NA,NA,NA,NA,NA,NA,NA,NA,NA,NA,NA,NA,NA
0085955300436,277799.8043,19560.14034,0,Multi Serve,NA,NA,NA,NA,NA,NA,NA,NA,NA,NA,NA,NA,NA,NA,NA,NA,NA,NA,NA,NA,NA,NA,NA,NA
0068614804106,285757.1532,43530.15609,0,Multi Serve,NA,NA,NA,NA,NA,NA,NA,NA,NA,NA,NA,NA,NA,NA,NA,NA,NA,NA,NA,NA,NA,NA,NA,NA
0007218076294,23530.28453,2446.342166,0,Multi Serve,NA,NA,NA,NA,NA,NA,NA,NA,NA,NA,NA,NA,NA,NA,NA,NA,NA,NA,NA,NA,NA,NA,NA,NA
0000197211914,0,0,0,Multi Serve,NA,NA,NA,NA,NA,NA,NA,NA,NA,NA,NA,NA,NA,NA,NA,NA,NA,NA,NA,NA,NA,NA,NA,NA
0000000604318,0,0,0,Multi Serve,NA,NA,NA,NA,NA,NA,NA,NA,NA,NA,NA,NA,NA,NA,NA,NA,NA,NA,NA,NA,NA,NA,NA,NA
0007218056736,0,0,0,Multi Serve,NA,NA,NA,NA,NA,NA,NA,NA,NA,NA,NA,NA,NA,NA,NA,NA,NA,NA,NA,NA,NA,NA,NA,NA
0007192100008,25.42265315,6.790064847,1,Multi Serve,NA,NA,NA,NA,NA,NA,NA,NA,NA,NA,NA,NA,NA,NA,NA,NA,NA,NA,NA,NA,NA,NA,NA,NA
0087145900266,0,0,0,Multi Serve,NA,NA,NA,NA,NA,NA,NA,NA,NA,NA,NA,NA,NA,NA,NA,NA,NA,NA,NA,NA,NA,NA,NA,NA
0001182413525,743870.0112,153593.9714,0,Multi Serve,Non- Indulgent,Ao Topping,Others,Others,Ao Topping,PL,PL,No Gluten Claim Present,Value,Ao Crust,15.5 Oz,Small (<=20 Oz),Conv Oven,Thick/Original,PL,1 Ct,Box,No Vegan Claim Present,No Natural Claim Present,No Gmo Claim Present,No Organic Claim Present,PL,No Preservative-Free Claim Present,Non BFY
0004219700410,340480.3631,59906.68921,0,Multi Serve,NA,NA,NA,NA,NA,NA,NA,NA,NA,NA,NA,NA,NA,NA,NA,NA,NA,NA,NA,NA,NA,NA,NA,NA
0000750737165,246.0162385,31.88964043,0,Multi Serve,NA,NA,NA,NA,NA,NA,NA,NA,NA,NA,NA,NA,NA,NA,NA,NA,NA,NA,NA,NA,NA,NA,NA,NA
0004786100004,1668142.947,275395.0982,0,Multi Serve,NA,NA,NA,NA,NA,NA,NA,NA,NA,NA,NA,NA,NA,NA,NA,NA,NA,NA,NA,NA,NA,NA,NA,NA
0004786100008,980217.5194,137204.2473,0,Multi Serve,NA,NA,NA,NA,NA,NA,NA,NA,NA,NA,NA,NA,NA,NA,NA,NA,NA,NA,NA,NA,NA,NA,NA,NA
0000583004885,0,0,0,Multi Serve,NA,NA,NA,NA,NA,NA,NA,NA,NA,NA,NA,NA,NA,NA,NA,NA,NA,NA,NA,NA,NA,NA,NA,NA
0002182112456,50408.26819,14653.88638,0,Multi Serve,NA,NA,NA,NA,NA,NA,NA,NA,NA,NA,NA,NA,NA,NA,NA,NA,NA,NA,NA,NA,NA,NA,NA,NA
0001201698252,28793.49663,8439.056557,0,Multi Serve,NA,NA,NA,NA,NA,NA,NA,NA,NA,NA,NA,NA,NA,NA,NA,NA,NA,NA,NA,NA,NA,NA,NA,NA
0085832400652,0,0,0,Multi Serve,NA,NA,NA,NA,NA,NA,NA,NA,NA,NA,NA,NA,NA,NA,NA,NA,NA,NA,NA,NA,NA,NA,NA,NA
0000031243118,671.01,103.125,0,Multi Serve,NA,NA,NA,NA,NA,NA,NA,NA,NA,NA,NA,NA,NA,NA,NA,NA,NA,NA,NA,NA,NA,NA,NA,NA
0000480563395,8649569.571,3606956.64,0,Multi Serve,Non- Indulgent,Pepperoni,Others,Others,Pepperoni,Non-Veg,PL,No Gluten Claim Present,Value,Rising Crust,30.5 Oz,Large (>= 30 Oz),Conv Oven,Thick/Original,PL,1 Ct,Box,No Vegan Claim Present,No Natural Claim Present,No Gmo Claim Present,No Organic Claim Present,No Plant based claim,No Preservative-Free Claim Present,Non BFY
0001131762506,173155.9876,47526.0826,0,Multi Serve,NA,NA,NA,NA,NA,NA,NA,NA,NA,NA,NA,NA,NA,NA,NA,NA,NA,NA,NA,NA,NA,NA,NA,NA
0004219700329,1491420.424,247970.1668,0,Multi Serve,Indulgent,Meat Combos,Others,Deluxe/Supreme/Meat Combo,Meat Combos,Non-Veg,NA,No Gluten Claim Present,Mid Tier,Regular Crust,14.9 Oz,Small (<=20 Oz),Conv Oven,Thick,NA,1 Ct,Over Wrap,No Vegan Claim Present,No Natural Claim Present,No Gmo Claim Present,No Organic Claim Present,No Plant based claim,No Preservative-Free Claim Present,Non BFY
0001571784494,151060.493,41848.25601,0,Multi Serve,NA,NA,NA,NA,NA,NA,NA,NA,NA,NA,NA,NA,NA,NA,NA,NA,NA,NA,NA,NA,NA,NA,NA,NA
0007192120751,0,0,0,Multi Serve,NA,NA,NA,NA,NA,NA,NA,NA,NA,NA,NA,NA,NA,NA,NA,NA,NA,NA,NA,NA,NA,NA,NA,NA
0007465397421,43618.608,8832.316119,1,Multi Serve,NA,NA,NA,NA,NA,NA,NA,NA,NA,NA,NA,NA,NA,NA,NA,NA,NA,NA,NA,NA,NA,NA,NA,NA
0000747359284,0,0,0,Multi Serve,NA,NA,NA,NA,NA,NA,NA,NA,NA,NA,NA,NA,NA,NA,NA,NA,NA,NA,NA,NA,NA,NA,NA,NA
0007864220500,440032.5783,96121.93842,0,Multi Serve,NA,NA,NA,NA,NA,NA,NA,NA,NA,NA,NA,NA,NA,NA,NA,NA,NA,NA,NA,NA,NA,NA,NA,NA
0003007456701,0,0,0,Multi Serve,NA,NA,NA,NA,NA,NA,NA,NA,NA,NA,NA,NA,NA,NA,NA,NA,NA,NA,NA,NA,NA,NA,NA,NA
0000079757927,0,0,0,Multi Serve,NA,NA,NA,NA,NA,NA,NA,NA,NA,NA,NA,NA,NA,NA,NA,NA,NA,NA,NA,NA,NA,NA,NA,NA
0019589355493,791090.641,41960.72615,0,Multi Serve,NA,NA,NA,NA,NA,NA,NA,NA,NA,NA,NA,NA,NA,NA,NA,NA,NA,NA,NA,NA,NA,NA,NA,NA
0001813527001,72343.27489,10674.02633,0,Multi Serve,NA,NA,NA,NA,NA,NA,NA,NA,NA,NA,NA,NA,NA,NA,NA,NA,NA,NA,NA,NA,NA,NA,NA,NA
0000028882646,15.19,6.890625,0,Multi Serve,NA,NA,NA,NA,NA,NA,NA,NA,NA,NA,NA,NA,NA,NA,NA,NA,NA,NA,NA,NA,NA,NA,NA,NA
0007192101779,0,0,1,Multi Serve,NA,NA,NA,NA,NA,NA,NA,NA,NA,NA,NA,NA,NA,NA,NA,NA,NA,NA,NA,NA,NA,NA,NA,NA
0002069112003,107523.5593,20228.95116,0,Multi Serve,NA,NA,NA,NA,NA,NA,NA,NA,NA,NA,NA,NA,NA,NA,NA,NA,NA,NA,NA,NA,NA,NA,NA,NA
0071153550806,0,0,0,Multi Serve,NA,NA,NA,NA,NA,NA,NA,NA,NA,NA,NA,NA,NA,NA,NA,NA,NA,NA,NA,NA,NA,NA,NA,NA
0000003265041,6.690287933,5.836579317,0,Multi Serve,NA,NA,NA,NA,NA,NA,NA,NA,NA,NA,NA,NA,NA,NA,NA,NA,NA,NA,NA,NA,NA,NA,NA,NA
0004219700365,33631.68254,9810.21014,0,Multi Serve,NA,NA,NA,NA,NA,NA,NA,NA,NA,NA,NA,NA,NA,NA,NA,NA,NA,NA,NA,NA,NA,NA,NA,NA
0001380055263,0,0,1,Multi Serve,NA,NA,NA,NA,NA,NA,NA,NA,NA,NA,NA,NA,NA,NA,NA,NA,NA,NA,NA,NA,NA,NA,NA,NA
0007192122357,2194941.836,269306.9947,1,Multi Serve,Non- Indulgent,Cheese/Plain,Others,Others,Cheese/Plain,Vegetarian,Red Sauce,No Gluten Claim Present,Premium,Ao Crust,14.7 Oz,Small (<=20 Oz),Conv Oven,Thick/Original,Regular Crust,1 Ct,Box,No Vegan Claim Present,No Natural Claim Present,No Gmo Claim Present,No Organic Claim Present,No Plant based claim,No Preservative-Free Claim Present,Non BFY
0000334194668,512.53,100.59375,0,Multi Serve,NA,NA,NA,NA,NA,NA,NA,NA,NA,NA,NA,NA,NA,NA,NA,NA,NA,NA,NA,NA,NA,NA,NA,NA
0089784600210,4545.642716,874.4901997,0,Multi Serve,NA,NA,NA,NA,NA,NA,NA,NA,NA,NA,NA,NA,NA,NA,NA,NA,NA,NA,NA,NA,NA,NA,NA,NA
0000607846553,41185.57292,9308.954801,0,Multi Serve,NA,NA,NA,NA,NA,NA,NA,NA,NA,NA,NA,NA,NA,NA,NA,NA,NA,NA,NA,NA,NA,NA,NA,NA
0007192101636,0,0,1,Multi Serve,NA,NA,NA,NA,NA,NA,NA,NA,NA,NA,NA,NA,NA,NA,NA,NA,NA,NA,NA,NA,NA,NA,NA,NA
0002182110541,0,0,0,Multi Serve,NA,NA,NA,NA,NA,NA,NA,NA,NA,NA,NA,NA,NA,NA,NA,NA,NA,NA,NA,NA,NA,NA,NA,NA
0000942653758,13038548.1,4767280.945,0,Multi Serve,Non- Indulgent,Deluxe/Supreme,Deluxe/Supreme,Deluxe/Supreme/Meat Combo,Meat Combos,PL,PL,No Gluten Claim Present,Value,Rising Crust,29.05 Oz,Medium (20-30 Oz),Conv Oven,Thick/Original,PL,1 Ct,Box,No Vegan Claim Present,No Natural Claim Present,No Gmo Claim Present,No Organic Claim Present,No Plant based claim,No Preservative-Free Claim Present,Non BFY
0064313040001,319750.5077,70477.04048,0,Multi Serve,NA,NA,NA,NA,NA,NA,NA,NA,NA,NA,NA,NA,NA,NA,NA,NA,NA,NA,NA,NA,NA,NA,NA,NA
0004219700374,0,0,0,Multi Serve,NA,NA,NA,NA,NA,NA,NA,NA,NA,NA,NA,NA,NA,NA,NA,NA,NA,NA,NA,NA,NA,NA,NA,NA
0003870895234,0,0,0,Multi Serve,NA,NA,NA,NA,NA,NA,NA,NA,NA,NA,NA,NA,NA,NA,NA,NA,NA,NA,NA,NA,NA,NA,NA,NA
0001186460496,704055.1282,90024.16766,0,Multi Serve,Non- Indulgent,Pepperoni,Others,Others,Pepperoni,PL,PL,No Gluten Claim Present,Premium,Hand Tossed/Pizzeria Style,15.23 Oz,Small (<=20 Oz),Conv Oven,PL,PL,1 Ct,Box,No Vegan Claim Present,No Natural Claim Present,No Gmo Claim Present,No Organic Claim Present,PL,No Preservative-Free Claim Present,Non BFY
0007986100705,12489.42924,2237.811362,0,Multi Serve,NA,NA,NA,NA,NA,NA,NA,NA,NA,NA,NA,NA,NA,NA,NA,NA,NA,NA,NA,NA,NA,NA,NA,NA
0001215680310,428382.6197,78922.05339,0,Multi Serve,Non- Indulgent,Ao Topping,Others,Others,Ao Topping,PL,PL,No Gluten Claim Present,Value,Thin,19 Oz,Small (<=20 Oz),Conv Oven,PL,PL,1 Ct,Box,No Vegan Claim Present,No Natural Claim Present,No Gmo Claim Present,No Organic Claim Present,PL,No Preservative-Free Claim Present,Non BFY
0000562493805,10.27416024,3.924873337,0,Multi Serve,NA,NA,NA,NA,NA,NA,NA,NA,NA,NA,NA,NA,NA,NA,NA,NA,NA,NA,NA,NA,NA,NA,NA,NA
0007192139553,1521287.941,560045.3479,1,Multi Serve,Non- Indulgent,Deluxe/Supreme,Deluxe/Supreme,Deluxe/Supreme/Meat Combo,Meat Combos,Non-Veg,NA,No Gluten Claim Present,Mid Tier,Rising Crust,87.9 Oz,Large (>= 30 Oz),Conv Oven,Thick/Original,NA,3 Ct,Box,No Vegan Claim Present,No Natural Claim Present,No Gmo Claim Present,No Organic Claim Present,No Plant based claim,No Preservative-Free Claim Present,Non BFY
0000199686877,897530.5374,341551.336,0,Multi Serve,Non- Indulgent,Ao Topping,Others,Others,Ao Topping,PL,PL,No Gluten Claim Present,Value,Rising Crust,28.7 Oz,Medium (20-30 Oz),Conv Oven,PL,PL,1 Ct,Box,No Vegan Claim Present,No Natural Claim Present,No Gmo Claim Present,No Organic Claim Present,No Plant based claim,No Preservative-Free Claim Present,Non BFY
0088804400044,0,0,0,Multi Serve,NA,NA,NA,NA,NA,NA,NA,NA,NA,NA,NA,NA,NA,NA,NA,NA,NA,NA,NA,NA,NA,NA,NA,NA
0000643815977,0,0,0,Multi Serve,NA,NA,NA,NA,NA,NA,NA,NA,NA,NA,NA,NA,NA,NA,NA,NA,NA,NA,NA,NA,NA,NA,NA,NA
0007570630801,263169.3433,51488.78571,0,Multi Serve,NA,NA,NA,NA,NA,NA,NA,NA,NA,NA,NA,NA,NA,NA,NA,NA,NA,NA,NA,NA,NA,NA,NA,NA
0000024684574,10.59,3.975,0,Multi Serve,NA,NA,NA,NA,NA,NA,NA,NA,NA,NA,NA,NA,NA,NA,NA,NA,NA,NA,NA,NA,NA,NA,NA,NA
0003913170010,969906.6695,157481.9175,0,Multi Serve,Non- Indulgent,Chicken,Others,Others,Chicken,Non-Veg,NA,No Gluten Claim Present,Premium,Thin,15.88 Oz,Small (<=20 Oz),Conv Oven,Thin,NA,1 Ct,Box,No Vegan Claim Present,No Natural Claim Present,No Gmo Claim Present,No Organic Claim Present,No Plant based claim,No Preservative-Free Claim Present,Non BFY
0007570630811,736.8272054,287.9911894,0,Multi Serve,NA,NA,NA,NA,NA,NA,NA,NA,NA,NA,NA,NA,NA,NA,NA,NA,NA,NA,NA,NA,NA,NA,NA,NA
0088570912283,72795.95523,7201.19485,0,Multi Serve,NA,NA,NA,NA,NA,NA,NA,NA,NA,NA,NA,NA,NA,NA,NA,NA,NA,NA,NA,NA,NA,NA,NA,NA
0089784600281,0,0,0,Multi Serve,NA,NA,NA,NA,NA,NA,NA,NA,NA,NA,NA,NA,NA,NA,NA,NA,NA,NA,NA,NA,NA,NA,NA,NA
0007570616504,72053.83415,12663.43262,0,Multi Serve,NA,NA,NA,NA,NA,NA,NA,NA,NA,NA,NA,NA,NA,NA,NA,NA,NA,NA,NA,NA,NA,NA,NA,NA
0004219700336,897152.387,151205.679,0,Multi Serve,NA,NA,NA,NA,NA,NA,NA,NA,NA,NA,NA,NA,NA,NA,NA,NA,NA,NA,NA,NA,NA,NA,NA,NA
0000331027432,388829.4475,99104.86963,0,Multi Serve,NA,NA,NA,NA,NA,NA,NA,NA,NA,NA,NA,NA,NA,NA,NA,NA,NA,NA,NA,NA,NA,NA,NA,NA
0004712400121,115475.157,18643.6121,0,Multi Serve,NA,NA,NA,NA,NA,NA,NA,NA,NA,NA,NA,NA,NA,NA,NA,NA,NA,NA,NA,NA,NA,NA,NA,NA
0000596485491,47.74414832,10.68898843,0,Multi Serve,NA,NA,NA,NA,NA,NA,NA,NA,NA,NA,NA,NA,NA,NA,NA,NA,NA,NA,NA,NA,NA,NA,NA,NA
0078358392085,263870.9644,27289.7147,0,Multi Serve,NA,NA,NA,NA,NA,NA,NA,NA,NA,NA,NA,NA,NA,NA,NA,NA,NA,NA,NA,NA,NA,NA,NA,NA
0009350602480,0,0,0,Multi Serve,NA,NA,NA,NA,NA,NA,NA,NA,NA,NA,NA,NA,NA,NA,NA,NA,NA,NA,NA,NA,NA,NA,NA,NA
0005149727512,644.0605191,55.89532725,0,Multi Serve,NA,NA,NA,NA,NA,NA,NA,NA,NA,NA,NA,NA,NA,NA,NA,NA,NA,NA,NA,NA,NA,NA,NA,NA
0009724923501,50742.65595,3953.071169,0,Multi Serve,NA,NA,NA,NA,NA,NA,NA,NA,NA,NA,NA,NA,NA,NA,NA,NA,NA,NA,NA,NA,NA,NA,NA,NA
0086120600026,0,0,0,Multi Serve,NA,NA,NA,NA,NA,NA,NA,NA,NA,NA,NA,NA,NA,NA,NA,NA,NA,NA,NA,NA,NA,NA,NA,NA
0004227200109,60442.34148,4209.340156,0,Multi Serve,NA,NA,NA,NA,NA,NA,NA,NA,NA,NA,NA,NA,NA,NA,NA,NA,NA,NA,NA,NA,NA,NA,NA,NA
0271561114980,2086.346486,561.3833919,1,Multi Serve,NA,NA,NA,NA,NA,NA,NA,NA,NA,NA,NA,NA,NA,NA,NA,NA,NA,NA,NA,NA,NA,NA,NA,NA
0000317843816,0,0,0,Multi Serve,NA,NA,NA,NA,NA,NA,NA,NA,NA,NA,NA,NA,NA,NA,NA,NA,NA,NA,NA,NA,NA,NA,NA,NA
0001674187764,98.70382043,26.50478954,1,Multi Serve,NA,NA,NA,NA,NA,NA,NA,NA,NA,NA,NA,NA,NA,NA,NA,NA,NA,NA,NA,NA,NA,NA,NA,NA
0089245300129,568755.0456,69017.94484,0,Multi Serve,NA,NA,NA,NA,NA,NA,NA,NA,NA,NA,NA,NA,NA,NA,NA,NA,NA,NA,NA,NA,NA,NA,NA,NA
0001202973595,78329.21266,28060.27527,0,Multi Serve,NA,NA,NA,NA,NA,NA,NA,NA,NA,NA,NA,NA,NA,NA,NA,NA,NA,NA,NA,NA,NA,NA,NA,NA
0007465300759,0,0,1,Multi Serve,NA,NA,NA,NA,NA,NA,NA,NA,NA,NA,NA,NA,NA,NA,NA,NA,NA,NA,NA,NA,NA,NA,NA,NA
0007192163896,197090.8579,32147.24839,1,Multi Serve,NA,NA,NA,NA,NA,NA,NA,NA,NA,NA,NA,NA,NA,NA,NA,NA,NA,NA,NA,NA,NA,NA,NA,NA
0086287100033,2280232.742,189980.0715,0,Multi Serve,Non- Indulgent,Vegetarian,Others,Others,Vegetarian,Vegetarian,NA,Gluten Free Claim,Premium,Veggie Crust,11.6 Oz,Small (<=20 Oz),Conv Oven,Thin,Healthy,1 Ct,Box,No Vegan Claim Present,No Natural Claim Present,No Gmo Claim Present,No Organic Claim Present,No Plant based claim,No Preservative-Free Claim Present,BFY
0007192102520,9.48,12.825,1,Multi Serve,NA,NA,NA,NA,NA,NA,NA,NA,NA,NA,NA,NA,NA,NA,NA,NA,NA,NA,NA,NA,NA,NA,NA,NA
0009848795242,0,0,0,Multi Serve,NA,NA,NA,NA,NA,NA,NA,NA,NA,NA,NA,NA,NA,NA,NA,NA,NA,NA,NA,NA,NA,NA,NA,NA
0004219700355,0,0,0,Multi Serve,NA,NA,NA,NA,NA,NA,NA,NA,NA,NA,NA,NA,NA,NA,NA,NA,NA,NA,NA,NA,NA,NA,NA,NA
0007218063736,14249146.28,4806512.172,0,Multi Serve,Non- Indulgent,Deluxe/Supreme,Deluxe/Supreme,Deluxe/Supreme/Meat Combo,Meat Combos,Non-Veg,Red Sauce,No Gluten Claim Present,Value,Hand Tossed/Pizzeria Style,20.6 Oz,Medium (20-30 Oz),Conv Oven,Thick/Original,NA,1 Ct,Box,No Vegan Claim Present,No Natural Claim Present,No Gmo Claim Present,No Organic Claim Present,No Plant based claim,No Preservative-Free Claim Present,Non BFY
0007192159203,0,0,1,Multi Serve,NA,NA,NA,NA,NA,NA,NA,NA,NA,NA,NA,NA,NA,NA,NA,NA,NA,NA,NA,NA,NA,NA,NA,NA
0005833618010,181706.1433,34413.07014,0,Multi Serve,NA,NA,NA,NA,NA,NA,NA,NA,NA,NA,NA,NA,NA,NA,NA,NA,NA,NA,NA,NA,NA,NA,NA,NA
0007192100001,0,0,1,Multi Serve,NA,NA,NA,NA,NA,NA,NA,NA,NA,NA,NA,NA,NA,NA,NA,NA,NA,NA,NA,NA,NA,NA,NA,NA
0004219700037,0,0,0,Multi Serve,NA,NA,NA,NA,NA,NA,NA,NA,NA,NA,NA,NA,NA,NA,NA,NA,NA,NA,NA,NA,NA,NA,NA,NA
0003870894931,71733.7004,11832.02899,0,Multi Serve,NA,NA,NA,NA,NA,NA,NA,NA,NA,NA,NA,NA,NA,NA,NA,NA,NA,NA,NA,NA,NA,NA,NA,NA
0060798402030,10158.71779,455.3603033,0,Multi Serve,NA,NA,NA,NA,NA,NA,NA,NA,NA,NA,NA,NA,NA,NA,NA,NA,NA,NA,NA,NA,NA,NA,NA,NA
0004219700022,967008.1186,301431.5324,0,Multi Serve,NA,NA,NA,NA,NA,NA,NA,NA,NA,NA,NA,NA,NA,NA,NA,NA,NA,NA,NA,NA,NA,NA,NA,NA
0003120501805,0,0,0,Multi Serve,NA,NA,NA,NA,NA,NA,NA,NA,NA,NA,NA,NA,NA,NA,NA,NA,NA,NA,NA,NA,NA,NA,NA,NA
0000441567980,0,0,0,Multi Serve,NA,NA,NA,NA,NA,NA,NA,NA,NA,NA,NA,NA,NA,NA,NA,NA,NA,NA,NA,NA,NA,NA,NA,NA
0000276156928,0,0,0,Multi Serve,NA,NA,NA,NA,NA,NA,NA,NA,NA,NA,NA,NA,NA,NA,NA,NA,NA,NA,NA,NA,NA,NA,NA,NA
0085561600725,7053.301156,808.1746042,0,Multi Serve,NA,NA,NA,NA,NA,NA,NA,NA,NA,NA,NA,NA,NA,NA,NA,NA,NA,NA,NA,NA,NA,NA,NA,NA
0007192136484,0,0,0,Multi Serve,NA,NA,NA,NA,NA,NA,NA,NA,NA,NA,NA,NA,NA,NA,NA,NA,NA,NA,NA,NA,NA,NA,NA,NA
0007192113908,0,0,1,Multi Serve,NA,NA,NA,NA,NA,NA,NA,NA,NA,NA,NA,NA,NA,NA,NA,NA,NA,NA,NA,NA,NA,NA,NA,NA
0009350602470,0,0,0,Multi Serve,NA,NA,NA,NA,NA,NA,NA,NA,NA,NA,NA,NA,NA,NA,NA,NA,NA,NA,NA,NA,NA,NA,NA,NA
0001076866199,50.4,18.046875,0,Multi Serve,NA,NA,NA,NA,NA,NA,NA,NA,NA,NA,NA,NA,NA,NA,NA,NA,NA,NA,NA,NA,NA,NA,NA,NA
0019816851569,235187.5934,40911.55278,0,Multi Serve,NA,NA,NA,NA,NA,NA,NA,NA,NA,NA,NA,NA,NA,NA,NA,NA,NA,NA,NA,NA,NA,NA,NA,NA
0005073221820,6383.242718,1081.351938,0,Multi Serve,NA,NA,NA,NA,NA,NA,NA,NA,NA,NA,NA,NA,NA,NA,NA,NA,NA,NA,NA,NA,NA,NA,NA,NA
0000467412854,0,0,0,Multi Serve,NA,NA,NA,NA,NA,NA,NA,NA,NA,NA,NA,NA,NA,NA,NA,NA,NA,NA,NA,NA,NA,NA,NA,NA
0000195111491,0,0,0,Multi Serve,NA,NA,NA,NA,NA,NA,NA,NA,NA,NA,NA,NA,NA,NA,NA,NA,NA,NA,NA,NA,NA,NA,NA,NA
0000004330735,0,0,0,Multi Serve,NA,NA,NA,NA,NA,NA,NA,NA,NA,NA,NA,NA,NA,NA,NA,NA,NA,NA,NA,NA,NA,NA,NA,NA
0007538317515,0,0,0,Multi Serve,NA,NA,NA,NA,NA,NA,NA,NA,NA,NA,NA,NA,NA,NA,NA,NA,NA,NA,NA,NA,NA,NA,NA,NA
0007864210176,2701928.239,796602.5152,0,Multi Serve,Non- Indulgent,Deluxe/Supreme,Deluxe/Supreme,Deluxe/Supreme/Meat Combo,Meat Combos,Non-Veg,NA,No Gluten Claim Present,Value,Regular Crust,38.8 OZ,Large (>= 30 Oz),Conv Oven,Thick/Original,NA,1 Ct,Box,No Vegan Claim Present,Natural Claim Present,No Gmo Claim Present,No Organic Claim Present,No Plant based claim,No Preservative-Free Claim Present,BFY
0000782330261,1265.513817,280.3336651,0,Multi Serve,NA,NA,NA,NA,NA,NA,NA,NA,NA,NA,NA,NA,NA,NA,NA,NA,NA,NA,NA,NA,NA,NA,NA,NA
0070510584716,1365.280785,259.0354763,0,Multi Serve,NA,NA,NA,NA,NA,NA,NA,NA,NA,NA,NA,NA,NA,NA,NA,NA,NA,NA,NA,NA,NA,NA,NA,NA
0000000603680,296200.5417,140204.1978,0,Multi Serve,NA,NA,NA,NA,NA,NA,NA,NA,NA,NA,NA,NA,NA,NA,NA,NA,NA,NA,NA,NA,NA,NA,NA,NA
0064313040003,879220.3911,207348.7701,0,Multi Serve,Indulgent,Meat Combos,Others,Deluxe/Supreme/Meat Combo,Meat Combos,Non-Veg,NA,No Gluten Claim Present,Mid Tier,Regular Crust,25 Oz,Medium (20-30 Oz),Conv Oven,Thin,NA,1 Ct,Box,No Vegan Claim Present,No Natural Claim Present,No Gmo Claim Present,No Organic Claim Present,No Plant based claim,No Preservative-Free Claim Present,Non BFY
0001380017856,3858035.756,681201.7019,1,Multi Serve,Non- Indulgent,Deluxe/Supreme,Deluxe/Supreme,Deluxe/Supreme/Meat Combo,Meat Combos,Non-Veg,Red Sauce,No Gluten Claim Present,Premium,Ao Crust,12.75 Oz,Small (<=20 Oz),Conv Oven,Thick/Original,Regular Crust,1 Ct,Bag In Box,No Vegan Claim Present,No Natural Claim Present,No Gmo Claim Present,No Organic Claim Present,No Plant based claim,No Preservative-Free Claim Present,Non BFY
0007570630407,21.87805852,4.909129357,0,Multi Serve,NA,NA,NA,NA,NA,NA,NA,NA,NA,NA,NA,NA,NA,NA,NA,NA,NA,NA,NA,NA,NA,NA,NA,NA
0000955376453,74239.79061,18264.17951,0,Multi Serve,NA,NA,NA,NA,NA,NA,NA,NA,NA,NA,NA,NA,NA,NA,NA,NA,NA,NA,NA,NA,NA,NA,NA,NA
0000016319961,27.84,9.196875,0,Multi Serve,NA,NA,NA,NA,NA,NA,NA,NA,NA,NA,NA,NA,NA,NA,NA,NA,NA,NA,NA,NA,NA,NA,NA,NA
0000352811215,427685.9985,176081.745,0,Multi Serve,NA,NA,NA,NA,NA,NA,NA,NA,NA,NA,NA,NA,NA,NA,NA,NA,NA,NA,NA,NA,NA,NA,NA,NA
0001044492859,11.18493271,3.511185575,0,Multi Serve,NA,NA,NA,NA,NA,NA,NA,NA,NA,NA,NA,NA,NA,NA,NA,NA,NA,NA,NA,NA,NA,NA,NA,NA
0000006992171,114930.7574,20810.65879,0,Multi Serve,NA,NA,NA,NA,NA,NA,NA,NA,NA,NA,NA,NA,NA,NA,NA,NA,NA,NA,NA,NA,NA,NA,NA,NA
0007660132917,114281.669,22516.68179,0,Multi Serve,NA,NA,NA,NA,NA,NA,NA,NA,NA,NA,NA,NA,NA,NA,NA,NA,NA,NA,NA,NA,NA,NA,NA,NA
0085493400798,12817776.21,1168771.88,0,Multi Serve,Non- Indulgent,Ao Topping,Others,Others,Ao Topping,Vegetarian,White,Gluten Free Claim,Premium,Veggie Crust,11.15 Oz,Small (<=20 Oz),Conv Oven,Thick/Original,Healthy,1 Ct,Box,No Vegan Claim Present,No Natural Claim Present,No Gmo Claim Present,No Organic Claim Present,No Plant based claim,Preservative-Free Claim,BFY
0009350602675,0,0,0,Multi Serve,NA,NA,NA,NA,NA,NA,NA,NA,NA,NA,NA,NA,NA,NA,NA,NA,NA,NA,NA,NA,NA,NA,NA,NA
0061891580012,35951.64728,6367.077909,0,Multi Serve,NA,NA,NA,NA,NA,NA,NA,NA,NA,NA,NA,NA,NA,NA,NA,NA,NA,NA,NA,NA,NA,NA,NA,NA
0007192150629,3331749.569,564578.581,1,Multi Serve,Non- Indulgent,Vegetarian,Others,Others,Cheese/Plain,Vegetarian,Red Sauce,No Gluten Claim Present,Mid Tier,Thin,14 Oz,Small (<=20 Oz),Conv Oven,Thin,Regular Crust,1 Ct,Box,No Vegan Claim Present,No Natural Claim Present,No Gmo Claim Present,No Organic Claim Present,No Plant based claim,No Preservative-Free Claim Present,Non BFY
0019589396069,517.9880864,100.8841453,0,Multi Serve,NA,NA,NA,NA,NA,NA,NA,NA,NA,NA,NA,NA,NA,NA,NA,NA,NA,NA,NA,NA,NA,NA,NA,NA
0003870895031,1093233.802,217184.5528,0,Multi Serve,NA,NA,NA,NA,NA,NA,NA,NA,NA,NA,NA,NA,NA,NA,NA,NA,NA,NA,NA,NA,NA,NA,NA,NA
0007570630517,0,0,0,Multi Serve,NA,NA,NA,NA,NA,NA,NA,NA,NA,NA,NA,NA,NA,NA,NA,NA,NA,NA,NA,NA,NA,NA,NA,NA
0069781201238,82316.40083,7146.549918,0,Multi Serve,NA,NA,NA,NA,NA,NA,NA,NA,NA,NA,NA,NA,NA,NA,NA,NA,NA,NA,NA,NA,NA,NA,NA,NA
0002066200642,1714143.503,203346.2454,0,Multi Serve,Non- Indulgent,Vegetarian,Others,Others,Vegetarian,Vegetarian,NA,No Gluten Claim Present,Premium,Wood Fired,14.81 Oz,Small (<=20 Oz),Conv Oven,Thin,NA,1 Ct,Box,No Vegan Claim Present,No Natural Claim Present,No Gmo Claim Present,No Organic Claim Present,No Plant based claim,Preservative-Free Claim,BFY
0000441586468,972219.6837,219071.2777,0,Multi Serve,Non- Indulgent,Cheese/Plain,Others,Others,Cheese/Plain,PL,PL,No Gluten Claim Present,Value,Regular Crust,20.4 Oz,Medium (20-30 Oz),Conv Oven,PL,PL,1 Ct,Box,No Vegan Claim Present,No Natural Claim Present,No Gmo Claim Present,No Organic Claim Present,No Plant based claim,No Preservative-Free Claim Present,Non BFY
0086409100045,9736.494587,3149.199003,0,Multi Serve,NA,NA,NA,NA,NA,NA,NA,NA,NA,NA,NA,NA,NA,NA,NA,NA,NA,NA,NA,NA,NA,NA,NA,NA
0000064917215,1.75,0.9375,0,Multi Serve,NA,NA,NA,NA,NA,NA,NA,NA,NA,NA,NA,NA,NA,NA,NA,NA,NA,NA,NA,NA,NA,NA,NA,NA
0007192100016,3.85,0.703125,1,Multi Serve,NA,NA,NA,NA,NA,NA,NA,NA,NA,NA,NA,NA,NA,NA,NA,NA,NA,NA,NA,NA,NA,NA,NA,NA
0000744243211,0,0,0,Multi Serve,NA,NA,NA,NA,NA,NA,NA,NA,NA,NA,NA,NA,NA,NA,NA,NA,NA,NA,NA,NA,NA,NA,NA,NA
0009350602851,96644.51497,17024.46242,0,Multi Serve,NA,NA,NA,NA,NA,NA,NA,NA,NA,NA,NA,NA,NA,NA,NA,NA,NA,NA,NA,NA,NA,NA,NA,NA
0007192156229,0,0,1,Multi Serve,NA,NA,NA,NA,NA,NA,NA,NA,NA,NA,NA,NA,NA,NA,NA,NA,NA,NA,NA,NA,NA,NA,NA,NA
0000017761263,60751.6381,26072.95397,0,Multi Serve,NA,NA,NA,NA,NA,NA,NA,NA,NA,NA,NA,NA,NA,NA,NA,NA,NA,NA,NA,NA,NA,NA,NA,NA
0007570630053,271779.6043,45904.20131,0,Multi Serve,NA,NA,NA,NA,NA,NA,NA,NA,NA,NA,NA,NA,NA,NA,NA,NA,NA,NA,NA,NA,NA,NA,NA,NA
0003952890137,603988.9448,87135.94726,0,Multi Serve,NA,NA,NA,NA,NA,NA,NA,NA,NA,NA,NA,NA,NA,NA,NA,NA,NA,NA,NA,NA,NA,NA,NA,NA
0085000114088,5229.831489,999.2841944,0,Multi Serve,NA,NA,NA,NA,NA,NA,NA,NA,NA,NA,NA,NA,NA,NA,NA,NA,NA,NA,NA,NA,NA,NA,NA,NA
0007192103439,39164.08721,13591.04323,1,Multi Serve,NA,NA,NA,NA,NA,NA,NA,NA,NA,NA,NA,NA,NA,NA,NA,NA,NA,NA,NA,NA,NA,NA,NA,NA
0003120506002,1730284.818,448180.6043,0,Multi Serve,NA,NA,NA,NA,NA,NA,NA,NA,NA,NA,NA,NA,NA,NA,NA,NA,NA,NA,NA,NA,NA,NA,NA,NA
0000098301317,0,0,0,Multi Serve,NA,NA,NA,NA,NA,NA,NA,NA,NA,NA,NA,NA,NA,NA,NA,NA,NA,NA,NA,NA,NA,NA,NA,NA
0007192197185,71812026.61,17553991.41,1,Multi Serve,Non- Indulgent,Pepperoni,Others,Others,Pepperoni,Non-Veg,Red Sauce,No Gluten Claim Present,Value,Regular Crust,19.3 Oz,Small (<=20 Oz),Conv Oven,Thick/Original,Regular Crust,1 Ct,Over Wrap,No Vegan Claim Present,No Natural Claim Present,No Gmo Claim Present,No Organic Claim Present,No Plant based claim,No Preservative-Free Claim Present,Non BFY
0000124713907,714167.7869,152989.4472,0,Multi Serve,Non- Indulgent,Cheese/Plain,Others,Others,Cheese/Plain,PL,PL,No Gluten Claim Present,Value,Regular Crust,15.52 Oz,Small (<=20 Oz),Conv Oven,PL,PL,1 Ct,Box,No Vegan Claim Present,No Natural Claim Present,No Gmo Claim Present,No Organic Claim Present,No Plant based claim,No Preservative-Free Claim Present,Non BFY
0000455493539,0,0,0,Multi Serve,NA,NA,NA,NA,NA,NA,NA,NA,NA,NA,NA,NA,NA,NA,NA,NA,NA,NA,NA,NA,NA,NA,NA,NA
0007218063087,0,0,0,Multi Serve,NA,NA,NA,NA,NA,NA,NA,NA,NA,NA,NA,NA,NA,NA,NA,NA,NA,NA,NA,NA,NA,NA,NA,NA
0000016095118,0,0,0,Multi Serve,NA,NA,NA,NA,NA,NA,NA,NA,NA,NA,NA,NA,NA,NA,NA,NA,NA,NA,NA,NA,NA,NA,NA,NA
0007192168811,2719645.066,321344.4622,1,Multi Serve,Non- Indulgent,Chicken,Others,Others,Chicken,Non-Veg,Red Sauce,No Gluten Claim Present,Premium,Thin,13.4 Oz,Small (<=20 Oz),Conv Oven,Thin,NA,1 Ct,Box,No Vegan Claim Present,No Natural Claim Present,No Gmo Claim Present,No Organic Claim Present,No Plant based claim,No Preservative-Free Claim Present,Non BFY
0000028869615,118132.4857,23198.43362,0,Multi Serve,NA,NA,NA,NA,NA,NA,NA,NA,NA,NA,NA,NA,NA,NA,NA,NA,NA,NA,NA,NA,NA,NA,NA,NA
0007465310134,0,0,1,Multi Serve,NA,NA,NA,NA,NA,NA,NA,NA,NA,NA,NA,NA,NA,NA,NA,NA,NA,NA,NA,NA,NA,NA,NA,NA
0004219700344,3158802.318,713973.2134,0,Multi Serve,Indulgent,Meat Combos,Others,Deluxe/Supreme/Meat Combo,Meat Combos,Non-Veg,Red Sauce,No Gluten Claim Present,Mid Tier,Regular Crust,24 Oz,Medium (20-30 Oz),Conv Oven,Thick/Original,Regular Crust,1 Ct,Over Wrap,No Vegan Claim Present,No Natural Claim Present,No Gmo Claim Present,No Organic Claim Present,No Plant based claim,No Preservative-Free Claim Present,Non BFY
0089976400176,0,0,0,Multi Serve,NA,NA,NA,NA,NA,NA,NA,NA,NA,NA,NA,NA,NA,NA,NA,NA,NA,NA,NA,NA,NA,NA,NA,NA
0007570630548,0,0,0,Multi Serve,NA,NA,NA,NA,NA,NA,NA,NA,NA,NA,NA,NA,NA,NA,NA,NA,NA,NA,NA,NA,NA,NA,NA,NA
0000490520812,326419.4861,140666.9496,0,Multi Serve,Non- Indulgent,Deluxe/Supreme,Deluxe/Supreme,Deluxe/Supreme/Meat Combo,Meat Combos,PL,PL,No Gluten Claim Present,Value,Regular Crust,22.2 Oz,Medium (20-30 Oz),Conv Oven,PL,PL,1 Ct,Box,No Vegan Claim Present,No Natural Claim Present,No Gmo Claim Present,No Organic Claim Present,No Plant based claim,No Preservative-Free Claim Present,Non BFY
0001075863117,4591.112154,1066.711159,0,Multi Serve,NA,NA,NA,NA,NA,NA,NA,NA,NA,NA,NA,NA,NA,NA,NA,NA,NA,NA,NA,NA,NA,NA,NA,NA
0007570617552,0,0,0,Multi Serve,NA,NA,NA,NA,NA,NA,NA,NA,NA,NA,NA,NA,NA,NA,NA,NA,NA,NA,NA,NA,NA,NA,NA,NA
0086219100013,965.6718966,133.6337355,0,Multi Serve,NA,NA,NA,NA,NA,NA,NA,NA,NA,NA,NA,NA,NA,NA,NA,NA,NA,NA,NA,NA,NA,NA,NA,NA
0064357200002,21209.31858,2586.338536,0,Multi Serve,NA,NA,NA,NA,NA,NA,NA,NA,NA,NA,NA,NA,NA,NA,NA,NA,NA,NA,NA,NA,NA,NA,NA,NA
0002943500100,0,0,0,Multi Serve,NA,NA,NA,NA,NA,NA,NA,NA,NA,NA,NA,NA,NA,NA,NA,NA,NA,NA,NA,NA,NA,NA,NA,NA
0000532758262,0,0,0,Multi Serve,NA,NA,NA,NA,NA,NA,NA,NA,NA,NA,NA,NA,NA,NA,NA,NA,NA,NA,NA,NA,NA,NA,NA,NA
0088850882005,0,0,0,Multi Serve,NA,NA,NA,NA,NA,NA,NA,NA,NA,NA,NA,NA,NA,NA,NA,NA,NA,NA,NA,NA,NA,NA,NA,NA
0000946936961,5770014.225,1530856.468,0,Multi Serve,Non- Indulgent,Meat Combos,Others,Deluxe/Supreme/Meat Combo,Meat Combos,Non-Veg,PL,No Gluten Claim Present,Value,Ao Crust,30.5 Oz,Large (>= 30 Oz),Conv Oven,Thin,PL,1 Ct,Over Wrap,No Vegan Claim Present,No Natural Claim Present,No Gmo Claim Present,No Organic Claim Present,No Plant based claim,No Preservative-Free Claim Present,Non BFY
0007465336260,33370191.47,8868966.265,1,Multi Serve,Non- Indulgent,Pepperoni,Others,Others,Pepperoni,Non-Veg,Red Sauce,No Gluten Claim Present,Value,Regular Crust,43.1 Oz,Large (>= 30 Oz),Conv Oven,Thick/Original,Regular Crust,3 Ct,Bag In Box,No Vegan Claim Present,No Natural Claim Present,No Gmo Claim Present,No Organic Claim Present,No Plant based claim,No Preservative-Free Claim Present,Non BFY
0009194596856,212491.8018,40665.0347,0,Multi Serve,NA,NA,NA,NA,NA,NA,NA,NA,NA,NA,NA,NA,NA,NA,NA,NA,NA,NA,NA,NA,NA,NA,NA,NA
0007192129988,1988799.714,524405.9957,1,Multi Serve,Non- Indulgent,Ao Topping,Others,Others,Ao Topping,Non-Veg,Red Sauce,No Gluten Claim Present,Value,Regular Crust,19.6 Oz,Small (<=20 Oz),Conv Oven,Thick/Original,Regular Crust,1 Ct,Over Wrap,No Vegan Claim Present,No Natural Claim Present,No Gmo Claim Present,No Organic Claim Present,No Plant based claim,No Preservative-Free Claim Present,Non BFY
0000054077980,0,0,0,Multi Serve,Non- Indulgent,Chicken,Others,Others,Chicken,Non-Veg,PL,No Gluten Claim Present,Value,Regular Crust,13 Oz,Small (<=20 Oz),Conv Oven,Thick/Original,Regular Crust,1 Ct,Box,No Vegan Claim Present,No Natural Claim Present,No Gmo Claim Present,No Organic Claim Present,No Plant based claim,No Preservative-Free Claim Present,Non BFY
0000814231343,179741.2699,62450.8926,0,Multi Serve,NA,NA,NA,NA,NA,NA,NA,NA,NA,NA,NA,NA,NA,NA,NA,NA,NA,NA,NA,NA,NA,NA,NA,NA
0004227200355,0,0,0,Multi Serve,NA,NA,NA,NA,NA,NA,NA,NA,NA,NA,NA,NA,NA,NA,NA,NA,NA,NA,NA,NA,NA,NA,NA,NA
0001477700592,3862.127757,607.9955756,0,Multi Serve,NA,NA,NA,NA,NA,NA,NA,NA,NA,NA,NA,NA,NA,NA,NA,NA,NA,NA,NA,NA,NA,NA,NA,NA
0000760579118,639.0514371,176.030506,0,Multi Serve,NA,NA,NA,NA,NA,NA,NA,NA,NA,NA,NA,NA,NA,NA,NA,NA,NA,NA,NA,NA,NA,NA,NA,NA
0000021596405,0,0,0,Multi Serve,NA,NA,NA,NA,NA,NA,NA,NA,NA,NA,NA,NA,NA,NA,NA,NA,NA,NA,NA,NA,NA,NA,NA,NA
0000790592081,45.70001386,21.07876713,0,Multi Serve,NA,NA,NA,NA,NA,NA,NA,NA,NA,NA,NA,NA,NA,NA,NA,NA,NA,NA,NA,NA,NA,NA,NA,NA
0000195112989,0,0,0,Multi Serve,NA,NA,NA,NA,NA,NA,NA,NA,NA,NA,NA,NA,NA,NA,NA,NA,NA,NA,NA,NA,NA,NA,NA,NA
0007192138420,25575.0213,4475.659971,1,Multi Serve,NA,NA,NA,NA,NA,NA,NA,NA,NA,NA,NA,NA,NA,NA,NA,NA,NA,NA,NA,NA,NA,NA,NA,NA
0007192145069,0,0,1,Multi Serve,NA,NA,NA,NA,NA,NA,NA,NA,NA,NA,NA,NA,NA,NA,NA,NA,NA,NA,NA,NA,NA,NA,NA,NA
0003913116982,0,0,0,Multi Serve,NA,NA,NA,NA,NA,NA,NA,NA,NA,NA,NA,NA,NA,NA,NA,NA,NA,NA,NA,NA,NA,NA,NA,NA
0007570630377,125727.2653,30440.7387,0,Multi Serve,NA,NA,NA,NA,NA,NA,NA,NA,NA,NA,NA,NA,NA,NA,NA,NA,NA,NA,NA,NA,NA,NA,NA,NA
0003870895267,519601.5035,82832.87297,0,Multi Serve,NA,NA,NA,NA,NA,NA,NA,NA,NA,NA,NA,NA,NA,NA,NA,NA,NA,NA,NA,NA,NA,NA,NA,NA
0081001297006,0,0,0,Multi Serve,NA,NA,NA,NA,NA,NA,NA,NA,NA,NA,NA,NA,NA,NA,NA,NA,NA,NA,NA,NA,NA,NA,NA,NA
0000330883932,1505163.19,667140.0801,0,Multi Serve,Non- Indulgent,Vegetarian,Others,Others,Vegetarian,PL,PL,No Gluten Claim Present,Value,Rising Crust,29.8 Oz,Medium (20-30 Oz),Conv Oven,Thick/Original,PL,1 Ct,Box,No Vegan Claim Present,No Natural Claim Present,No Gmo Claim Present,No Organic Claim Present,Plant-Based Protein Claim,No Preservative-Free Claim Present,Non BFY
0068614800005,27315.56118,5302.497144,0,Multi Serve,NA,NA,NA,NA,NA,NA,NA,NA,NA,NA,NA,NA,NA,NA,NA,NA,NA,NA,NA,NA,NA,NA,NA,NA
0007218076295,260913.5917,32535.86109,0,Multi Serve,NA,NA,NA,NA,NA,NA,NA,NA,NA,NA,NA,NA,NA,NA,NA,NA,NA,NA,NA,NA,NA,NA,NA,NA
0001674154853,8021.149658,594.2790268,1,Multi Serve,NA,NA,NA,NA,NA,NA,NA,NA,NA,NA,NA,NA,NA,NA,NA,NA,NA,NA,NA,NA,NA,NA,NA,NA
0007660142919,1747018.388,328510.3923,0,Multi Serve,NA,NA,NA,NA,NA,NA,NA,NA,NA,NA,NA,NA,NA,NA,NA,NA,NA,NA,NA,NA,NA,NA,NA,NA
0000024246423,0,0,0,Multi Serve,NA,NA,NA,NA,NA,NA,NA,NA,NA,NA,NA,NA,NA,NA,NA,NA,NA,NA,NA,NA,NA,NA,NA,NA
0007218050135,5482404.693,1040484.233,0,Multi Serve,Non- Indulgent,Pepperoni,Others,Others,Pepperoni,Non-Veg,Red Sauce,No Gluten Claim Present,Value,Stuffed Crust,22.75 Oz,Medium (20-30 Oz),Conv Oven,Thick/Original,Regular Crust,1 Ct,Box,No Vegan Claim Present,No Natural Claim Present,No Gmo Claim Present,No Organic Claim Present,No Plant based claim,No Preservative-Free Claim Present,Non BFY
0072230176985,242920.32,17614.82742,0,Multi Serve,NA,NA,NA,NA,NA,NA,NA,NA,NA,NA,NA,NA,NA,NA,NA,NA,NA,NA,NA,NA,NA,NA,NA,NA
0000006894316,0,0,0,Multi Serve,NA,NA,NA,NA,NA,NA,NA,NA,NA,NA,NA,NA,NA,NA,NA,NA,NA,NA,NA,NA,NA,NA,NA,NA
0000015283053,283963.9861,59410.75293,0,Multi Serve,NA,NA,NA,NA,NA,NA,NA,NA,NA,NA,NA,NA,NA,NA,NA,NA,NA,NA,NA,NA,NA,NA,NA,NA
0081475700006,0,0,0,Multi Serve,NA,NA,NA,NA,NA,NA,NA,NA,NA,NA,NA,NA,NA,NA,NA,NA,NA,NA,NA,NA,NA,NA,NA,NA
0004158100129,6580983.918,1587930.336,0,Multi Serve,Non- Indulgent,Pepperoni,Others,Others,Pepperoni,Non-Veg,Red Sauce,No Gluten Claim Present,Mid Tier,Regular Crust,12.1 Oz,Small (<=20 Oz),Conv Oven,Thick/Original,Regular Crust,1 Ct,Over Wrap,No Vegan Claim Present,No Natural Claim Present,No Gmo Claim Present,No Organic Claim Present,No Plant based claim,No Preservative-Free Claim Present,Non BFY
0007570630712,9664.237373,2471.362561,0,Multi Serve,NA,NA,NA,NA,NA,NA,NA,NA,NA,NA,NA,NA,NA,NA,NA,NA,NA,NA,NA,NA,NA,NA,NA,NA
0083041500900,0,0,0,Multi Serve,NA,NA,NA,NA,NA,NA,NA,NA,NA,NA,NA,NA,NA,NA,NA,NA,NA,NA,NA,NA,NA,NA,NA,NA
0085164100303,36928.25784,4977.81926,0,Multi Serve,NA,NA,NA,NA,NA,NA,NA,NA,NA,NA,NA,NA,NA,NA,NA,NA,NA,NA,NA,NA,NA,NA,NA,NA
0087145900207,1357620.214,148264.0235,0,Multi Serve,Non- Indulgent,Ao Topping,Others,Others,Ao Topping,Vegetarian,Red Sauce,Gluten Free Claim,Premium,Ao Crust,11.7 Oz,Small (<=20 Oz),Conv Oven,Thin,Healthy,1 Ct,Box,No Vegan Claim Present,No Natural Claim Present,Non-Gmo Claim,No Organic Claim Present,No Plant based claim,No Preservative-Free Claim Present,BFY
0000339460856,0,0,0,Multi Serve,NA,NA,NA,NA,NA,NA,NA,NA,NA,NA,NA,NA,NA,NA,NA,NA,NA,NA,NA,NA,NA,NA,NA,NA
0003120505400,1125941.785,337797.9568,0,Multi Serve,Non- Indulgent,Sausage,Others,Others,Sausage,Non-Veg,NA,No Gluten Claim Present,Mid Tier,Regular Crust,32.5 Oz,Large (>= 30 Oz),Conv Oven,Thick/Original,NA,1 Ct,Box,No Vegan Claim Present,No Natural Claim Present,No Gmo Claim Present,No Organic Claim Present,No Plant based claim,No Preservative-Free Claim Present,BFY
0000207162279,8009.695334,1494.249924,0,Multi Serve,NA,NA,NA,NA,NA,NA,NA,NA,NA,NA,NA,NA,NA,NA,NA,NA,NA,NA,NA,NA,NA,NA,NA,NA
0002870443000,203992.0531,36596.22881,0,Multi Serve,NA,NA,NA,NA,NA,NA,NA,NA,NA,NA,NA,NA,NA,NA,NA,NA,NA,NA,NA,NA,NA,NA,NA,NA
0001284304701,0,0,0,Multi Serve,NA,NA,NA,NA,NA,NA,NA,NA,NA,NA,NA,NA,NA,NA,NA,NA,NA,NA,NA,NA,NA,NA,NA,NA
0085001837013,0,0,0,Multi Serve,NA,NA,NA,NA,NA,NA,NA,NA,NA,NA,NA,NA,NA,NA,NA,NA,NA,NA,NA,NA,NA,NA,NA,NA
0000577000027,2047.039731,274.2675767,0,Multi Serve,NA,NA,NA,NA,NA,NA,NA,NA,NA,NA,NA,NA,NA,NA,NA,NA,NA,NA,NA,NA,NA,NA,NA,NA
0000701517140,0,0,0,Multi Serve,NA,NA,NA,NA,NA,NA,NA,NA,NA,NA,NA,NA,NA,NA,NA,NA,NA,NA,NA,NA,NA,NA,NA,NA
0073178943032,0,0,0,Multi Serve,NA,NA,NA,NA,NA,NA,NA,NA,NA,NA,NA,NA,NA,NA,NA,NA,NA,NA,NA,NA,NA,NA,NA,NA
0001050793091,584923.5028,185799.5756,0,Multi Serve,NA,NA,NA,NA,NA,NA,NA,NA,NA,NA,NA,NA,NA,NA,NA,NA,NA,NA,NA,NA,NA,NA,NA,NA
0007192119516,0,0,1,Multi Serve,NA,NA,NA,NA,NA,NA,NA,NA,NA,NA,NA,NA,NA,NA,NA,NA,NA,NA,NA,NA,NA,NA,NA,NA
0004219700408,596645.8786,106431.3276,0,Multi Serve,NA,NA,NA,NA,NA,NA,NA,NA,NA,NA,NA,NA,NA,NA,NA,NA,NA,NA,NA,NA,NA,NA,NA,NA
0086098100033,10701.69581,746.205176,0,Multi Serve,NA,NA,NA,NA,NA,NA,NA,NA,NA,NA,NA,NA,NA,NA,NA,NA,NA,NA,NA,NA,NA,NA,NA,NA
0000708367750,0,0,0,Multi Serve,NA,NA,NA,NA,NA,NA,NA,NA,NA,NA,NA,NA,NA,NA,NA,NA,NA,NA,NA,NA,NA,NA,NA,NA
0000316858148,0,0,0,Multi Serve,NA,NA,NA,NA,NA,NA,NA,NA,NA,NA,NA,NA,NA,NA,NA,NA,NA,NA,NA,NA,NA,NA,NA,NA
0007025301184,171105.1144,28072.92285,0,Multi Serve,NA,NA,NA,NA,NA,NA,NA,NA,NA,NA,NA,NA,NA,NA,NA,NA,NA,NA,NA,NA,NA,NA,NA,NA
0000707592514,0,0,0,Multi Serve,NA,NA,NA,NA,NA,NA,NA,NA,NA,NA,NA,NA,NA,NA,NA,NA,NA,NA,NA,NA,NA,NA,NA,NA
0000654370406,2325773.073,405959.6994,0,Multi Serve,Non- Indulgent,Pepperoni,Others,Others,Pepperoni,Non-Veg,PL,No Gluten Claim Present,Value,Ao Crust,13.1 Oz,Small (<=20 Oz),Conv Oven,PL,PL,1 Ct,Box,No Vegan Claim Present,No Natural Claim Present,No Gmo Claim Present,No Organic Claim Present,No Plant based claim,No Preservative-Free Claim Present,Non BFY
0000193340089,0,0,0,Multi Serve,NA,NA,NA,NA,NA,NA,NA,NA,NA,NA,NA,NA,NA,NA,NA,NA,NA,NA,NA,NA,NA,NA,NA,NA
0004219700400,1605319.542,359454.7403,0,Multi Serve,Non- Indulgent,Ao Topping,Others,Others,Ao Topping,Non-Veg,Red Sauce,No Gluten Claim Present,Mid Tier,Regular Crust,23.75 Oz,Medium (20-30 Oz),Conv Oven,Thick/Original,Regular Crust,1 Ct,Box,No Vegan Claim Present,No Natural Claim Present,No Gmo Claim Present,No Organic Claim Present,No Plant based claim,No Preservative-Free Claim Present,Non BFY
0000331027433,497060.727,127809.9045,0,Multi Serve,NA,NA,NA,NA,NA,NA,NA,NA,NA,NA,NA,NA,NA,NA,NA,NA,NA,NA,NA,NA,NA,NA,NA,NA
0000703859128,0,0,0,Multi Serve,NA,NA,NA,NA,NA,NA,NA,NA,NA,NA,NA,NA,NA,NA,NA,NA,NA,NA,NA,NA,NA,NA,NA,NA
0085595400727,160673.4908,9200.499365,0,Multi Serve,NA,NA,NA,NA,NA,NA,NA,NA,NA,NA,NA,NA,NA,NA,NA,NA,NA,NA,NA,NA,NA,NA,NA,NA
0000000604583,0,0,0,Multi Serve,NA,NA,NA,NA,NA,NA,NA,NA,NA,NA,NA,NA,NA,NA,NA,NA,NA,NA,NA,NA,NA,NA,NA,NA
0000327749639,196160.0528,33862.69895,0,Multi Serve,NA,NA,NA,NA,NA,NA,NA,NA,NA,NA,NA,NA,NA,NA,NA,NA,NA,NA,NA,NA,NA,NA,NA,NA
0007192133937,0,0,1,Multi Serve,NA,NA,NA,NA,NA,NA,NA,NA,NA,NA,NA,NA,NA,NA,NA,NA,NA,NA,NA,NA,NA,NA,NA,NA
0000577000028,3749.33462,501.5473301,0,Multi Serve,NA,NA,NA,NA,NA,NA,NA,NA,NA,NA,NA,NA,NA,NA,NA,NA,NA,NA,NA,NA,NA,NA,NA,NA
0007570630408,509699.3172,63722.14007,0,Multi Serve,NA,NA,NA,NA,NA,NA,NA,NA,NA,NA,NA,NA,NA,NA,NA,NA,NA,NA,NA,NA,NA,NA,NA,NA
0085452700402,0,0,0,Multi Serve,NA,NA,NA,NA,NA,NA,NA,NA,NA,NA,NA,NA,NA,NA,NA,NA,NA,NA,NA,NA,NA,NA,NA,NA
0007270036005,40319.18278,2608.94214,0,Multi Serve,NA,NA,NA,NA,NA,NA,NA,NA,NA,NA,NA,NA,NA,NA,NA,NA,NA,NA,NA,NA,NA,NA,NA,NA
0085832400633,0,0,0,Multi Serve,NA,NA,NA,NA,NA,NA,NA,NA,NA,NA,NA,NA,NA,NA,NA,NA,NA,NA,NA,NA,NA,NA,NA,NA
0085595400728,141622.5944,8067.799837,0,Multi Serve,NA,NA,NA,NA,NA,NA,NA,NA,NA,NA,NA,NA,NA,NA,NA,NA,NA,NA,NA,NA,NA,NA,NA,NA
0000655228376,3396.339261,668.3727698,0,Multi Serve,NA,NA,NA,NA,NA,NA,NA,NA,NA,NA,NA,NA,NA,NA,NA,NA,NA,NA,NA,NA,NA,NA,NA,NA
0001477700594,2122.342113,367.4193106,0,Multi Serve,NA,NA,NA,NA,NA,NA,NA,NA,NA,NA,NA,NA,NA,NA,NA,NA,NA,NA,NA,NA,NA,NA,NA,NA
0086000931963,361.2656845,136.8759912,0,Multi Serve,NA,NA,NA,NA,NA,NA,NA,NA,NA,NA,NA,NA,NA,NA,NA,NA,NA,NA,NA,NA,NA,NA,NA,NA
0003870894932,0,0,0,Multi Serve,NA,NA,NA,NA,NA,NA,NA,NA,NA,NA,NA,NA,NA,NA,NA,NA,NA,NA,NA,NA,NA,NA,NA,NA
0007192191320,23072.30277,2179.191919,1,Multi Serve,NA,NA,NA,NA,NA,NA,NA,NA,NA,NA,NA,NA,NA,NA,NA,NA,NA,NA,NA,NA,NA,NA,NA,NA
0007570615103,27085285.64,6207191.705,0,Multi Serve,Indulgent,Deluxe/Supreme,Deluxe/Supreme,Deluxe/Supreme/Meat Combo,Meat Combos,Non-Veg,Red Sauce,No Gluten Claim Present,Mid Tier,Regular Crust,25 Oz,Medium (20-30 Oz),Conv Oven,Thick/Original,Regular Crust,1 Ct,Box,No Vegan Claim Present,No Natural Claim Present,No Gmo Claim Present,No Organic Claim Present,No Plant based claim,No Preservative-Free Claim Present,Non BFY
0081434302109,392.1718745,41.10381925,0,Multi Serve,NA,NA,NA,NA,NA,NA,NA,NA,NA,NA,NA,NA,NA,NA,NA,NA,NA,NA,NA,NA,NA,NA,NA,NA
0001431097646,0,0,0,Multi Serve,NA,NA,NA,NA,NA,NA,NA,NA,NA,NA,NA,NA,NA,NA,NA,NA,NA,NA,NA,NA,NA,NA,NA,NA
0081496700503,379.5078356,38.03532176,0,Multi Serve,NA,NA,NA,NA,NA,NA,NA,NA,NA,NA,NA,NA,NA,NA,NA,NA,NA,NA,NA,NA,NA,NA,NA,NA
0003120505000,16257893.86,4337047.696,0,Multi Serve,Non- Indulgent,Sausage,Others,Others,Sausage,Non-Veg,Red Sauce,No Gluten Claim Present,Mid Tier,Regular Crust,30 Oz,Medium (20-30 Oz),Conv Oven,Thick/Original,Regular Crust,1 Ct,Box,No Vegan Claim Present,Natural Claim Present,No Gmo Claim Present,No Organic Claim Present,No Plant based claim,No Preservative-Free Claim Present,BFY
0000003289071,0,0,0,Multi Serve,NA,NA,NA,NA,NA,NA,NA,NA,NA,NA,NA,NA,NA,NA,NA,NA,NA,NA,NA,NA,NA,NA,NA,NA
0004023249453,43958.74796,3525.742886,0,Multi Serve,NA,NA,NA,NA,NA,NA,NA,NA,NA,NA,NA,NA,NA,NA,NA,NA,NA,NA,NA,NA,NA,NA,NA,NA
0004309856299,59422.88133,13112.80671,0,Multi Serve,NA,NA,NA,NA,NA,NA,NA,NA,NA,NA,NA,NA,NA,NA,NA,NA,NA,NA,NA,NA,NA,NA,NA,NA
0000159038177,0,0,0,Multi Serve,NA,NA,NA,NA,NA,NA,NA,NA,NA,NA,NA,NA,NA,NA,NA,NA,NA,NA,NA,NA,NA,NA,NA,NA
0007218063975,26615093.52,9034539.288,0,Multi Serve,Non- Indulgent,Deluxe/Supreme,Deluxe/Supreme,Deluxe/Supreme/Meat Combo,Meat Combos,Non-Veg,Red Sauce,No Gluten Claim Present,Mid Tier,Rising Crust,30.88 Oz,Large (>= 30 Oz),Conv Oven,Thick/Original,Regular Crust,1 Ct,Box,No Vegan Claim Present,No Natural Claim Present,No Gmo Claim Present,No Organic Claim Present,No Plant based claim,No Preservative-Free Claim Present,Non BFY
0000006092036,0,0,0,Multi Serve,NA,NA,NA,NA,NA,NA,NA,NA,NA,NA,NA,NA,NA,NA,NA,NA,NA,NA,NA,NA,NA,NA,NA,NA
0007192100335,16508.52357,3992.928055,1,Multi Serve,NA,NA,NA,NA,NA,NA,NA,NA,NA,NA,NA,NA,NA,NA,NA,NA,NA,NA,NA,NA,NA,NA,NA,NA
0000231590213,0,0,0,Multi Serve,NA,NA,NA,NA,NA,NA,NA,NA,NA,NA,NA,NA,NA,NA,NA,NA,NA,NA,NA,NA,NA,NA,NA,NA
0007864210835,11120.94356,2150.311105,0,Multi Serve,NA,NA,NA,NA,NA,NA,NA,NA,NA,NA,NA,NA,NA,NA,NA,NA,NA,NA,NA,NA,NA,NA,NA,NA
0085763000389,70799.12264,13871.47153,0,Multi Serve,NA,NA,NA,NA,NA,NA,NA,NA,NA,NA,NA,NA,NA,NA,NA,NA,NA,NA,NA,NA,NA,NA,NA,NA
0000483200701,0,0,0,Multi Serve,NA,NA,NA,NA,NA,NA,NA,NA,NA,NA,NA,NA,NA,NA,NA,NA,NA,NA,NA,NA,NA,NA,NA,NA
0000330392679,0,0,0,Multi Serve,NA,NA,NA,NA,NA,NA,NA,NA,NA,NA,NA,NA,NA,NA,NA,NA,NA,NA,NA,NA,NA,NA,NA,NA
0001202979414,178233.5363,26287.71375,0,Multi Serve,NA,NA,NA,NA,NA,NA,NA,NA,NA,NA,NA,NA,NA,NA,NA,NA,NA,NA,NA,NA,NA,NA,NA,NA
0000324192861,0,0,0,Multi Serve,NA,NA,NA,NA,NA,NA,NA,NA,NA,NA,NA,NA,NA,NA,NA,NA,NA,NA,NA,NA,NA,NA,NA,NA
0008355408450,0,0,0,Multi Serve,NA,NA,NA,NA,NA,NA,NA,NA,NA,NA,NA,NA,NA,NA,NA,NA,NA,NA,NA,NA,NA,NA,NA,NA
0000580225030,1065381.325,317861.2051,0,Multi Serve,Non- Indulgent,Ao Topping,Others,Others,Ao Topping,PL,PL,No Gluten Claim Present,Value,Ao Crust,23.15 Oz,Medium (20-30 Oz),PL,Thick/Original,PL,1 Ct,Box,No Vegan Claim Present,No Natural Claim Present,No Gmo Claim Present,PL,No Plant based claim,No Preservative-Free Claim Present,Non BFY
0000000604150,0,0,0,Multi Serve,NA,NA,NA,NA,NA,NA,NA,NA,NA,NA,NA,NA,NA,NA,NA,NA,NA,NA,NA,NA,NA,NA,NA,NA
0000401276572,738249.4873,105495.0476,0,Multi Serve,NA,NA,NA,NA,NA,NA,NA,NA,NA,NA,NA,NA,NA,NA,NA,NA,NA,NA,NA,NA,NA,NA,NA,NA
0007570630432,131.9980702,29.4807443,0,Multi Serve,NA,NA,NA,NA,NA,NA,NA,NA,NA,NA,NA,NA,NA,NA,NA,NA,NA,NA,NA,NA,NA,NA,NA,NA
0000132225532,0,0,0,Multi Serve,NA,NA,NA,NA,NA,NA,NA,NA,NA,NA,NA,NA,NA,NA,NA,NA,NA,NA,NA,NA,NA,NA,NA,NA
0000615181956,0,0,0,Multi Serve,NA,NA,NA,NA,NA,NA,NA,NA,NA,NA,NA,NA,NA,NA,NA,NA,NA,NA,NA,NA,NA,NA,NA,NA
0005073249120,40479.45325,9706.290917,0,Multi Serve,NA,NA,NA,NA,NA,NA,NA,NA,NA,NA,NA,NA,NA,NA,NA,NA,NA,NA,NA,NA,NA,NA,NA,NA
0003870895081,0,0,0,Multi Serve,NA,NA,NA,NA,NA,NA,NA,NA,NA,NA,NA,NA,NA,NA,NA,NA,NA,NA,NA,NA,NA,NA,NA,NA
0000006192607,354353.8712,148944.8365,0,Multi Serve,NA,NA,NA,NA,NA,NA,NA,NA,NA,NA,NA,NA,NA,NA,NA,NA,NA,NA,NA,NA,NA,NA,NA,NA
0004219700320,0,0,0,Multi Serve,NA,NA,NA,NA,NA,NA,NA,NA,NA,NA,NA,NA,NA,NA,NA,NA,NA,NA,NA,NA,NA,NA,NA,NA
0003952890122,4907994.06,873441.3347,0,Multi Serve,Indulgent,Pepperoni,Others,Others,Pepperoni,Non-Veg,Red Sauce,No Gluten Claim Present,Mid Tier,Pan/Deep Dish Crust,27.3 Oz,Medium (20-30 Oz),Conv Oven,Thick/Original,Regular Crust,1 Ct,Box,No Vegan Claim Present,No Natural Claim Present,No Gmo Claim Present,No Organic Claim Present,No Plant based claim,No Preservative-Free Claim Present,Non BFY
0085587300852,55.10009853,12.56877247,0,Multi Serve,NA,NA,NA,NA,NA,NA,NA,NA,NA,NA,NA,NA,NA,NA,NA,NA,NA,NA,NA,NA,NA,NA,NA,NA
0085001144320,5056905.579,469158.6003,0,Multi Serve,Non- Indulgent,Cheese/Plain,Others,Others,Cheese/Plain,Vegetarian,Red Sauce,Gluten Free Claim,Premium,Regular Crust,10.9 Oz,Small (<=20 Oz),Conv Oven,Thick/Original,Healthy,1 Ct,Box,No Vegan Claim Present,No Natural Claim Present,No Gmo Claim Present,No Organic Claim Present,No Plant based claim,No Preservative-Free Claim Present,BFY
0071006930102,53641.75313,6017.212662,0,Multi Serve,NA,NA,NA,NA,NA,NA,NA,NA,NA,NA,NA,NA,NA,NA,NA,NA,NA,NA,NA,NA,NA,NA,NA,NA
0000453047993,411196.1613,109078.4258,0,Multi Serve,Non- Indulgent,Vegetarian,Others,Others,Vegetarian,PL,PL,PL,Value,Ao Crust,15.73 Oz,Small (<=20 Oz),PL,PL,PL,1 Ct,Box,No Vegan Claim Present,No Natural Claim Present,No Gmo Claim Present,PL,No Plant based claim,No Preservative-Free Claim Present,Non BFY
0008355408440,3347278.367,502644.334,0,Multi Serve,NA,NA,NA,NA,NA,NA,NA,NA,NA,NA,NA,NA,NA,NA,NA,NA,NA,NA,NA,NA,NA,NA,NA,NA
0007465350835,0,0,1,Multi Serve,NA,NA,NA,NA,NA,NA,NA,NA,NA,NA,NA,NA,NA,NA,NA,NA,NA,NA,NA,NA,NA,NA,NA,NA
0000403783862,0,0,0,Multi Serve,NA,NA,NA,NA,NA,NA,NA,NA,NA,NA,NA,NA,NA,NA,NA,NA,NA,NA,NA,NA,NA,NA,NA,NA
0000401276563,894802.1639,126121.187,0,Multi Serve,NA,NA,NA,NA,NA,NA,NA,NA,NA,NA,NA,NA,NA,NA,NA,NA,NA,NA,NA,NA,NA,NA,NA,NA
0086000162413,1036600.157,228760.4107,0,Multi Serve,Non- Indulgent,Sausage,Others,Others,Sausage,Non-Veg,NA,No Gluten Claim Present,Mid Tier,Regular Crust,30.09 OZ,Large (>= 30 Oz),Conv Oven,Thin,NA,1 Ct,Box,No Vegan Claim Present,No Natural Claim Present,No Gmo Claim Present,No Organic Claim Present,No Plant based claim,Preservative-Free Claim,BFY
0000896497102,371.255556,75.71746677,0,Multi Serve,NA,NA,NA,NA,NA,NA,NA,NA,NA,NA,NA,NA,NA,NA,NA,NA,NA,NA,NA,NA,NA,NA,NA,NA
0007192101090,0,0,1,Multi Serve,NA,NA,NA,NA,NA,NA,NA,NA,NA,NA,NA,NA,NA,NA,NA,NA,NA,NA,NA,NA,NA,NA,NA,NA
0000486612901,881388.6668,167242.6549,0,Multi Serve,Non- Indulgent,Sausage,Others,Others,Sausage,Non-Veg,PL,No Gluten Claim Present,Value,Wood Fired,16.4 Oz,Small (<=20 Oz),Conv Oven,Thick/Original,PL,1 Ct,Box,No Vegan Claim Present,No Natural Claim Present,No Gmo Claim Present,No Organic Claim Present,No Plant based claim,No Preservative-Free Claim Present,Non BFY
0075283034808,439602.0135,43620.31785,0,Multi Serve,NA,NA,NA,NA,NA,NA,NA,NA,NA,NA,NA,NA,NA,NA,NA,NA,NA,NA,NA,NA,NA,NA,NA,NA
0064421682840,0,0,0,Multi Serve,NA,NA,NA,NA,NA,NA,NA,NA,NA,NA,NA,NA,NA,NA,NA,NA,NA,NA,NA,NA,NA,NA,NA,NA
0000936376110,1714947.327,203427.5332,0,Multi Serve,Non- Indulgent,Pepperoni,Others,Others,Pepperoni,PL,PL,No Gluten Claim Present,Premium,Thin,12.5 Oz,Small (<=20 Oz),Conv Oven,PL,PL,1 Ct,Box,No Vegan Claim Present,No Natural Claim Present,No Gmo Claim Present,PL,No Plant based claim,Preservative-Free Claim,BFY
0000635015486,0,0,0,Multi Serve,NA,NA,NA,NA,NA,NA,NA,NA,NA,NA,NA,NA,NA,NA,NA,NA,NA,NA,NA,NA,NA,NA,NA,NA
0087145900182,6100336.8,919317.09,0,Multi Serve,Non- Indulgent,Deluxe/Supreme,Deluxe/Supreme,Deluxe/Supreme/Meat Combo,Meat Combos,Non-Veg,Red Sauce,Gluten Free Claim,Premium,Regular Crust,19.4 Oz,Small (<=20 Oz),Conv Oven,Thick/Original,Healthy,1 Ct,Box,Vegan Claim,No Natural Claim Present,No Gmo Claim Present,No Organic Claim Present,Plant-Based Protein Claim,No Preservative-Free Claim Present,BFY
0000138617662,0,0,0,Multi Serve,NA,NA,NA,NA,NA,NA,NA,NA,NA,NA,NA,NA,NA,NA,NA,NA,NA,NA,NA,NA,NA,NA,NA,NA
0001025196272,310396.52,47052.38938,0,Multi Serve,NA,NA,NA,NA,NA,NA,NA,NA,NA,NA,NA,NA,NA,NA,NA,NA,NA,NA,NA,NA,NA,NA,NA,NA
0007192119331,70090823.44,21810742.55,1,Multi Serve,Non- Indulgent,Deluxe/Supreme,Deluxe/Supreme,Deluxe/Supreme/Meat Combo,Meat Combos,Non-Veg,Red Sauce,No Gluten Claim Present,Mid Tier,Rising Crust,29.3 Oz,Medium (20-30 Oz),Conv Oven,Thick/Original,Regular Crust,1 Ct,Box,No Vegan Claim Present,No Natural Claim Present,No Gmo Claim Present,No Organic Claim Present,No Plant based claim,No Preservative-Free Claim Present,Non BFY
0003870895288,27719.13379,7712.034772,0,Multi Serve,NA,NA,NA,NA,NA,NA,NA,NA,NA,NA,NA,NA,NA,NA,NA,NA,NA,NA,NA,NA,NA,NA,NA,NA
0007570630743,324652.9192,78884.9634,0,Multi Serve,NA,NA,NA,NA,NA,NA,NA,NA,NA,NA,NA,NA,NA,NA,NA,NA,NA,NA,NA,NA,NA,NA,NA,NA
0007192151038,11560617.78,1772103.675,1,Multi Serve,Non- Indulgent,Meat Combos,Others,Deluxe/Supreme/Meat Combo,Meat Combos,Non-Veg,Red Sauce,No Gluten Claim Present,Mid Tier,Stuffed Crust,21.9 Oz,Medium (20-30 Oz),Conv Oven,Thick/Original,Regular Crust,1 Ct,Box,No Vegan Claim Present,No Natural Claim Present,No Gmo Claim Present,No Organic Claim Present,No Plant based claim,No Preservative-Free Claim Present,Non BFY
0000042759979,0,0,0,Multi Serve,NA,NA,NA,NA,NA,NA,NA,NA,NA,NA,NA,NA,NA,NA,NA,NA,NA,NA,NA,NA,NA,NA,NA,NA
0000141372327,1813141.465,686002.2701,0,Multi Serve,Non- Indulgent,Deluxe/Supreme,Deluxe/Supreme,Deluxe/Supreme/Meat Combo,Meat Combos,PL,PL,No Gluten Claim Present,Value,Rising Crust,32.7 Oz,Large (>= 30 Oz),Conv Oven,PL,PL,1 Ct,Box,No Vegan Claim Present,No Natural Claim Present,No Gmo Claim Present,No Organic Claim Present,No Plant based claim,No Preservative-Free Claim Present,Non BFY
0000497510121,895663.9411,229719.4409,0,Multi Serve,Non- Indulgent,Vegetarian,Others,Others,Vegetarian,Vegetarian,PL,No Gluten Claim Present,Value,Thin,11.89 Oz,Small (<=20 Oz),Conv Oven,Thin,PL,1 Ct,Box,No Vegan Claim Present,No Natural Claim Present,No Gmo Claim Present,PL,No Plant based claim,No Preservative-Free Claim Present,Non BFY
0000035653771,37976.11601,5579.26179,0,Multi Serve,NA,NA,NA,NA,NA,NA,NA,NA,NA,NA,NA,NA,NA,NA,NA,NA,NA,NA,NA,NA,NA,NA,NA,NA
0000043346973,156330.1237,57759.44903,0,Multi Serve,NA,NA,NA,NA,NA,NA,NA,NA,NA,NA,NA,NA,NA,NA,NA,NA,NA,NA,NA,NA,NA,NA,NA,NA
0004227200834,0,0,0,Multi Serve,NA,NA,NA,NA,NA,NA,NA,NA,NA,NA,NA,NA,NA,NA,NA,NA,NA,NA,NA,NA,NA,NA,NA,NA
0000005167145,0,0,0,Multi Serve,NA,NA,NA,NA,NA,NA,NA,NA,NA,NA,NA,NA,NA,NA,NA,NA,NA,NA,NA,NA,NA,NA,NA,NA
0000563885881,0,0,0,Multi Serve,NA,NA,NA,NA,NA,NA,NA,NA,NA,NA,NA,NA,NA,NA,NA,NA,NA,NA,NA,NA,NA,NA,NA,NA
0004570900022,777.667491,150.7914278,0,Multi Serve,NA,NA,NA,NA,NA,NA,NA,NA,NA,NA,NA,NA,NA,NA,NA,NA,NA,NA,NA,NA,NA,NA,NA,NA
0007192116904,0,0,1,Multi Serve,NA,NA,NA,NA,NA,NA,NA,NA,NA,NA,NA,NA,NA,NA,NA,NA,NA,NA,NA,NA,NA,NA,NA,NA
0005149726892,359022.0532,25026.62193,0,Multi Serve,NA,NA,NA,NA,NA,NA,NA,NA,NA,NA,NA,NA,NA,NA,NA,NA,NA,NA,NA,NA,NA,NA,NA,NA
0009350602852,75487.15976,10602.39243,0,Multi Serve,NA,NA,NA,NA,NA,NA,NA,NA,NA,NA,NA,NA,NA,NA,NA,NA,NA,NA,NA,NA,NA,NA,NA,NA
0270070883090,0,0,1,Multi Serve,NA,NA,NA,NA,NA,NA,NA,NA,NA,NA,NA,NA,NA,NA,NA,NA,NA,NA,NA,NA,NA,NA,NA,NA
0270071739551,0,0,0,Multi Serve,NA,NA,NA,NA,NA,NA,NA,NA,NA,NA,NA,NA,NA,NA,NA,NA,NA,NA,NA,NA,NA,NA,NA,NA
0007192127624,0,0,1,Multi Serve,NA,NA,NA,NA,NA,NA,NA,NA,NA,NA,NA,NA,NA,NA,NA,NA,NA,NA,NA,NA,NA,NA,NA,NA
0085750300242,26362.35899,3221.220926,0,Multi Serve,NA,NA,NA,NA,NA,NA,NA,NA,NA,NA,NA,NA,NA,NA,NA,NA,NA,NA,NA,NA,NA,NA,NA,NA
0085001144326,0,0,0,Multi Serve,NA,NA,NA,NA,NA,NA,NA,NA,NA,NA,NA,NA,NA,NA,NA,NA,NA,NA,NA,NA,NA,NA,NA,NA
0009350602671,3069.708896,592.2095519,0,Multi Serve,NA,NA,NA,NA,NA,NA,NA,NA,NA,NA,NA,NA,NA,NA,NA,NA,NA,NA,NA,NA,NA,NA,NA,NA
0089784600208,0,0,0,Multi Serve,NA,NA,NA,NA,NA,NA,NA,NA,NA,NA,NA,NA,NA,NA,NA,NA,NA,NA,NA,NA,NA,NA,NA,NA
0086039600131,0,0,0,Multi Serve,NA,NA,NA,NA,NA,NA,NA,NA,NA,NA,NA,NA,NA,NA,NA,NA,NA,NA,NA,NA,NA,NA,NA,NA
0000268720154,53910.13879,9250.164482,0,Multi Serve,NA,NA,NA,NA,NA,NA,NA,NA,NA,NA,NA,NA,NA,NA,NA,NA,NA,NA,NA,NA,NA,NA,NA,NA
0007192146139,0,0,1,Multi Serve,NA,NA,NA,NA,NA,NA,NA,NA,NA,NA,NA,NA,NA,NA,NA,NA,NA,NA,NA,NA,NA,NA,NA,NA
0002660512006,0,0,0,Multi Serve,NA,NA,NA,NA,NA,NA,NA,NA,NA,NA,NA,NA,NA,NA,NA,NA,NA,NA,NA,NA,NA,NA,NA,NA
0007192103107,31.95113763,5.405267644,1,Multi Serve,NA,NA,NA,NA,NA,NA,NA,NA,NA,NA,NA,NA,NA,NA,NA,NA,NA,NA,NA,NA,NA,NA,NA,NA
0000350384257,0,0,0,Multi Serve,NA,NA,NA,NA,NA,NA,NA,NA,NA,NA,NA,NA,NA,NA,NA,NA,NA,NA,NA,NA,NA,NA,NA,NA
0008355408446,9156.355137,1013.441534,0,Multi Serve,NA,NA,NA,NA,NA,NA,NA,NA,NA,NA,NA,NA,NA,NA,NA,NA,NA,NA,NA,NA,NA,NA,NA,NA
0001226519169,380747.4773,57763.8493,0,Multi Serve,Non- Indulgent,Vegetarian,Others,Others,Vegetarian,PL,PL,No Gluten Claim Present,Value,Thin,16.79 Oz,Small (<=20 Oz),Conv Oven,PL,PL,1 Ct,Box,No Vegan Claim Present,No Natural Claim Present,No Gmo Claim Present,No Organic Claim Present,PL,No Preservative-Free Claim Present,Non BFY
0000455493481,473196.5181,76410.08757,0,Multi Serve,NA,NA,NA,NA,NA,NA,NA,NA,NA,NA,NA,NA,NA,NA,NA,NA,NA,NA,NA,NA,NA,NA,NA,NA
0085452700404,0,0,0,Multi Serve,NA,NA,NA,NA,NA,NA,NA,NA,NA,NA,NA,NA,NA,NA,NA,NA,NA,NA,NA,NA,NA,NA,NA,NA
0000563422705,22.28,8.3,0,Multi Serve,NA,NA,NA,NA,NA,NA,NA,NA,NA,NA,NA,NA,NA,NA,NA,NA,NA,NA,NA,NA,NA,NA,NA,NA
0085264200609,571290.9962,79530.30919,0,Multi Serve,NA,NA,NA,NA,NA,NA,NA,NA,NA,NA,NA,NA,NA,NA,NA,NA,NA,NA,NA,NA,NA,NA,NA,NA
0000850555024,3.474962952,1.016920596,0,Multi Serve,NA,NA,NA,NA,NA,NA,NA,NA,NA,NA,NA,NA,NA,NA,NA,NA,NA,NA,NA,NA,NA,NA,NA,NA
0005149723793,0,0,0,Multi Serve,NA,NA,NA,NA,NA,NA,NA,NA,NA,NA,NA,NA,NA,NA,NA,NA,NA,NA,NA,NA,NA,NA,NA,NA
0000330392688,153558.5657,34452.75538,0,Multi Serve,NA,NA,NA,NA,NA,NA,NA,NA,NA,NA,NA,NA,NA,NA,NA,NA,NA,NA,NA,NA,NA,NA,NA,NA
0000268015969,0,0,0,Multi Serve,NA,NA,NA,NA,NA,NA,NA,NA,NA,NA,NA,NA,NA,NA,NA,NA,NA,NA,NA,NA,NA,NA,NA,NA
0000678305165,126705.4525,19370.11585,0,Multi Serve,NA,NA,NA,NA,NA,NA,NA,NA,NA,NA,NA,NA,NA,NA,NA,NA,NA,NA,NA,NA,NA,NA,NA,NA
0003913116926,0,0,0,Multi Serve,NA,NA,NA,NA,NA,NA,NA,NA,NA,NA,NA,NA,NA,NA,NA,NA,NA,NA,NA,NA,NA,NA,NA,NA
0000678298613,0,0,0,Multi Serve,NA,NA,NA,NA,NA,NA,NA,NA,NA,NA,NA,NA,NA,NA,NA,NA,NA,NA,NA,NA,NA,NA,NA,NA
0000948231323,0,0,0,Multi Serve,NA,NA,NA,NA,NA,NA,NA,NA,NA,NA,NA,NA,NA,NA,NA,NA,NA,NA,NA,NA,NA,NA,NA,NA
0000141372345,1009964.596,264383.3633,0,Multi Serve,Non- Indulgent,Deluxe/Supreme,Deluxe/Supreme,Deluxe/Supreme/Meat Combo,Meat Combos,PL,PL,No Gluten Claim Present,Value,Regular Crust,16.9 Oz,Small (<=20 Oz),Conv Oven,PL,PL,1 Ct,Over Wrap,No Vegan Claim Present,No Natural Claim Present,No Gmo Claim Present,No Organic Claim Present,No Plant based claim,No Preservative-Free Claim Present,Non BFY
0007192113644,946436.6898,138708.2194,1,Multi Serve,NA,NA,NA,NA,NA,NA,NA,NA,NA,NA,NA,NA,NA,NA,NA,NA,NA,NA,NA,NA,NA,NA,NA,NA
0000440052273,0,0,0,Multi Serve,NA,NA,NA,NA,NA,NA,NA,NA,NA,NA,NA,NA,NA,NA,NA,NA,NA,NA,NA,NA,NA,NA,NA,NA
0008355408811,1144031.913,178814.8242,0,Multi Serve,NA,NA,NA,NA,NA,NA,NA,NA,NA,NA,NA,NA,NA,NA,NA,NA,NA,NA,NA,NA,NA,NA,NA,NA
0003870895205,0,0,0,Multi Serve,NA,NA,NA,NA,NA,NA,NA,NA,NA,NA,NA,NA,NA,NA,NA,NA,NA,NA,NA,NA,NA,NA,NA,NA
0069781201229,19981.70544,2573.852783,0,Multi Serve,NA,NA,NA,NA,NA,NA,NA,NA,NA,NA,NA,NA,NA,NA,NA,NA,NA,NA,NA,NA,NA,NA,NA,NA
0000299161785,131230.01,19626.10789,0,Multi Serve,NA,NA,NA,NA,NA,NA,NA,NA,NA,NA,NA,NA,NA,NA,NA,NA,NA,NA,NA,NA,NA,NA,NA,NA
0007192190358,0,0,1,Multi Serve,NA,NA,NA,NA,NA,NA,NA,NA,NA,NA,NA,NA,NA,NA,NA,NA,NA,NA,NA,NA,NA,NA,NA,NA
0085592200626,0,0,0,Multi Serve,NA,NA,NA,NA,NA,NA,NA,NA,NA,NA,NA,NA,NA,NA,NA,NA,NA,NA,NA,NA,NA,NA,NA,NA
0000026134905,19.27357442,4.35150631,0,Multi Serve,NA,NA,NA,NA,NA,NA,NA,NA,NA,NA,NA,NA,NA,NA,NA,NA,NA,NA,NA,NA,NA,NA,NA,NA
0007864240006,0,0,0,Multi Serve,NA,NA,NA,NA,NA,NA,NA,NA,NA,NA,NA,NA,NA,NA,NA,NA,NA,NA,NA,NA,NA,NA,NA,NA
0085922500303,0,0,0,Multi Serve,NA,NA,NA,NA,NA,NA,NA,NA,NA,NA,NA,NA,NA,NA,NA,NA,NA,NA,NA,NA,NA,NA,NA,NA
0019764443708,40967.87259,6128.898522,0,Multi Serve,NA,NA,NA,NA,NA,NA,NA,NA,NA,NA,NA,NA,NA,NA,NA,NA,NA,NA,NA,NA,NA,NA,NA,NA
0270071834290,0,0,1,Multi Serve,NA,NA,NA,NA,NA,NA,NA,NA,NA,NA,NA,NA,NA,NA,NA,NA,NA,NA,NA,NA,NA,NA,NA,NA
0085620600818,31429.82094,5113.132527,0,Multi Serve,NA,NA,NA,NA,NA,NA,NA,NA,NA,NA,NA,NA,NA,NA,NA,NA,NA,NA,NA,NA,NA,NA,NA,NA
0081496700007,6094.633196,1097.430422,0,Multi Serve,NA,NA,NA,NA,NA,NA,NA,NA,NA,NA,NA,NA,NA,NA,NA,NA,NA,NA,NA,NA,NA,NA,NA,NA
0081006772643,897314.4851,133613.8672,0,Multi Serve,NA,NA,NA,NA,NA,NA,NA,NA,NA,NA,NA,NA,NA,NA,NA,NA,NA,NA,NA,NA,NA,NA,NA,NA
0007192100656,34312.27804,6553.7938,1,Multi Serve,NA,NA,NA,NA,NA,NA,NA,NA,NA,NA,NA,NA,NA,NA,NA,NA,NA,NA,NA,NA,NA,NA,NA,NA
0001131255200,1911791.383,484524.989,0,Multi Serve,Non- Indulgent,Vegetarian,Others,Others,Vegetarian,Vegetarian,PL,No Gluten Claim Present,Value,Regular Crust,22.9 Oz,Medium (20-30 Oz),Conv Oven,Thick/Original,Regular Crust,1 Ct,Box,No Vegan Claim Present,No Natural Claim Present,No Gmo Claim Present,No Organic Claim Present,PL,No Preservative-Free Claim Present,Non BFY
0003913116858,8.333529859,0.962162865,0,Multi Serve,NA,NA,NA,NA,NA,NA,NA,NA,NA,NA,NA,NA,NA,NA,NA,NA,NA,NA,NA,NA,NA,NA,NA,NA
0000010339196,323593.9477,48742.39338,0,Multi Serve,NA,NA,NA,NA,NA,NA,NA,NA,NA,NA,NA,NA,NA,NA,NA,NA,NA,NA,NA,NA,NA,NA,NA,NA
0007570630877,714510.5089,133350.7532,0,Multi Serve,Indulgent,Sausage,Others,Others,Sausage,Non-Veg,NA,No Gluten Claim Present,Mid Tier,Ao Crust,19.05 Oz,Small (<=20 Oz),Conv Oven,Thin,NA,1 Ct,Over Wrap,No Vegan Claim Present,No Natural Claim Present,No Gmo Claim Present,No Organic Claim Present,No Plant based claim,No Preservative-Free Claim Present,Non BFY
0007864240003,581516.9755,135761.9525,0,Multi Serve,Non- Indulgent,Cheese/Plain,Others,Others,Cheese/Plain,Vegetarian,NA,No Gluten Claim Present,Value,Regular Crust,14.39 OZ,Small (<=20 Oz),Conv Oven,Thick,NA,1 Ct,Box,No Vegan Claim Present,Natural Claim Present,No Gmo Claim Present,No Organic Claim Present,No Plant based claim,No Preservative-Free Claim Present,BFY
0000121439308,0,0,0,Multi Serve,NA,NA,NA,NA,NA,NA,NA,NA,NA,NA,NA,NA,NA,NA,NA,NA,NA,NA,NA,NA,NA,NA,NA,NA
0085763000387,20526.87122,4121.46986,0,Multi Serve,NA,NA,NA,NA,NA,NA,NA,NA,NA,NA,NA,NA,NA,NA,NA,NA,NA,NA,NA,NA,NA,NA,NA,NA
0089245300155,1269217.564,134396.8285,0,Multi Serve,Non- Indulgent,Cheese/Plain,Others,Others,Cheese/Plain,Vegetarian,Red Sauce,Gluten Free Claim,Premium,Regular Crust,15 Oz,Small (<=20 Oz),Conv Oven,Thick,Healthy,1 Ct,Box,No Vegan Claim Present,No Natural Claim Present,No Gmo Claim Present,No Organic Claim Present,No Plant based claim,No Preservative-Free Claim Present,BFY
0000060215532,0,0,0,Multi Serve,NA,NA,NA,NA,NA,NA,NA,NA,NA,NA,NA,NA,NA,NA,NA,NA,NA,NA,NA,NA,NA,NA,NA,NA
0007218050134,2431375.868,469635.3453,0,Multi Serve,Non- Indulgent,Meat Combos,Others,Deluxe/Supreme/Meat Combo,Meat Combos,Non-Veg,Red Sauce,No Gluten Claim Present,Value,Stuffed Crust,23.53 Oz,Medium (20-30 Oz),Conv Oven,Thick/Original,Regular Crust,1 Ct,Box,No Vegan Claim Present,No Natural Claim Present,No Gmo Claim Present,No Organic Claim Present,No Plant based claim,No Preservative-Free Claim Present,Non BFY
0002943500112,247.9110417,31.52536243,0,Multi Serve,NA,NA,NA,NA,NA,NA,NA,NA,NA,NA,NA,NA,NA,NA,NA,NA,NA,NA,NA,NA,NA,NA,NA,NA
0086259900044,0,0,0,Multi Serve,NA,NA,NA,NA,NA,NA,NA,NA,NA,NA,NA,NA,NA,NA,NA,NA,NA,NA,NA,NA,NA,NA,NA,NA
0000089404141,240784.5171,42454.00381,0,Multi Serve,NA,NA,NA,NA,NA,NA,NA,NA,NA,NA,NA,NA,NA,NA,NA,NA,NA,NA,NA,NA,NA,NA,NA,NA
0000332927706,1007463.913,151208.0476,0,Multi Serve,NA,NA,NA,NA,NA,NA,NA,NA,NA,NA,NA,NA,NA,NA,NA,NA,NA,NA,NA,NA,NA,NA,NA,NA
0004570900060,0,0,0,Multi Serve,NA,NA,NA,NA,NA,NA,NA,NA,NA,NA,NA,NA,NA,NA,NA,NA,NA,NA,NA,NA,NA,NA,NA,NA
0000489236357,0,0,0,Multi Serve,Non- Indulgent,Ao Topping,Others,Others,Ao Topping,Vegetarian,PL,No Gluten Claim Present,Premium,Ao Crust,12 Oz,Small (<=20 Oz),Conv Oven,PL,PL,1 Ct,Box,No Vegan Claim Present,No Natural Claim Present,No Gmo Claim Present,No Organic Claim Present,No Plant based claim,No Preservative-Free Claim Present,Non BFY
0007570630406,7.681765691,1.4149175,0,Multi Serve,NA,NA,NA,NA,NA,NA,NA,NA,NA,NA,NA,NA,NA,NA,NA,NA,NA,NA,NA,NA,NA,NA,NA,NA
0069781201234,178.7876256,6.943437278,0,Multi Serve,NA,NA,NA,NA,NA,NA,NA,NA,NA,NA,NA,NA,NA,NA,NA,NA,NA,NA,NA,NA,NA,NA,NA,NA
0001058093364,386.4258729,113.6218376,0,Multi Serve,NA,NA,NA,NA,NA,NA,NA,NA,NA,NA,NA,NA,NA,NA,NA,NA,NA,NA,NA,NA,NA,NA,NA,NA
0004570900024,385.992545,81.86400466,0,Multi Serve,NA,NA,NA,NA,NA,NA,NA,NA,NA,NA,NA,NA,NA,NA,NA,NA,NA,NA,NA,NA,NA,NA,NA,NA
0007349013371,22043.16161,2938.037269,0,Multi Serve,NA,NA,NA,NA,NA,NA,NA,NA,NA,NA,NA,NA,NA,NA,NA,NA,NA,NA,NA,NA,NA,NA,NA,NA
0002515500058,0,0,0,Multi Serve,NA,NA,NA,NA,NA,NA,NA,NA,NA,NA,NA,NA,NA,NA,NA,NA,NA,NA,NA,NA,NA,NA,NA,NA
0000532786821,0,0,0,Multi Serve,NA,NA,NA,NA,NA,NA,NA,NA,NA,NA,NA,NA,NA,NA,NA,NA,NA,NA,NA,NA,NA,NA,NA,NA
0071153550805,0,0,0,Multi Serve,NA,NA,NA,NA,NA,NA,NA,NA,NA,NA,NA,NA,NA,NA,NA,NA,NA,NA,NA,NA,NA,NA,NA,NA
0074747930023,9497437.161,1191861.708,0,Multi Serve,Non- Indulgent,Meat Combos,Others,Deluxe/Supreme/Meat Combo,Meat Combos,Non-Veg,Red Sauce,No Gluten Claim Present,Premium,Wood Fired,20.8 Oz,Medium (20-30 Oz),Conv Oven,Thick/Original,Regular Crust,1 Ct,Box,No Vegan Claim Present,No Natural Claim Present,No Gmo Claim Present,No Organic Claim Present,No Plant based claim,No Preservative-Free Claim Present,Non BFY
0007218076352,0,0,0,Multi Serve,NA,NA,NA,NA,NA,NA,NA,NA,NA,NA,NA,NA,NA,NA,NA,NA,NA,NA,NA,NA,NA,NA,NA,NA
0007192150958,1959540.892,423161.555,1,Multi Serve,Non- Indulgent,Meat Combos,Others,Deluxe/Supreme/Meat Combo,Meat Combos,Non-Veg,Red Sauce,No Gluten Claim Present,Value,Ao Crust,19.8 Oz,Small (<=20 Oz),Conv Oven,Thin,NA,1 Ct,Box,No Vegan Claim Present,No Natural Claim Present,No Gmo Claim Present,No Organic Claim Present,No Plant based claim,No Preservative-Free Claim Present,Non BFY
0001201698253,73557.28091,11708.77935,0,Multi Serve,NA,NA,NA,NA,NA,NA,NA,NA,NA,NA,NA,NA,NA,NA,NA,NA,NA,NA,NA,NA,NA,NA,NA,NA
0085350700853,0,0,0,Multi Serve,NA,NA,NA,NA,NA,NA,NA,NA,NA,NA,NA,NA,NA,NA,NA,NA,NA,NA,NA,NA,NA,NA,NA,NA
0007390000552,0,0,0,Multi Serve,NA,NA,NA,NA,NA,NA,NA,NA,NA,NA,NA,NA,NA,NA,NA,NA,NA,NA,NA,NA,NA,NA,NA,NA
0000942653757,16162359.69,5715818.695,0,Multi Serve,Non- Indulgent,Cheese/Plain,Others,Others,Cheese/Plain,Vegetarian,PL,No Gluten Claim Present,Value,Rising Crust,28.1 Oz,Medium (20-30 Oz),Conv Oven,Thick/Original,PL,1 Ct,Box,No Vegan Claim Present,No Natural Claim Present,No Gmo Claim Present,No Organic Claim Present,No Plant based claim,No Preservative-Free Claim Present,Non BFY
0000019561483,310918.5576,111569.1295,0,Multi Serve,NA,NA,NA,NA,NA,NA,NA,NA,NA,NA,NA,NA,NA,NA,NA,NA,NA,NA,NA,NA,NA,NA,NA,NA
0000955376600,105870.8368,26795.27713,0,Multi Serve,NA,NA,NA,NA,NA,NA,NA,NA,NA,NA,NA,NA,NA,NA,NA,NA,NA,NA,NA,NA,NA,NA,NA,NA
0001994946760,0,0,0,Multi Serve,NA,NA,NA,NA,NA,NA,NA,NA,NA,NA,NA,NA,NA,NA,NA,NA,NA,NA,NA,NA,NA,NA,NA,NA
0000352811216,352210.5943,145216.7127,0,Multi Serve,NA,NA,NA,NA,NA,NA,NA,NA,NA,NA,NA,NA,NA,NA,NA,NA,NA,NA,NA,NA,NA,NA,NA,NA
0089257600176,0,0,0,Multi Serve,NA,NA,NA,NA,NA,NA,NA,NA,NA,NA,NA,NA,NA,NA,NA,NA,NA,NA,NA,NA,NA,NA,NA,NA
0085993500209,0,0,0,Multi Serve,NA,NA,NA,NA,NA,NA,NA,NA,NA,NA,NA,NA,NA,NA,NA,NA,NA,NA,NA,NA,NA,NA,NA,NA
0000483034632,29604.74514,4745.689868,0,Multi Serve,NA,NA,NA,NA,NA,NA,NA,NA,NA,NA,NA,NA,NA,NA,NA,NA,NA,NA,NA,NA,NA,NA,NA,NA
0004219700330,643877.8248,89549.25504,0,Multi Serve,NA,NA,NA,NA,NA,NA,NA,NA,NA,NA,NA,NA,NA,NA,NA,NA,NA,NA,NA,NA,NA,NA,NA,NA
0000942638342,17550953.08,3404700.578,0,Multi Serve,Non- Indulgent,Meat Combos,Others,Deluxe/Supreme/Meat Combo,Meat Combos,Non-Veg,PL,No Gluten Claim Present,Value,Stuffed Crust,23.75 Oz,Medium (20-30 Oz),Conv Oven,PL,PL,1 Ct,Box,No Vegan Claim Present,No Natural Claim Present,No Gmo Claim Present,No Organic Claim Present,No Plant based claim,No Preservative-Free Claim Present,Non BFY
0007864210175,5055155.481,1401887.033,0,Multi Serve,Non- Indulgent,Pepperoni,Others,Others,Pepperoni,Non-Veg,NA,No Gluten Claim Present,Value,Regular Crust,36.58 OZ,Large (>= 30 Oz),Conv Oven,Thick/Original,NA,1 Ct,Box,No Vegan Claim Present,No Natural Claim Present,No Gmo Claim Present,No Organic Claim Present,No Plant based claim,No Preservative-Free Claim Present,Non BFY
0004219700358,54829.11651,14643.98109,0,Multi Serve,NA,NA,NA,NA,NA,NA,NA,NA,NA,NA,NA,NA,NA,NA,NA,NA,NA,NA,NA,NA,NA,NA,NA,NA
0000316586065,2037216.949,815455.6876,0,Multi Serve,Non- Indulgent,Pepperoni,Others,Others,Pepperoni,Non-Veg,PL,No Gluten Claim Present,Value,Rising Crust,27.5 Oz,Medium (20-30 Oz),Conv Oven,Thick/Original,PL,1 Ct,Box,No Vegan Claim Present,No Natural Claim Present,No Gmo Claim Present,No Organic Claim Present,No Plant based claim,No Preservative-Free Claim Present,Non BFY
0005073279445,46617.70263,8606.81189,0,Multi Serve,NA,NA,NA,NA,NA,NA,NA,NA,NA,NA,NA,NA,NA,NA,NA,NA,NA,NA,NA,NA,NA,NA,NA,NA
0004300008256,0,0,0,Multi Serve,NA,NA,NA,NA,NA,NA,NA,NA,NA,NA,NA,NA,NA,NA,NA,NA,NA,NA,NA,NA,NA,NA,NA,NA
0000188516906,5.406016152,0.991960629,0,Multi Serve,NA,NA,NA,NA,NA,NA,NA,NA,NA,NA,NA,NA,NA,NA,NA,NA,NA,NA,NA,NA,NA,NA,NA,NA
0085003490569,189.62,28.5,0,Multi Serve,NA,NA,NA,NA,NA,NA,NA,NA,NA,NA,NA,NA,NA,NA,NA,NA,NA,NA,NA,NA,NA,NA,NA,NA
0007864220502,210930.6071,48274.37021,0,Multi Serve,NA,NA,NA,NA,NA,NA,NA,NA,NA,NA,NA,NA,NA,NA,NA,NA,NA,NA,NA,NA,NA,NA,NA,NA
0008805755841,14087.80575,1672.089496,0,Multi Serve,NA,NA,NA,NA,NA,NA,NA,NA,NA,NA,NA,NA,NA,NA,NA,NA,NA,NA,NA,NA,NA,NA,NA,NA
0004158100137,17.30064063,4.919546974,0,Multi Serve,NA,NA,NA,NA,NA,NA,NA,NA,NA,NA,NA,NA,NA,NA,NA,NA,NA,NA,NA,NA,NA,NA,NA,NA
0272110582692,0,0,0,Multi Serve,NA,NA,NA,NA,NA,NA,NA,NA,NA,NA,NA,NA,NA,NA,NA,NA,NA,NA,NA,NA,NA,NA,NA,NA
0007192127503,8692151.92,2321833.634,1,Multi Serve,Non- Indulgent,Deluxe/Supreme,Deluxe/Supreme,Deluxe/Supreme/Meat Combo,Meat Combos,Non-Veg,Red Sauce,No Gluten Claim Present,Mid Tier,Regular Crust,20.8 Oz,Medium (20-30 Oz),Conv Oven,Thick/Original,Regular Crust,1 Ct,Box,No Vegan Claim Present,No Natural Claim Present,No Gmo Claim Present,No Organic Claim Present,No Plant based claim,No Preservative-Free Claim Present,Non BFY
0086586800034,203057.3698,21747.25657,0,Multi Serve,NA,NA,NA,NA,NA,NA,NA,NA,NA,NA,NA,NA,NA,NA,NA,NA,NA,NA,NA,NA,NA,NA,NA,NA
0000000603949,1520884.239,498620.7359,0,Multi Serve,NA,NA,NA,NA,NA,NA,NA,NA,NA,NA,NA,NA,NA,NA,NA,NA,NA,NA,NA,NA,NA,NA,NA,NA
0007192148353,54106.15465,8553.895975,1,Multi Serve,NA,NA,NA,NA,NA,NA,NA,NA,NA,NA,NA,NA,NA,NA,NA,NA,NA,NA,NA,NA,NA,NA,NA,NA
0085352800176,101463.6,6345,0,Multi Serve,NA,NA,NA,NA,NA,NA,NA,NA,NA,NA,NA,NA,NA,NA,NA,NA,NA,NA,NA,NA,NA,NA,NA,NA
0007218074200,4540932.475,1315568.666,0,Multi Serve,Non- Indulgent,Hawaiian Style,Others,Others,Ao Topping,Non-Veg,Red Sauce,No Gluten Claim Present,Value,Regular Crust,20.5 Oz,Medium (20-30 Oz),Conv Oven,Thick/Original,Regular Crust,1 Ct,Box,No Vegan Claim Present,No Natural Claim Present,No Gmo Claim Present,No Organic Claim Present,No Plant based claim,No Preservative-Free Claim Present,Non BFY
0000253032802,586707.245,73337.11629,0,Multi Serve,NA,NA,NA,NA,NA,NA,NA,NA,NA,NA,NA,NA,NA,NA,NA,NA,NA,NA,NA,NA,NA,NA,NA,NA
0007218074172,4204384.496,794745.2155,0,Multi Serve,Non- Indulgent,Meat Combos,Others,Deluxe/Supreme/Meat Combo,Ao Topping,Non-Veg,Red Sauce,No Gluten Claim Present,Value,Stuffed Crust,24.66 Oz,Medium (20-30 Oz),Conv Oven,Thick/Original,Regular Crust,1 Ct,Box,No Vegan Claim Present,No Natural Claim Present,No Gmo Claim Present,No Organic Claim Present,No Plant based claim,No Preservative-Free Claim Present,Non BFY
0008355409896,192852.9248,27294.51583,0,Multi Serve,NA,NA,NA,NA,NA,NA,NA,NA,NA,NA,NA,NA,NA,NA,NA,NA,NA,NA,NA,NA,NA,NA,NA,NA
0005833618004,1204285.631,211300.387,0,Multi Serve,Non- Indulgent,Vegetarian,Others,Others,Vegetarian,Vegetarian,NA,No Gluten Claim Present,Premium,Thin,12.9 Oz,Small (<=20 Oz),Conv Oven,Thin,NA,1 Ct,Box,No Vegan Claim Present,No Natural Claim Present,No Gmo Claim Present,No Organic Claim Present,No Plant based claim,No Preservative-Free Claim Present,Non BFY
0007465373406,8228185.223,2063919.094,1,Multi Serve,Non- Indulgent,Meat Combos,Others,Deluxe/Supreme/Meat Combo,Meat Combos,Non-Veg,Red Sauce,No Gluten Claim Present,Value,Regular Crust,14.4 Oz,Small (<=20 Oz),Conv Oven,Thick/Original,Regular Crust,1 Ct,Over Wrap,No Vegan Claim Present,No Natural Claim Present,No Gmo Claim Present,No Organic Claim Present,No Plant based claim,No Preservative-Free Claim Present,Non BFY
0074446300017,0,0,0,Multi Serve,NA,NA,NA,NA,NA,NA,NA,NA,NA,NA,NA,NA,NA,NA,NA,NA,NA,NA,NA,NA,NA,NA,NA,NA
0007192123035,116271.87,27725.125,1,Multi Serve,NA,NA,NA,NA,NA,NA,NA,NA,NA,NA,NA,NA,NA,NA,NA,NA,NA,NA,NA,NA,NA,NA,NA,NA
0081005208010,0,0,0,Multi Serve,NA,NA,NA,NA,NA,NA,NA,NA,NA,NA,NA,NA,NA,NA,NA,NA,NA,NA,NA,NA,NA,NA,NA,NA
0000296774319,0,0,0,Multi Serve,NA,NA,NA,NA,NA,NA,NA,NA,NA,NA,NA,NA,NA,NA,NA,NA,NA,NA,NA,NA,NA,NA,NA,NA
0072180637178,12.732215,6.451030331,0,Multi Serve,NA,NA,NA,NA,NA,NA,NA,NA,NA,NA,NA,NA,NA,NA,NA,NA,NA,NA,NA,NA,NA,NA,NA,NA
0085001598275,1007.358512,294.6249942,0,Multi Serve,NA,NA,NA,NA,NA,NA,NA,NA,NA,NA,NA,NA,NA,NA,NA,NA,NA,NA,NA,NA,NA,NA,NA,NA
0001729654160,0,0,0,Multi Serve,NA,NA,NA,NA,NA,NA,NA,NA,NA,NA,NA,NA,NA,NA,NA,NA,NA,NA,NA,NA,NA,NA,NA,NA
0000817523831,0,0,0,Multi Serve,NA,NA,NA,NA,NA,NA,NA,NA,NA,NA,NA,NA,NA,NA,NA,NA,NA,NA,NA,NA,NA,NA,NA,NA
0003952890100,1080589.69,219949.5938,0,Multi Serve,Indulgent,Deluxe/Supreme,Deluxe/Supreme,Deluxe/Supreme/Meat Combo,Meat Combos,Non-Veg,NA,No Gluten Claim Present,Mid Tier,Ao Crust,43.5 Oz,Large (>= 30 Oz),Conv Oven,Thick/Original,NA,3 Ct,Box,No Vegan Claim Present,No Natural Claim Present,No Gmo Claim Present,No Organic Claim Present,No Plant based claim,No Preservative-Free Claim Present,Non BFY
0085832400662,0,0,0,Multi Serve,NA,NA,NA,NA,NA,NA,NA,NA,NA,NA,NA,NA,NA,NA,NA,NA,NA,NA,NA,NA,NA,NA,NA,NA
0085001598285,0,0,0,Multi Serve,NA,NA,NA,NA,NA,NA,NA,NA,NA,NA,NA,NA,NA,NA,NA,NA,NA,NA,NA,NA,NA,NA,NA,NA
0000041162895,2900,842.8125,0,Multi Serve,NA,NA,NA,NA,NA,NA,NA,NA,NA,NA,NA,NA,NA,NA,NA,NA,NA,NA,NA,NA,NA,NA,NA,NA
0007465325701,30.9491719,8.596992195,1,Multi Serve,NA,NA,NA,NA,NA,NA,NA,NA,NA,NA,NA,NA,NA,NA,NA,NA,NA,NA,NA,NA,NA,NA,NA,NA
0000421849359,206.2663086,47.97084952,0,Multi Serve,NA,NA,NA,NA,NA,NA,NA,NA,NA,NA,NA,NA,NA,NA,NA,NA,NA,NA,NA,NA,NA,NA,NA,NA
0007660164919,39100.23783,9427.802452,0,Multi Serve,NA,NA,NA,NA,NA,NA,NA,NA,NA,NA,NA,NA,NA,NA,NA,NA,NA,NA,NA,NA,NA,NA,NA,NA
0000334194679,0,0,0,Multi Serve,NA,NA,NA,NA,NA,NA,NA,NA,NA,NA,NA,NA,NA,NA,NA,NA,NA,NA,NA,NA,NA,NA,NA,NA
0000613377337,0,0,0,Multi Serve,NA,NA,NA,NA,NA,NA,NA,NA,NA,NA,NA,NA,NA,NA,NA,NA,NA,NA,NA,NA,NA,NA,NA,NA
0079625893377,19807.63085,1908.417501,0,Multi Serve,NA,NA,NA,NA,NA,NA,NA,NA,NA,NA,NA,NA,NA,NA,NA,NA,NA,NA,NA,NA,NA,NA,NA,NA
0081496700201,0,0,0,Multi Serve,NA,NA,NA,NA,NA,NA,NA,NA,NA,NA,NA,NA,NA,NA,NA,NA,NA,NA,NA,NA,NA,NA,NA,NA
0001200784708,67319.78189,18423.23326,0,Multi Serve,NA,NA,NA,NA,NA,NA,NA,NA,NA,NA,NA,NA,NA,NA,NA,NA,NA,NA,NA,NA,NA,NA,NA,NA
0007218056356,6348923.993,1765581.109,0,Multi Serve,Non- Indulgent,Meat Combos,Others,Deluxe/Supreme/Meat Combo,Meat Combos,Non-Veg,Red Sauce,No Gluten Claim Present,Mid Tier,Wood Fired,23.09 Oz,Medium (20-30 Oz),Conv Oven,Thick/Original,Regular Crust,1 Ct,Box,No Vegan Claim Present,No Natural Claim Present,No Gmo Claim Present,No Organic Claim Present,No Plant based claim,No Preservative-Free Claim Present,Non BFY
0000006092483,0,0,0,Multi Serve,NA,NA,NA,NA,NA,NA,NA,NA,NA,NA,NA,NA,NA,NA,NA,NA,NA,NA,NA,NA,NA,NA,NA,NA
0019641100013,3600502.894,345323.5376,0,Multi Serve,Non- Indulgent,Vegetarian,Others,Others,Vegetarian,Vegetarian,Red Sauce,Gluten Free Claim,Premium,Veggie Crust,13.06 Oz,Small (<=20 Oz),Conv Oven,Thick/Original,Healthy,1 Ct,Box,No Vegan Claim Present,No Natural Claim Present,No Gmo Claim Present,No Organic Claim Present,No Plant based claim,No Preservative-Free Claim Present,BFY
0004227200190,0,0,0,Multi Serve,NA,NA,NA,NA,NA,NA,NA,NA,NA,NA,NA,NA,NA,NA,NA,NA,NA,NA,NA,NA,NA,NA,NA,NA
0089245300140,2339483.321,259868.5325,0,Multi Serve,NA,NA,NA,NA,NA,NA,NA,NA,NA,NA,NA,NA,NA,NA,NA,NA,NA,NA,NA,NA,NA,NA,NA,NA
0002066200601,19460541.99,2753714.226,0,Multi Serve,Non- Indulgent,Uncured Pepperoni,Others,Others,Pepperoni,Non-Veg,Red Sauce,No Gluten Claim Present,Premium,Thin,15.1 Oz,Small (<=20 Oz),Conv Oven,Thin,Regular Crust,1 Ct,Box,No Vegan Claim Present,No Natural Claim Present,No Gmo Claim Present,No Organic Claim Present,No Plant based claim,No Preservative-Free Claim Present,Non BFY
0007570630850,367840.576,81577.19385,0,Multi Serve,NA,NA,NA,NA,NA,NA,NA,NA,NA,NA,NA,NA,NA,NA,NA,NA,NA,NA,NA,NA,NA,NA,NA,NA
0085000446808,24323.53607,2741.490874,0,Multi Serve,NA,NA,NA,NA,NA,NA,NA,NA,NA,NA,NA,NA,NA,NA,NA,NA,NA,NA,NA,NA,NA,NA,NA,NA
0000593447747,73646.55197,25541.0732,0,Multi Serve,NA,NA,NA,NA,NA,NA,NA,NA,NA,NA,NA,NA,NA,NA,NA,NA,NA,NA,NA,NA,NA,NA,NA,NA
0007192175762,0,0,1,Multi Serve,NA,NA,NA,NA,NA,NA,NA,NA,NA,NA,NA,NA,NA,NA,NA,NA,NA,NA,NA,NA,NA,NA,NA,NA
0007192184648,0,0,1,Multi Serve,NA,NA,NA,NA,NA,NA,NA,NA,NA,NA,NA,NA,NA,NA,NA,NA,NA,NA,NA,NA,NA,NA,NA,NA
0001558229194,0,0,0,Multi Serve,NA,NA,NA,NA,NA,NA,NA,NA,NA,NA,NA,NA,NA,NA,NA,NA,NA,NA,NA,NA,NA,NA,NA,NA
0000769603825,0,0,0,Multi Serve,NA,NA,NA,NA,NA,NA,NA,NA,NA,NA,NA,NA,NA,NA,NA,NA,NA,NA,NA,NA,NA,NA,NA,NA
0000338796607,839217.995,99536.99399,0,Multi Serve,NA,NA,NA,NA,NA,NA,NA,NA,NA,NA,NA,NA,NA,NA,NA,NA,NA,NA,NA,NA,NA,NA,NA,NA
0081536901156,38904.53663,3345.209428,0,Multi Serve,NA,NA,NA,NA,NA,NA,NA,NA,NA,NA,NA,NA,NA,NA,NA,NA,NA,NA,NA,NA,NA,NA,NA,NA
0019641100014,2003477.909,214437.5021,0,Multi Serve,Non- Indulgent,Chicken,Others,Others,Chicken,Non-Veg,NA,Gluten Free Claim,Premium,Veggie Crust,14 Oz,Small (<=20 Oz),Conv Oven,Thin,Healthy,1 Ct,Box,No Vegan Claim Present,No Natural Claim Present,No Gmo Claim Present,No Organic Claim Present,No Plant based claim,No Preservative-Free Claim Present,BFY
0002870447100,10.28717281,1.40820967,0,Multi Serve,NA,NA,NA,NA,NA,NA,NA,NA,NA,NA,NA,NA,NA,NA,NA,NA,NA,NA,NA,NA,NA,NA,NA,NA
0083041500983,0,0,0,Multi Serve,NA,NA,NA,NA,NA,NA,NA,NA,NA,NA,NA,NA,NA,NA,NA,NA,NA,NA,NA,NA,NA,NA,NA,NA
0000930325440,2320980.71,319030.7656,0,Multi Serve,Non- Indulgent,Deluxe/Supreme,Deluxe/Supreme,Deluxe/Supreme/Meat Combo,Ao Topping,PL,PL,Gluten Free Claim,Premium,Regular Crust,17.7 Oz,Small (<=20 Oz),Conv Oven,Thick/Original,PL,1 Ct,Box,No Vegan Claim Present,No Natural Claim Present,No Gmo Claim Present,No Organic Claim Present,No Plant based claim,No Preservative-Free Claim Present,BFY
0079033460205,0,0,0,Multi Serve,NA,NA,NA,NA,NA,NA,NA,NA,NA,NA,NA,NA,NA,NA,NA,NA,NA,NA,NA,NA,NA,NA,NA,NA
0000904177695,0,0,0,Multi Serve,NA,NA,NA,NA,NA,NA,NA,NA,NA,NA,NA,NA,NA,NA,NA,NA,NA,NA,NA,NA,NA,NA,NA,NA
0000251467112,68936.97469,17829.83604,0,Multi Serve,NA,NA,NA,NA,NA,NA,NA,NA,NA,NA,NA,NA,NA,NA,NA,NA,NA,NA,NA,NA,NA,NA,NA,NA
0000121442739,0,0,0,Multi Serve,NA,NA,NA,NA,NA,NA,NA,NA,NA,NA,NA,NA,NA,NA,NA,NA,NA,NA,NA,NA,NA,NA,NA,NA
0000194121012,0,0,0,Multi Serve,NA,NA,NA,NA,NA,NA,NA,NA,NA,NA,NA,NA,NA,NA,NA,NA,NA,NA,NA,NA,NA,NA,NA,NA
0000439407826,19.98,2.75,0,Multi Serve,NA,NA,NA,NA,NA,NA,NA,NA,NA,NA,NA,NA,NA,NA,NA,NA,NA,NA,NA,NA,NA,NA,NA,NA
0005833619001,0,0,0,Multi Serve,NA,NA,NA,NA,NA,NA,NA,NA,NA,NA,NA,NA,NA,NA,NA,NA,NA,NA,NA,NA,NA,NA,NA,NA
0078358392086,0,0,0,Multi Serve,NA,NA,NA,NA,NA,NA,NA,NA,NA,NA,NA,NA,NA,NA,NA,NA,NA,NA,NA,NA,NA,NA,NA,NA
0061891530007,9444.803358,2667.870516,0,Multi Serve,NA,NA,NA,NA,NA,NA,NA,NA,NA,NA,NA,NA,NA,NA,NA,NA,NA,NA,NA,NA,NA,NA,NA,NA
0000591191236,0,0,0,Multi Serve,NA,NA,NA,NA,NA,NA,NA,NA,NA,NA,NA,NA,NA,NA,NA,NA,NA,NA,NA,NA,NA,NA,NA,NA
0000070646940,0,0,0,Multi Serve,NA,NA,NA,NA,NA,NA,NA,NA,NA,NA,NA,NA,NA,NA,NA,NA,NA,NA,NA,NA,NA,NA,NA,NA
0000667662427,0,0,0,Multi Serve,NA,NA,NA,NA,NA,NA,NA,NA,NA,NA,NA,NA,NA,NA,NA,NA,NA,NA,NA,NA,NA,NA,NA,NA
0007192166690,2089153.498,319446.0019,1,Multi Serve,Non- Indulgent,Cheese/Plain,Others,Others,Cheese/Plain,Vegetarian,NA,Gluten Free Claim,Mid Tier,Regular Crust,23.5 Oz,Medium (20-30 Oz),Conv Oven,Thick/Original,Healthy,1 Ct,Box,No Vegan Claim Present,No Natural Claim Present,No Gmo Claim Present,No Organic Claim Present,No Plant based claim,No Preservative-Free Claim Present,BFY
0000007099423,0,0,0,Multi Serve,NA,NA,NA,NA,NA,NA,NA,NA,NA,NA,NA,NA,NA,NA,NA,NA,NA,NA,NA,NA,NA,NA,NA,NA
0063759930002,78885.49057,10710.862,0,Multi Serve,NA,NA,NA,NA,NA,NA,NA,NA,NA,NA,NA,NA,NA,NA,NA,NA,NA,NA,NA,NA,NA,NA,NA,NA
0007192194419,16.94,2.7375,1,Multi Serve,NA,NA,NA,NA,NA,NA,NA,NA,NA,NA,NA,NA,NA,NA,NA,NA,NA,NA,NA,NA,NA,NA,NA,NA
0004227200102,5952209.052,548384.8885,0,Multi Serve,Non- Indulgent,Vegetarian,Others,Others,Vegetarian,Vegetarian,Red Sauce,No Gluten Claim Present,Premium,Regular Crust,14 Oz,Small (<=20 Oz),Conv Oven,Thick/Original,Regular Crust,1 Ct,Box,No Vegan Claim Present,No Natural Claim Present,Non-Gmo Claim,Certified Organic Claim,No Plant based claim,No Preservative-Free Claim Present,BFY
0009350602678,0,0,0,Multi Serve,NA,NA,NA,NA,NA,NA,NA,NA,NA,NA,NA,NA,NA,NA,NA,NA,NA,NA,NA,NA,NA,NA,NA,NA
0000130783111,0,0,0,Multi Serve,NA,NA,NA,NA,NA,NA,NA,NA,NA,NA,NA,NA,NA,NA,NA,NA,NA,NA,NA,NA,NA,NA,NA,NA
0007218063813,26259539.27,6583540.795,0,Multi Serve,Non- Indulgent,Meat Combos,Others,Deluxe/Supreme/Meat Combo,Meat Combos,Non-Veg,Red Sauce,No Gluten Claim Present,Value,Wood Fired,18.22 Oz,Small (<=20 Oz),Conv Oven,Thick/Original,Regular Crust,1 Ct,Box,No Vegan Claim Present,No Natural Claim Present,No Gmo Claim Present,No Organic Claim Present,No Plant based claim,No Preservative-Free Claim Present,Non BFY
0007864210838,44643.01172,12471.26208,0,Multi Serve,NA,NA,NA,NA,NA,NA,NA,NA,NA,NA,NA,NA,NA,NA,NA,NA,NA,NA,NA,NA,NA,NA,NA,NA
0071006930104,0,0,0,Multi Serve,NA,NA,NA,NA,NA,NA,NA,NA,NA,NA,NA,NA,NA,NA,NA,NA,NA,NA,NA,NA,NA,NA,NA,NA
0007218063055,0,0,0,Multi Serve,NA,NA,NA,NA,NA,NA,NA,NA,NA,NA,NA,NA,NA,NA,NA,NA,NA,NA,NA,NA,NA,NA,NA,NA
0071812297782,20945.20209,3097.310275,0,Multi Serve,NA,NA,NA,NA,NA,NA,NA,NA,NA,NA,NA,NA,NA,NA,NA,NA,NA,NA,NA,NA,NA,NA,NA,NA
0001138483076,1755653.414,765234.5706,0,Multi Serve,Non- Indulgent,Cheese/Plain,Others,Others,Cheese/Plain,Vegetarian,PL,No Gluten Claim Present,Value,Rising Crust,29.7 Oz,Medium (20-30 Oz),Conv Oven,Thick/Original,PL,1 Ct,Box,No Vegan Claim Present,No Natural Claim Present,No Gmo Claim Present,No Organic Claim Present,PL,No Preservative-Free Claim Present,Non BFY
0002066200530,0,0,0,Multi Serve,NA,NA,NA,NA,NA,NA,NA,NA,NA,NA,NA,NA,NA,NA,NA,NA,NA,NA,NA,NA,NA,NA,NA,NA
0270071942546,0,0,0,Multi Serve,NA,NA,NA,NA,NA,NA,NA,NA,NA,NA,NA,NA,NA,NA,NA,NA,NA,NA,NA,NA,NA,NA,NA,NA
0019641100012,5455143.068,597836.4907,0,Multi Serve,Non- Indulgent,Deluxe/Supreme,Deluxe/Supreme,Deluxe/Supreme/Meat Combo,Meat Combos,Non-Veg,Red Sauce,Gluten Free Claim,Premium,Veggie Crust,14.8 Oz,Small (<=20 Oz),Conv Oven,Thick/Original,Healthy,1 Ct,Box,No Vegan Claim Present,No Natural Claim Present,No Gmo Claim Present,No Organic Claim Present,No Plant based claim,No Preservative-Free Claim Present,BFY
0086073800027,0,0,0,Multi Serve,NA,NA,NA,NA,NA,NA,NA,NA,NA,NA,NA,NA,NA,NA,NA,NA,NA,NA,NA,NA,NA,NA,NA,NA
0000458579405,434933.3706,91950.39751,0,Multi Serve,Non- Indulgent,Chicken,Others,Others,Chicken,PL,PL,No Gluten Claim Present,Value,Regular Crust,14.75 Oz,Small (<=20 Oz),Conv Oven,PL,PL,1 Ct,Box,No Vegan Claim Present,No Natural Claim Present,No Gmo Claim Present,No Organic Claim Present,No Plant based claim,No Preservative-Free Claim Present,Non BFY
0007192100066,0,0,1,Multi Serve,NA,NA,NA,NA,NA,NA,NA,NA,NA,NA,NA,NA,NA,NA,NA,NA,NA,NA,NA,NA,NA,NA,NA,NA
0000926770190,0,0,0,Multi Serve,NA,NA,NA,NA,NA,NA,NA,NA,NA,NA,NA,NA,NA,NA,NA,NA,NA,NA,NA,NA,NA,NA,NA,NA
0065031187012,43229.33097,3140.124907,0,Multi Serve,NA,NA,NA,NA,NA,NA,NA,NA,NA,NA,NA,NA,NA,NA,NA,NA,NA,NA,NA,NA,NA,NA,NA,NA
0007192117902,493610.9329,134817.8113,1,Multi Serve,Non- Indulgent,Chicken,Others,Others,Chicken,Non-Veg,NA,No Gluten Claim Present,Value,Regular Crust,15.9 Oz,Small (<=20 Oz),Conv Oven,Thin,NA,1 Ct,Over Wrap,No Vegan Claim Present,No Natural Claim Present,No Gmo Claim Present,No Organic Claim Present,No Plant based claim,No Preservative-Free Claim Present,Non BFY
0081496700504,0,0,0,Multi Serve,NA,NA,NA,NA,NA,NA,NA,NA,NA,NA,NA,NA,NA,NA,NA,NA,NA,NA,NA,NA,NA,NA,NA,NA
0270071075932,0,0,0,Multi Serve,NA,NA,NA,NA,NA,NA,NA,NA,NA,NA,NA,NA,NA,NA,NA,NA,NA,NA,NA,NA,NA,NA,NA,NA
0007864210177,1280202.054,362261.718,0,Multi Serve,NA,NA,NA,NA,NA,NA,NA,NA,NA,NA,NA,NA,NA,NA,NA,NA,NA,NA,NA,NA,NA,NA,NA,NA
0000000602818,0,0,0,Multi Serve,NA,NA,NA,NA,NA,NA,NA,NA,NA,NA,NA,NA,NA,NA,NA,NA,NA,NA,NA,NA,NA,NA,NA,NA
0085695200168,0,0,0,Multi Serve,NA,NA,NA,NA,NA,NA,NA,NA,NA,NA,NA,NA,NA,NA,NA,NA,NA,NA,NA,NA,NA,NA,NA,NA
0270071327733,0,0,1,Multi Serve,NA,NA,NA,NA,NA,NA,NA,NA,NA,NA,NA,NA,NA,NA,NA,NA,NA,NA,NA,NA,NA,NA,NA,NA
0088884901138,3206984.696,337937.9792,0,Multi Serve,Non- Indulgent,Meat Combos,Others,Deluxe/Supreme/Meat Combo,Meat Combos,Non-Veg,Red Sauce,No Gluten Claim Present,Premium,Regular Crust,13.2 Oz,Small (<=20 Oz),Conv Oven,Thick/Original,Regular Crust,1 Ct,Box,No Vegan Claim Present,No Natural Claim Present,No Gmo Claim Present,No Organic Claim Present,No Plant based claim,No Preservative-Free Claim Present,BFY
0071812297812,11763.82312,1910.189136,0,Multi Serve,NA,NA,NA,NA,NA,NA,NA,NA,NA,NA,NA,NA,NA,NA,NA,NA,NA,NA,NA,NA,NA,NA,NA,NA
0009350602883,565.1927265,86.4449387,0,Multi Serve,NA,NA,NA,NA,NA,NA,NA,NA,NA,NA,NA,NA,NA,NA,NA,NA,NA,NA,NA,NA,NA,NA,NA,NA
0004219700380,12413.92348,2727.196761,0,Multi Serve,NA,NA,NA,NA,NA,NA,NA,NA,NA,NA,NA,NA,NA,NA,NA,NA,NA,NA,NA,NA,NA,NA,NA,NA
0003870895138,0,0,0,Multi Serve,NA,NA,NA,NA,NA,NA,NA,NA,NA,NA,NA,NA,NA,NA,NA,NA,NA,NA,NA,NA,NA,NA,NA,NA
0008355409899,230302.6612,30115.75484,0,Multi Serve,NA,NA,NA,NA,NA,NA,NA,NA,NA,NA,NA,NA,NA,NA,NA,NA,NA,NA,NA,NA,NA,NA,NA,NA
0086409100043,38490.16701,11090.52246,0,Multi Serve,NA,NA,NA,NA,NA,NA,NA,NA,NA,NA,NA,NA,NA,NA,NA,NA,NA,NA,NA,NA,NA,NA,NA,NA
0069899781034,402307.759,41217.4663,0,Multi Serve,NA,NA,NA,NA,NA,NA,NA,NA,NA,NA,NA,NA,NA,NA,NA,NA,NA,NA,NA,NA,NA,NA,NA,NA
0009350602885,547.2730742,84.8222115,0,Multi Serve,NA,NA,NA,NA,NA,NA,NA,NA,NA,NA,NA,NA,NA,NA,NA,NA,NA,NA,NA,NA,NA,NA,NA,NA
0085356000302,0,0,0,Multi Serve,NA,NA,NA,NA,NA,NA,NA,NA,NA,NA,NA,NA,NA,NA,NA,NA,NA,NA,NA,NA,NA,NA,NA,NA
0086195604000,12375.67868,1800.659291,0,Multi Serve,NA,NA,NA,NA,NA,NA,NA,NA,NA,NA,NA,NA,NA,NA,NA,NA,NA,NA,NA,NA,NA,NA,NA,NA
0007192171145,0,0,1,Multi Serve,NA,NA,NA,NA,NA,NA,NA,NA,NA,NA,NA,NA,NA,NA,NA,NA,NA,NA,NA,NA,NA,NA,NA,NA
0007570615105,0,0,0,Multi Serve,NA,NA,NA,NA,NA,NA,NA,NA,NA,NA,NA,NA,NA,NA,NA,NA,NA,NA,NA,NA,NA,NA,NA,NA
0085264200600,636892.3616,82114.7148,0,Multi Serve,NA,NA,NA,NA,NA,NA,NA,NA,NA,NA,NA,NA,NA,NA,NA,NA,NA,NA,NA,NA,NA,NA,NA,NA
0000879342797,0,0,0,Multi Serve,NA,NA,NA,NA,NA,NA,NA,NA,NA,NA,NA,NA,NA,NA,NA,NA,NA,NA,NA,NA,NA,NA,NA,NA
0086000447352,0,0,0,Multi Serve,NA,NA,NA,NA,NA,NA,NA,NA,NA,NA,NA,NA,NA,NA,NA,NA,NA,NA,NA,NA,NA,NA,NA,NA
0079625893379,20283.56295,2095.407502,0,Multi Serve,NA,NA,NA,NA,NA,NA,NA,NA,NA,NA,NA,NA,NA,NA,NA,NA,NA,NA,NA,NA,NA,NA,NA,NA
0000376725121,5.48,0.75,0,Multi Serve,NA,NA,NA,NA,NA,NA,NA,NA,NA,NA,NA,NA,NA,NA,NA,NA,NA,NA,NA,NA,NA,NA,NA,NA
0000734072815,0,0,0,Multi Serve,NA,NA,NA,NA,NA,NA,NA,NA,NA,NA,NA,NA,NA,NA,NA,NA,NA,NA,NA,NA,NA,NA,NA,NA
0007192139144,79350.0957,12820.15889,1,Multi Serve,NA,NA,NA,NA,NA,NA,NA,NA,NA,NA,NA,NA,NA,NA,NA,NA,NA,NA,NA,NA,NA,NA,NA,NA
0003913116960,809460.1338,88734.66613,0,Multi Serve,NA,NA,NA,NA,NA,NA,NA,NA,NA,NA,NA,NA,NA,NA,NA,NA,NA,NA,NA,NA,NA,NA,NA,NA
0068614800739,54449.74658,10619.2825,0,Multi Serve,NA,NA,NA,NA,NA,NA,NA,NA,NA,NA,NA,NA,NA,NA,NA,NA,NA,NA,NA,NA,NA,NA,NA,NA
0007218076290,0,0,0,Multi Serve,NA,NA,NA,NA,NA,NA,NA,NA,NA,NA,NA,NA,NA,NA,NA,NA,NA,NA,NA,NA,NA,NA,NA,NA
0064313030010,0,0,0,Multi Serve,NA,NA,NA,NA,NA,NA,NA,NA,NA,NA,NA,NA,NA,NA,NA,NA,NA,NA,NA,NA,NA,NA,NA,NA
0004256360598,5525.55014,558.3573565,0,Multi Serve,NA,NA,NA,NA,NA,NA,NA,NA,NA,NA,NA,NA,NA,NA,NA,NA,NA,NA,NA,NA,NA,NA,NA,NA
0081005208004,0,0,0,Multi Serve,NA,NA,NA,NA,NA,NA,NA,NA,NA,NA,NA,NA,NA,NA,NA,NA,NA,NA,NA,NA,NA,NA,NA,NA
0002660513003,327556.744,51306.61424,0,Multi Serve,NA,NA,NA,NA,NA,NA,NA,NA,NA,NA,NA,NA,NA,NA,NA,NA,NA,NA,NA,NA,NA,NA,NA,NA
0000667334671,0,0,0,Multi Serve,NA,NA,NA,NA,NA,NA,NA,NA,NA,NA,NA,NA,NA,NA,NA,NA,NA,NA,NA,NA,NA,NA,NA,NA
0001091680565,43.93267353,10.52906192,0,Multi Serve,NA,NA,NA,NA,NA,NA,NA,NA,NA,NA,NA,NA,NA,NA,NA,NA,NA,NA,NA,NA,NA,NA,NA,NA
0004219700398,1173661.864,229200.616,0,Multi Serve,Non- Indulgent,Chicken,Others,Others,Chicken,Non-Veg,NA,No Gluten Claim Present,Mid Tier,Regular Crust,21.25 Oz,Medium (20-30 Oz),Conv Oven,Thin,NA,1 Ct,Box,No Vegan Claim Present,No Natural Claim Present,No Gmo Claim Present,No Organic Claim Present,No Plant based claim,No Preservative-Free Claim Present,Non BFY
0000005706604,6.813199704,1.311597814,0,Multi Serve,NA,NA,NA,NA,NA,NA,NA,NA,NA,NA,NA,NA,NA,NA,NA,NA,NA,NA,NA,NA,NA,NA,NA,NA
0001215680370,1115150.326,196404.722,0,Multi Serve,Non- Indulgent,Meat Combos,Others,Deluxe/Supreme/Meat Combo,Meat Combos,PL,PL,No Gluten Claim Present,Value,Ao Crust,13.9 Oz,Small (<=20 Oz),Conv Oven,PL,PL,1 Ct,Box,No Vegan Claim Present,No Natural Claim Present,No Gmo Claim Present,No Organic Claim Present,PL,No Preservative-Free Claim Present,Non BFY
0000770801863,0,0,0,Multi Serve,NA,NA,NA,NA,NA,NA,NA,NA,NA,NA,NA,NA,NA,NA,NA,NA,NA,NA,NA,NA,NA,NA,NA,NA
0009350602471,0,0,0,Multi Serve,NA,NA,NA,NA,NA,NA,NA,NA,NA,NA,NA,NA,NA,NA,NA,NA,NA,NA,NA,NA,NA,NA,NA,NA
0085856600302,0,0,0,Multi Serve,NA,NA,NA,NA,NA,NA,NA,NA,NA,NA,NA,NA,NA,NA,NA,NA,NA,NA,NA,NA,NA,NA,NA,NA
0003870895200,0,0,0,Multi Serve,NA,NA,NA,NA,NA,NA,NA,NA,NA,NA,NA,NA,NA,NA,NA,NA,NA,NA,NA,NA,NA,NA,NA,NA
0086001005545,24635.99948,4442.156664,0,Multi Serve,NA,NA,NA,NA,NA,NA,NA,NA,NA,NA,NA,NA,NA,NA,NA,NA,NA,NA,NA,NA,NA,NA,NA,NA
0007570631085,319609.8589,54933.50113,0,Multi Serve,NA,NA,NA,NA,NA,NA,NA,NA,NA,NA,NA,NA,NA,NA,NA,NA,NA,NA,NA,NA,NA,NA,NA,NA
0007218076292,885055.2324,109187.7645,0,Multi Serve,NA,NA,NA,NA,NA,NA,NA,NA,NA,NA,NA,NA,NA,NA,NA,NA,NA,NA,NA,NA,NA,NA,NA,NA
0007570631088,363100.4268,77976.36458,0,Multi Serve,NA,NA,NA,NA,NA,NA,NA,NA,NA,NA,NA,NA,NA,NA,NA,NA,NA,NA,NA,NA,NA,NA,NA,NA
0085292900201,0,0,0,Multi Serve,NA,NA,NA,NA,NA,NA,NA,NA,NA,NA,NA,NA,NA,NA,NA,NA,NA,NA,NA,NA,NA,NA,NA,NA
0081350500581,853.7513948,138.7781273,0,Multi Serve,NA,NA,NA,NA,NA,NA,NA,NA,NA,NA,NA,NA,NA,NA,NA,NA,NA,NA,NA,NA,NA,NA,NA,NA
0089784600214,0,0,0,Multi Serve,NA,NA,NA,NA,NA,NA,NA,NA,NA,NA,NA,NA,NA,NA,NA,NA,NA,NA,NA,NA,NA,NA,NA,NA
0003870895204,0,0,0,Multi Serve,NA,NA,NA,NA,NA,NA,NA,NA,NA,NA,NA,NA,NA,NA,NA,NA,NA,NA,NA,NA,NA,NA,NA,NA
0085832400660,0,0,0,Multi Serve,NA,NA,NA,NA,NA,NA,NA,NA,NA,NA,NA,NA,NA,NA,NA,NA,NA,NA,NA,NA,NA,NA,NA,NA
0088804400045,0,0,0,Multi Serve,NA,NA,NA,NA,NA,NA,NA,NA,NA,NA,NA,NA,NA,NA,NA,NA,NA,NA,NA,NA,NA,NA,NA,NA
0085493400722,0,0,0,Multi Serve,NA,NA,NA,NA,NA,NA,NA,NA,NA,NA,NA,NA,NA,NA,NA,NA,NA,NA,NA,NA,NA,NA,NA,NA
0000757852438,0,0,0,Multi Serve,NA,NA,NA,NA,NA,NA,NA,NA,NA,NA,NA,NA,NA,NA,NA,NA,NA,NA,NA,NA,NA,NA,NA,NA
0085561600746,8585.421136,1002.613222,0,Multi Serve,NA,NA,NA,NA,NA,NA,NA,NA,NA,NA,NA,NA,NA,NA,NA,NA,NA,NA,NA,NA,NA,NA,NA,NA
0000343787312,649.11,206.3875,0,Multi Serve,NA,NA,NA,NA,NA,NA,NA,NA,NA,NA,NA,NA,NA,NA,NA,NA,NA,NA,NA,NA,NA,NA,NA,NA
0082900600002,511677.9694,101504.5547,0,Multi Serve,NA,NA,NA,NA,NA,NA,NA,NA,NA,NA,NA,NA,NA,NA,NA,NA,NA,NA,NA,NA,NA,NA,NA,NA
0068640100006,10739.81,1199.8125,0,Multi Serve,NA,NA,NA,NA,NA,NA,NA,NA,NA,NA,NA,NA,NA,NA,NA,NA,NA,NA,NA,NA,NA,NA,NA,NA
0000013047909,4.73,0.99375,0,Multi Serve,NA,NA,NA,NA,NA,NA,NA,NA,NA,NA,NA,NA,NA,NA,NA,NA,NA,NA,NA,NA,NA,NA,NA,NA
0004219700045,0,0,0,Multi Serve,NA,NA,NA,NA,NA,NA,NA,NA,NA,NA,NA,NA,NA,NA,NA,NA,NA,NA,NA,NA,NA,NA,NA,NA
0000141372444,534059.1801,135484.9552,0,Multi Serve,NA,NA,NA,NA,NA,NA,NA,NA,NA,NA,NA,NA,NA,NA,NA,NA,NA,NA,NA,NA,NA,NA,NA,NA
0001813501001,260559.3998,38269.02253,0,Multi Serve,NA,NA,NA,NA,NA,NA,NA,NA,NA,NA,NA,NA,NA,NA,NA,NA,NA,NA,NA,NA,NA,NA,NA,NA
0000926769651,0,0,0,Multi Serve,NA,NA,NA,NA,NA,NA,NA,NA,NA,NA,NA,NA,NA,NA,NA,NA,NA,NA,NA,NA,NA,NA,NA,NA
0007192192446,830023.6167,216660.7406,1,Multi Serve,Non- Indulgent,Meat Combos,Others,Deluxe/Supreme/Meat Combo,Meat Combos,Non-Veg,NA,No Gluten Claim Present,Value,Regular Crust,18.4 Oz,Small (<=20 Oz),Conv Oven,Thin,NA,1 Ct,Box,No Vegan Claim Present,No Natural Claim Present,No Gmo Claim Present,No Organic Claim Present,No Plant based claim,No Preservative-Free Claim Present,Non BFY
0000817523830,137818.7559,23602.6331,0,Multi Serve,NA,NA,NA,NA,NA,NA,NA,NA,NA,NA,NA,NA,NA,NA,NA,NA,NA,NA,NA,NA,NA,NA,NA,NA
0007192182563,0,0,1,Multi Serve,NA,NA,NA,NA,NA,NA,NA,NA,NA,NA,NA,NA,NA,NA,NA,NA,NA,NA,NA,NA,NA,NA,NA,NA
0086000022551,0,0,0,Multi Serve,NA,NA,NA,NA,NA,NA,NA,NA,NA,NA,NA,NA,NA,NA,NA,NA,NA,NA,NA,NA,NA,NA,NA,NA
0073178903121,0,0,0,Multi Serve,NA,NA,NA,NA,NA,NA,NA,NA,NA,NA,NA,NA,NA,NA,NA,NA,NA,NA,NA,NA,NA,NA,NA,NA
0003870833221,0,0,0,Multi Serve,NA,NA,NA,NA,NA,NA,NA,NA,NA,NA,NA,NA,NA,NA,NA,NA,NA,NA,NA,NA,NA,NA,NA,NA
0000393188819,0,0,0,Multi Serve,NA,NA,NA,NA,NA,NA,NA,NA,NA,NA,NA,NA,NA,NA,NA,NA,NA,NA,NA,NA,NA,NA,NA,NA
0000191856386,120859.2904,36247.08659,0,Multi Serve,NA,NA,NA,NA,NA,NA,NA,NA,NA,NA,NA,NA,NA,NA,NA,NA,NA,NA,NA,NA,NA,NA,NA,NA
0064823007997,44.13344279,3.8959139,0,Multi Serve,NA,NA,NA,NA,NA,NA,NA,NA,NA,NA,NA,NA,NA,NA,NA,NA,NA,NA,NA,NA,NA,NA,NA,NA
0007660190004,0,0,0,Multi Serve,NA,NA,NA,NA,NA,NA,NA,NA,NA,NA,NA,NA,NA,NA,NA,NA,NA,NA,NA,NA,NA,NA,NA,NA
0002660511110,0,0,0,Multi Serve,NA,NA,NA,NA,NA,NA,NA,NA,NA,NA,NA,NA,NA,NA,NA,NA,NA,NA,NA,NA,NA,NA,NA,NA
0075283034828,481992.74,45568.81785,0,Multi Serve,Non- Indulgent,Ao Topping,Others,Others,Ao Topping,Non-Veg,NA,No Gluten Claim Present,Premium,Regular Crust,14 Oz,Small (<=20 Oz),Conv Oven,Thick/Original,NA,1 Ct,Box,Vegan Claim,No Natural Claim Present,Non-Gmo Claim,No Organic Claim Present,Plant-Based Protein Claim,No Preservative-Free Claim Present,BFY
0000410954073,899.4418321,207.6404627,0,Multi Serve,NA,NA,NA,NA,NA,NA,NA,NA,NA,NA,NA,NA,NA,NA,NA,NA,NA,NA,NA,NA,NA,NA,NA,NA
0000667665324,0,0,0,Multi Serve,NA,NA,NA,NA,NA,NA,NA,NA,NA,NA,NA,NA,NA,NA,NA,NA,NA,NA,NA,NA,NA,NA,NA,NA
0801429430211,0,0,0,Multi Serve,NA,NA,NA,NA,NA,NA,NA,NA,NA,NA,NA,NA,NA,NA,NA,NA,NA,NA,NA,NA,NA,NA,NA,NA
0086001140410,544211.3059,83575.09389,0,Multi Serve,NA,NA,NA,NA,NA,NA,NA,NA,NA,NA,NA,NA,NA,NA,NA,NA,NA,NA,NA,NA,NA,NA,NA,NA
0000016229013,82148.82706,13438.72142,0,Multi Serve,NA,NA,NA,NA,NA,NA,NA,NA,NA,NA,NA,NA,NA,NA,NA,NA,NA,NA,NA,NA,NA,NA,NA,NA
0000194404501,143186.552,26938.52075,0,Multi Serve,NA,NA,NA,NA,NA,NA,NA,NA,NA,NA,NA,NA,NA,NA,NA,NA,NA,NA,NA,NA,NA,NA,NA,NA
0000029540635,1590589.408,506611.1899,0,Multi Serve,Non- Indulgent,Pepperoni,Others,Others,Pepperoni,PL,PL,No Gluten Claim Present,Value,Rising Crust,30.5 Oz,Large (>= 30 Oz),Conv Oven,PL,PL,1 Ct,Box,No Vegan Claim Present,No Natural Claim Present,No Gmo Claim Present,No Organic Claim Present,No Plant based claim,No Preservative-Free Claim Present,Non BFY
0000339460851,0,0,0,Multi Serve,NA,NA,NA,NA,NA,NA,NA,NA,NA,NA,NA,NA,NA,NA,NA,NA,NA,NA,NA,NA,NA,NA,NA,NA
0088570901220,1483686.317,197116.4224,0,Multi Serve,NA,NA,NA,NA,NA,NA,NA,NA,NA,NA,NA,NA,NA,NA,NA,NA,NA,NA,NA,NA,NA,NA,NA,NA
0000268720155,47661.54756,8629.400295,0,Multi Serve,NA,NA,NA,NA,NA,NA,NA,NA,NA,NA,NA,NA,NA,NA,NA,NA,NA,NA,NA,NA,NA,NA,NA,NA
0007192127270,0,0,1,Multi Serve,NA,NA,NA,NA,NA,NA,NA,NA,NA,NA,NA,NA,NA,NA,NA,NA,NA,NA,NA,NA,NA,NA,NA,NA
0004219700386,1240061.159,254527.5809,0,Multi Serve,NA,NA,NA,NA,NA,NA,NA,NA,NA,NA,NA,NA,NA,NA,NA,NA,NA,NA,NA,NA,NA,NA,NA,NA
0004309856321,11675.95478,2499.606218,0,Multi Serve,NA,NA,NA,NA,NA,NA,NA,NA,NA,NA,NA,NA,NA,NA,NA,NA,NA,NA,NA,NA,NA,NA,NA,NA
0007218074170,5595380.645,1021865.927,0,Multi Serve,Non- Indulgent,Pepperoni,Others,Others,Pepperoni,Non-Veg,Red Sauce,No Gluten Claim Present,Value,Stuffed Crust,23.64 Oz,Medium (20-30 Oz),Conv Oven,Thick/Original,Regular Crust,1 Ct,Box,No Vegan Claim Present,No Natural Claim Present,No Gmo Claim Present,No Organic Claim Present,No Plant based claim,No Preservative-Free Claim Present,Non BFY
0007192119249,0,0,1,Multi Serve,NA,NA,NA,NA,NA,NA,NA,NA,NA,NA,NA,NA,NA,NA,NA,NA,NA,NA,NA,NA,NA,NA,NA,NA
0000577011079,0,0,0,Multi Serve,NA,NA,NA,NA,NA,NA,NA,NA,NA,NA,NA,NA,NA,NA,NA,NA,NA,NA,NA,NA,NA,NA,NA,NA
0089245300128,1594.827767,115.4469301,0,Multi Serve,NA,NA,NA,NA,NA,NA,NA,NA,NA,NA,NA,NA,NA,NA,NA,NA,NA,NA,NA,NA,NA,NA,NA,NA
0001202980022,138313.5899,37805.09168,0,Multi Serve,NA,NA,NA,NA,NA,NA,NA,NA,NA,NA,NA,NA,NA,NA,NA,NA,NA,NA,NA,NA,NA,NA,NA,NA
0007192169562,313696.6307,55320.11288,1,Multi Serve,NA,NA,NA,NA,NA,NA,NA,NA,NA,NA,NA,NA,NA,NA,NA,NA,NA,NA,NA,NA,NA,NA,NA,NA
0081536901154,22755.36203,1939.507217,0,Multi Serve,NA,NA,NA,NA,NA,NA,NA,NA,NA,NA,NA,NA,NA,NA,NA,NA,NA,NA,NA,NA,NA,NA,NA,NA
0086586800033,467408.5064,39859.88226,0,Multi Serve,NA,NA,NA,NA,NA,NA,NA,NA,NA,NA,NA,NA,NA,NA,NA,NA,NA,NA,NA,NA,NA,NA,NA,NA
0074446300002,32537.02221,4169.661781,0,Multi Serve,NA,NA,NA,NA,NA,NA,NA,NA,NA,NA,NA,NA,NA,NA,NA,NA,NA,NA,NA,NA,NA,NA,NA,NA
0000916379450,0,0,0,Multi Serve,NA,NA,NA,NA,NA,NA,NA,NA,NA,NA,NA,NA,NA,NA,NA,NA,NA,NA,NA,NA,NA,NA,NA,NA
0000135990717,13434.20214,1380.182445,0,Multi Serve,NA,NA,NA,NA,NA,NA,NA,NA,NA,NA,NA,NA,NA,NA,NA,NA,NA,NA,NA,NA,NA,NA,NA,NA
0007986102335,28267.76703,5492.44078,0,Multi Serve,NA,NA,NA,NA,NA,NA,NA,NA,NA,NA,NA,NA,NA,NA,NA,NA,NA,NA,NA,NA,NA,NA,NA,NA
0000137228343,0,0,0,Multi Serve,NA,NA,NA,NA,NA,NA,NA,NA,NA,NA,NA,NA,NA,NA,NA,NA,NA,NA,NA,NA,NA,NA,NA,NA
0000093856742,2.461475422,1.087838249,0,Multi Serve,NA,NA,NA,NA,NA,NA,NA,NA,NA,NA,NA,NA,NA,NA,NA,NA,NA,NA,NA,NA,NA,NA,NA,NA
0000134052831,0,0,0,Multi Serve,NA,NA,NA,NA,NA,NA,NA,NA,NA,NA,NA,NA,NA,NA,NA,NA,NA,NA,NA,NA,NA,NA,NA,NA
0009350602672,1560.639787,591.0371258,0,Multi Serve,NA,NA,NA,NA,NA,NA,NA,NA,NA,NA,NA,NA,NA,NA,NA,NA,NA,NA,NA,NA,NA,NA,NA,NA
0089784600220,17613.6238,2369.498596,0,Multi Serve,NA,NA,NA,NA,NA,NA,NA,NA,NA,NA,NA,NA,NA,NA,NA,NA,NA,NA,NA,NA,NA,NA,NA,NA
0001132891099,1043813.257,140173.3716,0,Multi Serve,NA,NA,NA,NA,NA,NA,NA,NA,NA,NA,NA,NA,NA,NA,NA,NA,NA,NA,NA,NA,NA,NA,NA,NA
0270071224690,0,0,0,Multi Serve,NA,NA,NA,NA,NA,NA,NA,NA,NA,NA,NA,NA,NA,NA,NA,NA,NA,NA,NA,NA,NA,NA,NA,NA
0000268015725,83.53627775,22.75461223,0,Multi Serve,NA,NA,NA,NA,NA,NA,NA,NA,NA,NA,NA,NA,NA,NA,NA,NA,NA,NA,NA,NA,NA,NA,NA,NA
0000193342910,0,0,0,Multi Serve,NA,NA,NA,NA,NA,NA,NA,NA,NA,NA,NA,NA,NA,NA,NA,NA,NA,NA,NA,NA,NA,NA,NA,NA
0085352800178,75558,5250,0,Multi Serve,NA,NA,NA,NA,NA,NA,NA,NA,NA,NA,NA,NA,NA,NA,NA,NA,NA,NA,NA,NA,NA,NA,NA,NA
0085002369014,271.4532491,48.86868173,0,Multi Serve,NA,NA,NA,NA,NA,NA,NA,NA,NA,NA,NA,NA,NA,NA,NA,NA,NA,NA,NA,NA,NA,NA,NA,NA
0000092657247,436794.2608,81895.732,0,Multi Serve,NA,NA,NA,NA,NA,NA,NA,NA,NA,NA,NA,NA,NA,NA,NA,NA,NA,NA,NA,NA,NA,NA,NA,NA
0086000008466,108.0885579,10.18512929,0,Multi Serve,NA,NA,NA,NA,NA,NA,NA,NA,NA,NA,NA,NA,NA,NA,NA,NA,NA,NA,NA,NA,NA,NA,NA,NA
0001813501002,0,0,0,Multi Serve,NA,NA,NA,NA,NA,NA,NA,NA,NA,NA,NA,NA,NA,NA,NA,NA,NA,NA,NA,NA,NA,NA,NA,NA
0000480703193,543909.863,181996.4216,0,Multi Serve,NA,NA,NA,NA,NA,NA,NA,NA,NA,NA,NA,NA,NA,NA,NA,NA,NA,NA,NA,NA,NA,NA,NA,NA
0000060215688,0,0,0,Multi Serve,NA,NA,NA,NA,NA,NA,NA,NA,NA,NA,NA,NA,NA,NA,NA,NA,NA,NA,NA,NA,NA,NA,NA,NA
0005073270140,0,0,0,Multi Serve,NA,NA,NA,NA,NA,NA,NA,NA,NA,NA,NA,NA,NA,NA,NA,NA,NA,NA,NA,NA,NA,NA,NA,NA
0085264200621,0,0,0,Multi Serve,NA,NA,NA,NA,NA,NA,NA,NA,NA,NA,NA,NA,NA,NA,NA,NA,NA,NA,NA,NA,NA,NA,NA,NA
0003870894909,57002.3943,10193.18614,0,Multi Serve,NA,NA,NA,NA,NA,NA,NA,NA,NA,NA,NA,NA,NA,NA,NA,NA,NA,NA,NA,NA,NA,NA,NA,NA
0007570630692,129237.4366,29373.2401,0,Multi Serve,NA,NA,NA,NA,NA,NA,NA,NA,NA,NA,NA,NA,NA,NA,NA,NA,NA,NA,NA,NA,NA,NA,NA,NA
0000126495949,0,0,0,Multi Serve,NA,NA,NA,NA,NA,NA,NA,NA,NA,NA,NA,NA,NA,NA,NA,NA,NA,NA,NA,NA,NA,NA,NA,NA
0007570612758,236664.6547,61915.59109,0,Multi Serve,NA,NA,NA,NA,NA,NA,NA,NA,NA,NA,NA,NA,NA,NA,NA,NA,NA,NA,NA,NA,NA,NA,NA,NA
0000407473011,752.1125696,195.0867989,0,Multi Serve,NA,NA,NA,NA,NA,NA,NA,NA,NA,NA,NA,NA,NA,NA,NA,NA,NA,NA,NA,NA,NA,NA,NA,NA
0085856600317,0,0,0,Multi Serve,NA,NA,NA,NA,NA,NA,NA,NA,NA,NA,NA,NA,NA,NA,NA,NA,NA,NA,NA,NA,NA,NA,NA,NA
0004219700367,0,0,0,Multi Serve,NA,NA,NA,NA,NA,NA,NA,NA,NA,NA,NA,NA,NA,NA,NA,NA,NA,NA,NA,NA,NA,NA,NA,NA
0081496700014,11195.88653,1491.359431,0,Multi Serve,NA,NA,NA,NA,NA,NA,NA,NA,NA,NA,NA,NA,NA,NA,NA,NA,NA,NA,NA,NA,NA,NA,NA,NA
0000702674404,79.8,34.375,0,Multi Serve,NA,NA,NA,NA,NA,NA,NA,NA,NA,NA,NA,NA,NA,NA,NA,NA,NA,NA,NA,NA,NA,NA,NA,NA
0000467399809,0,0,0,Multi Serve,NA,NA,NA,NA,NA,NA,NA,NA,NA,NA,NA,NA,NA,NA,NA,NA,NA,NA,NA,NA,NA,NA,NA,NA
0007570630570,4170273.987,745529.5466,0,Multi Serve,Indulgent,Meat Combos,Others,Deluxe/Supreme/Meat Combo,Sausage,Non-Veg,Red Sauce,No Gluten Claim Present,Mid Tier,Thin,18.75 Oz,Small (<=20 Oz),Conv Oven,Thin,Regular Crust,1 Ct,Box,No Vegan Claim Present,No Natural Claim Present,No Gmo Claim Present,No Organic Claim Present,No Plant based claim,No Preservative-Free Claim Present,Non BFY
0007218063720,0,0,0,Multi Serve,NA,NA,NA,NA,NA,NA,NA,NA,NA,NA,NA,NA,NA,NA,NA,NA,NA,NA,NA,NA,NA,NA,NA,NA
0001996224701,0,0,0,Multi Serve,NA,NA,NA,NA,NA,NA,NA,NA,NA,NA,NA,NA,NA,NA,NA,NA,NA,NA,NA,NA,NA,NA,NA,NA
0506019864384,0,0,0,Multi Serve,NA,NA,NA,NA,NA,NA,NA,NA,NA,NA,NA,NA,NA,NA,NA,NA,NA,NA,NA,NA,NA,NA,NA,NA
0000197301070,0,0,0,Multi Serve,NA,NA,NA,NA,NA,NA,NA,NA,NA,NA,NA,NA,NA,NA,NA,NA,NA,NA,NA,NA,NA,NA,NA,NA
0003952890141,417826.0742,80160.87108,0,Multi Serve,NA,NA,NA,NA,NA,NA,NA,NA,NA,NA,NA,NA,NA,NA,NA,NA,NA,NA,NA,NA,NA,NA,NA,NA
0005073200754,4002.329281,618.1187146,0,Multi Serve,NA,NA,NA,NA,NA,NA,NA,NA,NA,NA,NA,NA,NA,NA,NA,NA,NA,NA,NA,NA,NA,NA,NA,NA
0007218074152,5812763.987,1305605.38,0,Multi Serve,Indulgent,Meat Combos,Others,Deluxe/Supreme/Meat Combo,Meat Combos,Non-Veg,Red Sauce,No Gluten Claim Present,Mid Tier,Regular Crust,28.79 Oz,Medium (20-30 Oz),Conv Oven,Thick/Original,Regular Crust,1 Ct,Box,No Vegan Claim Present,No Natural Claim Present,No Gmo Claim Present,No Organic Claim Present,No Plant based claim,No Preservative-Free Claim Present,Non BFY
0009350602871,0,0,0,Multi Serve,NA,NA,NA,NA,NA,NA,NA,NA,NA,NA,NA,NA,NA,NA,NA,NA,NA,NA,NA,NA,NA,NA,NA,NA
0073178912358,215550.428,19127.47504,0,Multi Serve,NA,NA,NA,NA,NA,NA,NA,NA,NA,NA,NA,NA,NA,NA,NA,NA,NA,NA,NA,NA,NA,NA,NA,NA
0007570630988,904521.493,185403.187,0,Multi Serve,Indulgent,Meat Combos,Others,Deluxe/Supreme/Meat Combo,Meat Combos,Non-Veg,NA,No Gluten Claim Present,Mid Tier,Pan/Deep Dish Crust,27.4 Oz,Medium (20-30 Oz),Conv Oven,Thick/Original,Regular Crust,1 Ct,Box,No Vegan Claim Present,No Natural Claim Present,No Gmo Claim Present,No Organic Claim Present,No Plant based claim,No Preservative-Free Claim Present,Non BFY
0001731332671,0,0,0,Multi Serve,NA,NA,NA,NA,NA,NA,NA,NA,NA,NA,NA,NA,NA,NA,NA,NA,NA,NA,NA,NA,NA,NA,NA,NA
0004219700310,0,0,0,Multi Serve,NA,NA,NA,NA,NA,NA,NA,NA,NA,NA,NA,NA,NA,NA,NA,NA,NA,NA,NA,NA,NA,NA,NA,NA
0085448400814,3895.86531,292.3278719,0,Multi Serve,NA,NA,NA,NA,NA,NA,NA,NA,NA,NA,NA,NA,NA,NA,NA,NA,NA,NA,NA,NA,NA,NA,NA,NA
0081496700507,366.6501925,53.32721341,0,Multi Serve,NA,NA,NA,NA,NA,NA,NA,NA,NA,NA,NA,NA,NA,NA,NA,NA,NA,NA,NA,NA,NA,NA,NA,NA
0000164107885,193.1582467,52.34394843,0,Multi Serve,NA,NA,NA,NA,NA,NA,NA,NA,NA,NA,NA,NA,NA,NA,NA,NA,NA,NA,NA,NA,NA,NA,NA,NA
0085831600317,1401.665126,335.2811981,0,Multi Serve,NA,NA,NA,NA,NA,NA,NA,NA,NA,NA,NA,NA,NA,NA,NA,NA,NA,NA,NA,NA,NA,NA,NA,NA
0007192145712,0,0,1,Multi Serve,NA,NA,NA,NA,NA,NA,NA,NA,NA,NA,NA,NA,NA,NA,NA,NA,NA,NA,NA,NA,NA,NA,NA,NA
0000197211917,3007.373722,1603.91276,0,Multi Serve,NA,NA,NA,NA,NA,NA,NA,NA,NA,NA,NA,NA,NA,NA,NA,NA,NA,NA,NA,NA,NA,NA,NA,NA
0001129713323,1640997.076,331384.9187,0,Multi Serve,Non- Indulgent,Mexican,Others,Others,Mexican,PL,PL,No Gluten Claim Present,Value,Thin,14.7 Oz,Small (<=20 Oz),Conv Oven,Thin,PL,1 Ct,Box,No Vegan Claim Present,No Natural Claim Present,No Gmo Claim Present,No Organic Claim Present,PL,No Preservative-Free Claim Present,Non BFY
0002142129038,0,0,0,Multi Serve,NA,NA,NA,NA,NA,NA,NA,NA,NA,NA,NA,NA,NA,NA,NA,NA,NA,NA,NA,NA,NA,NA,NA,NA
0085264200606,1242850.419,198373.6244,0,Multi Serve,Non- Indulgent,Deluxe/Supreme,Deluxe/Supreme,Deluxe/Supreme/Meat Combo,Meat Combos,Non-Veg,NA,No Gluten Claim Present,Premium,Regular Crust,18 Oz,Small (<=20 Oz),Conv Oven,Thick/Original,NA,1 Ct,Over Wrap,No Vegan Claim Present,No Natural Claim Present,No Gmo Claim Present,No Organic Claim Present,No Plant based claim,No Preservative-Free Claim Present,Non BFY
0001477700584,0,0,0,Multi Serve,NA,NA,NA,NA,NA,NA,NA,NA,NA,NA,NA,NA,NA,NA,NA,NA,NA,NA,NA,NA,NA,NA,NA,NA
0007465354794,22214763.11,7250022.484,1,Multi Serve,Non- Indulgent,Pepperoni,Others,Others,Pepperoni,Non-Veg,Red Sauce,No Gluten Claim Present,Value,Regular Crust,61.6 Oz,Large (>= 30 Oz),Conv Oven,Thick/Original,Regular Crust,4 Ct,Bag In Box,No Vegan Claim Present,No Natural Claim Present,No Gmo Claim Present,No Organic Claim Present,No Plant based claim,No Preservative-Free Claim Present,Non BFY
0001215680066,502541.3358,97115.9376,0,Multi Serve,Non- Indulgent,Ao Topping,Others,Others,Ao Topping,PL,PL,No Gluten Claim Present,Value,Ao Crust,14.1 Oz,Small (<=20 Oz),Conv Oven,PL,PL,1 Ct,Box,No Vegan Claim Present,No Natural Claim Present,No Gmo Claim Present,No Organic Claim Present,PL,No Preservative-Free Claim Present,Non BFY
0000666897786,365832.194,62278.91693,0,Multi Serve,NA,NA,NA,NA,NA,NA,NA,NA,NA,NA,NA,NA,NA,NA,NA,NA,NA,NA,NA,NA,NA,NA,NA,NA
0089943900032,0,0,0,Multi Serve,NA,NA,NA,NA,NA,NA,NA,NA,NA,NA,NA,NA,NA,NA,NA,NA,NA,NA,NA,NA,NA,NA,NA,NA
0000797006205,0,0,0,Multi Serve,NA,NA,NA,NA,NA,NA,NA,NA,NA,NA,NA,NA,NA,NA,NA,NA,NA,NA,NA,NA,NA,NA,NA,NA
0000741852582,856195.8696,128121.8324,0,Multi Serve,NA,NA,NA,NA,NA,NA,NA,NA,NA,NA,NA,NA,NA,NA,NA,NA,NA,NA,NA,NA,NA,NA,NA,NA
0068506001206,0,0,0,Multi Serve,NA,NA,NA,NA,NA,NA,NA,NA,NA,NA,NA,NA,NA,NA,NA,NA,NA,NA,NA,NA,NA,NA,NA,NA
0089257600106,0,0,0,Multi Serve,NA,NA,NA,NA,NA,NA,NA,NA,NA,NA,NA,NA,NA,NA,NA,NA,NA,NA,NA,NA,NA,NA,NA,NA
0004219700203,19475691.45,4612382.713,0,Multi Serve,Indulgent,Meat Combos,Others,Deluxe/Supreme/Meat Combo,Meat Combos,Non-Veg,Red Sauce,No Gluten Claim Present,Mid Tier,Regular Crust,26.45 Oz,Medium (20-30 Oz),Conv Oven,Thick/Original,Regular Crust,1 Ct,Over Wrap,No Vegan Claim Present,No Natural Claim Present,No Gmo Claim Present,No Organic Claim Present,No Plant based claim,No Preservative-Free Claim Present,Non BFY
0007390000173,3113.491447,683.6803802,0,Multi Serve,NA,NA,NA,NA,NA,NA,NA,NA,NA,NA,NA,NA,NA,NA,NA,NA,NA,NA,NA,NA,NA,NA,NA,NA
0009350602846,118246.6621,16549.29439,0,Multi Serve,NA,NA,NA,NA,NA,NA,NA,NA,NA,NA,NA,NA,NA,NA,NA,NA,NA,NA,NA,NA,NA,NA,NA,NA
0081496700003,6296.064215,1048.878307,0,Multi Serve,NA,NA,NA,NA,NA,NA,NA,NA,NA,NA,NA,NA,NA,NA,NA,NA,NA,NA,NA,NA,NA,NA,NA,NA
0000354846332,775935.7472,80718.62548,0,Multi Serve,NA,NA,NA,NA,NA,NA,NA,NA,NA,NA,NA,NA,NA,NA,NA,NA,NA,NA,NA,NA,NA,NA,NA,NA
0003120535700,0,0,0,Multi Serve,NA,NA,NA,NA,NA,NA,NA,NA,NA,NA,NA,NA,NA,NA,NA,NA,NA,NA,NA,NA,NA,NA,NA,NA
0007192197186,4252838.977,351999.1531,1,Multi Serve,Non- Indulgent,Chicken,Others,Others,Chicken,Non-Veg,Red Sauce,Gluten Free Claim,Premium,Veggie Crust,11.8 Oz,Small (<=20 Oz),Conv Oven,Thin,Healthy,1 Ct,Box,No Vegan Claim Present,No Natural Claim Present,No Gmo Claim Present,No Organic Claim Present,No Plant based claim,No Preservative-Free Claim Present,BFY
0003870895216,0,0,0,Multi Serve,NA,NA,NA,NA,NA,NA,NA,NA,NA,NA,NA,NA,NA,NA,NA,NA,NA,NA,NA,NA,NA,NA,NA,NA
0000469158125,0,0,0,Multi Serve,NA,NA,NA,NA,NA,NA,NA,NA,NA,NA,NA,NA,NA,NA,NA,NA,NA,NA,NA,NA,NA,NA,NA,NA
0000298740675,0,0,0,Multi Serve,NA,NA,NA,NA,NA,NA,NA,NA,NA,NA,NA,NA,NA,NA,NA,NA,NA,NA,NA,NA,NA,NA,NA,NA
0003913116957,2091517.976,343989.8358,0,Multi Serve,Non- Indulgent,Hawaiian Style,Others,Others,Ao Topping,Non-Veg,Red Sauce,No Gluten Claim Present,Premium,Thin,16.35 Oz,Small (<=20 Oz),Conv Oven,Thin,Regular Crust,1 Ct,Box,No Vegan Claim Present,No Natural Claim Present,No Gmo Claim Present,No Organic Claim Present,No Plant based claim,No Preservative-Free Claim Present,Non BFY
0003870882424,0,0,0,Multi Serve,NA,NA,NA,NA,NA,NA,NA,NA,NA,NA,NA,NA,NA,NA,NA,NA,NA,NA,NA,NA,NA,NA,NA,NA
0000124685633,0,0,0,Multi Serve,NA,NA,NA,NA,NA,NA,NA,NA,NA,NA,NA,NA,NA,NA,NA,NA,NA,NA,NA,NA,NA,NA,NA,NA
0007192170383,0,0,1,Multi Serve,NA,NA,NA,NA,NA,NA,NA,NA,NA,NA,NA,NA,NA,NA,NA,NA,NA,NA,NA,NA,NA,NA,NA,NA
0007192120374,35871930.87,6671404.699,1,Multi Serve,Non- Indulgent,Pepperoni,Others,Others,Pepperoni,Non-Veg,Red Sauce,No Gluten Claim Present,Mid Tier,Hand Tossed/Pizzeria Style,17.3 Oz,Small (<=20 Oz),Conv Oven,Thick/Original,Regular Crust,1 Ct,Box,No Vegan Claim Present,No Natural Claim Present,No Gmo Claim Present,No Organic Claim Present,No Plant based claim,No Preservative-Free Claim Present,Non BFY
0007192170282,26760489.4,6762802.578,1,Multi Serve,Non- Indulgent,Cheese/Plain,Others,Others,Cheese/Plain,Vegetarian,Red Sauce,No Gluten Claim Present,Value,Regular Crust,19.3 Oz,Small (<=20 Oz),Conv Oven,Thick/Original,Regular Crust,1 Ct,Over Wrap,No Vegan Claim Present,No Natural Claim Present,No Gmo Claim Present,No Organic Claim Present,No Plant based claim,No Preservative-Free Claim Present,Non BFY
0085000446809,14115.31528,1858.402731,0,Multi Serve,NA,NA,NA,NA,NA,NA,NA,NA,NA,NA,NA,NA,NA,NA,NA,NA,NA,NA,NA,NA,NA,NA,NA,NA
0002870445600,1269901.459,254572.5823,0,Multi Serve,NA,NA,NA,NA,NA,NA,NA,NA,NA,NA,NA,NA,NA,NA,NA,NA,NA,NA,NA,NA,NA,NA,NA,NA
0000895685252,0,0,0,Multi Serve,NA,NA,NA,NA,NA,NA,NA,NA,NA,NA,NA,NA,NA,NA,NA,NA,NA,NA,NA,NA,NA,NA,NA,NA
0005843120464,0,0,0,Multi Serve,NA,NA,NA,NA,NA,NA,NA,NA,NA,NA,NA,NA,NA,NA,NA,NA,NA,NA,NA,NA,NA,NA,NA,NA
0007570630881,693309.8695,139146.0645,0,Multi Serve,Indulgent,Deluxe/Supreme,Deluxe/Supreme,Deluxe/Supreme/Meat Combo,Meat Combos,Non-Veg,NA,No Gluten Claim Present,Mid Tier,Ao Crust,20.6 Oz,Medium (20-30 Oz),Conv Oven,Thin,NA,1 Ct,Over Wrap,No Vegan Claim Present,No Natural Claim Present,No Gmo Claim Present,No Organic Claim Present,No Plant based claim,No Preservative-Free Claim Present,Non BFY
0003870895290,799826.5708,96775.01328,0,Multi Serve,NA,NA,NA,NA,NA,NA,NA,NA,NA,NA,NA,NA,NA,NA,NA,NA,NA,NA,NA,NA,NA,NA,NA,NA
0007192134403,27885748.41,5986141.994,1,Multi Serve,Non- Indulgent,Deluxe/Supreme,Deluxe/Supreme,Deluxe/Supreme/Meat Combo,Meat Combos,Non-Veg,Red Sauce,No Gluten Claim Present,Mid Tier,Regular Crust,19.1 Oz,Small (<=20 Oz),Conv Oven,Thick/Original,Regular Crust,1 Ct,Box,No Vegan Claim Present,No Natural Claim Present,No Gmo Claim Present,No Organic Claim Present,No Plant based claim,No Preservative-Free Claim Present,Non BFY
0007192142726,11055035.28,2765712.795,1,Multi Serve,Non- Indulgent,Pepperoni,Others,Others,Pepperoni,Non-Veg,Red Sauce,No Gluten Claim Present,Mid Tier,Ao Crust,22.2 Oz,Medium (20-30 Oz),Conv Oven,Thick/Original,Regular Crust,1 Ct,Box,No Vegan Claim Present,No Natural Claim Present,No Gmo Claim Present,No Organic Claim Present,No Plant based claim,No Preservative-Free Claim Present,Non BFY
0000942646208,1786594.181,631388.7419,0,Multi Serve,Non- Indulgent,Bacon,Others,Others,Bacon,Non-Veg,PL,No Gluten Claim Present,Value,Rising Crust,27.85 Oz,Medium (20-30 Oz),Conv Oven,Thick/Original,PL,1 Ct,Box,No Vegan Claim Present,No Natural Claim Present,No Gmo Claim Present,No Organic Claim Present,No Plant based claim,No Preservative-Free Claim Present,Non BFY
0007570630232,0,0,0,Multi Serve,NA,NA,NA,NA,NA,NA,NA,NA,NA,NA,NA,NA,NA,NA,NA,NA,NA,NA,NA,NA,NA,NA,NA,NA
0005843120463,0,0,0,Multi Serve,NA,NA,NA,NA,NA,NA,NA,NA,NA,NA,NA,NA,NA,NA,NA,NA,NA,NA,NA,NA,NA,NA,NA,NA
0001049325111,3629220.295,501574.7857,0,Multi Serve,Non- Indulgent,Cheese/Plain,Others,Others,Cheese/Plain,Vegetarian,PL,No Gluten Claim Present,Value,Regular Crust,15.2 Oz,Small (<=20 Oz),Conv Oven,Thick/Original,Regular Crust,1 Ct,Box,No Vegan Claim Present,No Natural Claim Present,No Gmo Claim Present,No Organic Claim Present,No Plant based claim,No Preservative-Free Claim Present,Non BFY
0070882067732,756103.9326,108886.9472,0,Multi Serve,NA,NA,NA,NA,NA,NA,NA,NA,NA,NA,NA,NA,NA,NA,NA,NA,NA,NA,NA,NA,NA,NA,NA,NA
0001674100063,0,0,1,Multi Serve,NA,NA,NA,NA,NA,NA,NA,NA,NA,NA,NA,NA,NA,NA,NA,NA,NA,NA,NA,NA,NA,NA,NA,NA
0007570619106,0,0,0,Multi Serve,NA,NA,NA,NA,NA,NA,NA,NA,NA,NA,NA,NA,NA,NA,NA,NA,NA,NA,NA,NA,NA,NA,NA,NA
0000203834958,0,0,0,Multi Serve,NA,NA,NA,NA,NA,NA,NA,NA,NA,NA,NA,NA,NA,NA,NA,NA,NA,NA,NA,NA,NA,NA,NA,NA
0007192189368,0,0,1,Multi Serve,NA,NA,NA,NA,NA,NA,NA,NA,NA,NA,NA,NA,NA,NA,NA,NA,NA,NA,NA,NA,NA,NA,NA,NA
0000006428377,0,0,0,Multi Serve,NA,NA,NA,NA,NA,NA,NA,NA,NA,NA,NA,NA,NA,NA,NA,NA,NA,NA,NA,NA,NA,NA,NA,NA
0085003994905,6270.324193,1119.144763,0,Multi Serve,NA,NA,NA,NA,NA,NA,NA,NA,NA,NA,NA,NA,NA,NA,NA,NA,NA,NA,NA,NA,NA,NA,NA,NA
0000625243118,8643063.595,2723718.371,0,Multi Serve,Non- Indulgent,Deluxe/Supreme,Deluxe/Supreme,Deluxe/Supreme/Meat Combo,Meat Combos,PL,PL,No Gluten Claim Present,Value,Regular Crust,15.8 Oz,Small (<=20 Oz),Conv Oven,Thick/Original,Regular Crust,1 Ct,Over Wrap,No Vegan Claim Present,No Natural Claim Present,No Gmo Claim Present,No Organic Claim Present,No Plant based claim,No Preservative-Free Claim Present,Non BFY
0088570981226,0,0,0,Multi Serve,NA,NA,NA,NA,NA,NA,NA,NA,NA,NA,NA,NA,NA,NA,NA,NA,NA,NA,NA,NA,NA,NA,NA,NA
0005833618007,341396.0997,58154.60951,0,Multi Serve,NA,NA,NA,NA,NA,NA,NA,NA,NA,NA,NA,NA,NA,NA,NA,NA,NA,NA,NA,NA,NA,NA,NA,NA
0007192190559,0,0,1,Multi Serve,NA,NA,NA,NA,NA,NA,NA,NA,NA,NA,NA,NA,NA,NA,NA,NA,NA,NA,NA,NA,NA,NA,NA,NA
0085264200608,364663.7579,53331.07014,0,Multi Serve,NA,NA,NA,NA,NA,NA,NA,NA,NA,NA,NA,NA,NA,NA,NA,NA,NA,NA,NA,NA,NA,NA,NA,NA
0068614804107,49018.36725,7559.336755,0,Multi Serve,NA,NA,NA,NA,NA,NA,NA,NA,NA,NA,NA,NA,NA,NA,NA,NA,NA,NA,NA,NA,NA,NA,NA,NA
0007192190926,14769909.38,2663660.808,1,Multi Serve,Non- Indulgent,Meat Combos,Others,Deluxe/Supreme/Meat Combo,Meat Combos,Non-Veg,Red Sauce,No Gluten Claim Present,Mid Tier,Thin,15 Oz,Small (<=20 Oz),Conv Oven,Thin,Regular Crust,1 Ct,Box,No Vegan Claim Present,No Natural Claim Present,No Gmo Claim Present,No Organic Claim Present,No Plant based claim,No Preservative-Free Claim Present,Non BFY
0000212316494,502364.2923,123672.622,0,Multi Serve,Non- Indulgent,Chicken,Others,Others,Chicken,PL,PL,No Gluten Claim Present,Value,Ao Crust,19.3 Oz,Small (<=20 Oz),Conv Oven,PL,PL,1 Ct,Box,No Vegan Claim Present,No Natural Claim Present,No Gmo Claim Present,No Organic Claim Present,No Plant based claim,No Preservative-Free Claim Present,Non BFY
0089784600222,34090.74411,4545.431832,0,Multi Serve,NA,NA,NA,NA,NA,NA,NA,NA,NA,NA,NA,NA,NA,NA,NA,NA,NA,NA,NA,NA,NA,NA,NA,NA
0007218063472,14.94,4.09125,0,Multi Serve,NA,NA,NA,NA,NA,NA,NA,NA,NA,NA,NA,NA,NA,NA,NA,NA,NA,NA,NA,NA,NA,NA,NA,NA
0007192133724,0,0,1,Multi Serve,NA,NA,NA,NA,NA,NA,NA,NA,NA,NA,NA,NA,NA,NA,NA,NA,NA,NA,NA,NA,NA,NA,NA,NA
0085164100313,0,0,0,Multi Serve,NA,NA,NA,NA,NA,NA,NA,NA,NA,NA,NA,NA,NA,NA,NA,NA,NA,NA,NA,NA,NA,NA,NA,NA
0087282400821,0,0,0,Multi Serve,NA,NA,NA,NA,NA,NA,NA,NA,NA,NA,NA,NA,NA,NA,NA,NA,NA,NA,NA,NA,NA,NA,NA,NA
0004219700305,0,0,0,Multi Serve,NA,NA,NA,NA,NA,NA,NA,NA,NA,NA,NA,NA,NA,NA,NA,NA,NA,NA,NA,NA,NA,NA,NA,NA
0086099700267,9801.014858,733.9401477,0,Multi Serve,NA,NA,NA,NA,NA,NA,NA,NA,NA,NA,NA,NA,NA,NA,NA,NA,NA,NA,NA,NA,NA,NA,NA,NA
0000016322902,183.12,57.6875,0,Multi Serve,NA,NA,NA,NA,NA,NA,NA,NA,NA,NA,NA,NA,NA,NA,NA,NA,NA,NA,NA,NA,NA,NA,NA,NA
0001299136201,0,0,0,Multi Serve,NA,NA,NA,NA,NA,NA,NA,NA,NA,NA,NA,NA,NA,NA,NA,NA,NA,NA,NA,NA,NA,NA,NA,NA
0000041161330,431825.3882,98815.65077,0,Multi Serve,NA,NA,NA,NA,NA,NA,NA,NA,NA,NA,NA,NA,NA,NA,NA,NA,NA,NA,NA,NA,NA,NA,NA,NA
0007192100004,0,0,1,Multi Serve,NA,NA,NA,NA,NA,NA,NA,NA,NA,NA,NA,NA,NA,NA,NA,NA,NA,NA,NA,NA,NA,NA,NA,NA
0067400700232,20199.99365,2270.449019,0,Multi Serve,NA,NA,NA,NA,NA,NA,NA,NA,NA,NA,NA,NA,NA,NA,NA,NA,NA,NA,NA,NA,NA,NA,NA,NA
0000330392646,150966.0806,30187.56605,0,Multi Serve,NA,NA,NA,NA,NA,NA,NA,NA,NA,NA,NA,NA,NA,NA,NA,NA,NA,NA,NA,NA,NA,NA,NA,NA
0008355408416,0,0,0,Multi Serve,NA,NA,NA,NA,NA,NA,NA,NA,NA,NA,NA,NA,NA,NA,NA,NA,NA,NA,NA,NA,NA,NA,NA,NA
0009350602909,19340.94603,2914.656836,0,Multi Serve,NA,NA,NA,NA,NA,NA,NA,NA,NA,NA,NA,NA,NA,NA,NA,NA,NA,NA,NA,NA,NA,NA,NA,NA
0085955300437,514317.1847,36585.85283,0,Multi Serve,NA,NA,NA,NA,NA,NA,NA,NA,NA,NA,NA,NA,NA,NA,NA,NA,NA,NA,NA,NA,NA,NA,NA,NA
0089928500015,0,0,0,Multi Serve,NA,NA,NA,NA,NA,NA,NA,NA,NA,NA,NA,NA,NA,NA,NA,NA,NA,NA,NA,NA,NA,NA,NA,NA
0064313040004,299872.1123,74033.93266,0,Multi Serve,NA,NA,NA,NA,NA,NA,NA,NA,NA,NA,NA,NA,NA,NA,NA,NA,NA,NA,NA,NA,NA,NA,NA,NA
0272110582700,0,0,0,Multi Serve,NA,NA,NA,NA,NA,NA,NA,NA,NA,NA,NA,NA,NA,NA,NA,NA,NA,NA,NA,NA,NA,NA,NA,NA
0000533145820,0,0,0,Multi Serve,NA,NA,NA,NA,NA,NA,NA,NA,NA,NA,NA,NA,NA,NA,NA,NA,NA,NA,NA,NA,NA,NA,NA,NA
0072180634733,233.4047626,34.85969475,0,Multi Serve,NA,NA,NA,NA,NA,NA,NA,NA,NA,NA,NA,NA,NA,NA,NA,NA,NA,NA,NA,NA,NA,NA,NA,NA
0079033460204,0,0,0,Multi Serve,NA,NA,NA,NA,NA,NA,NA,NA,NA,NA,NA,NA,NA,NA,NA,NA,NA,NA,NA,NA,NA,NA,NA,NA
0000000603663,0,0,0,Multi Serve,NA,NA,NA,NA,NA,NA,NA,NA,NA,NA,NA,NA,NA,NA,NA,NA,NA,NA,NA,NA,NA,NA,NA,NA
0000299011910,0,0,0,Multi Serve,NA,NA,NA,NA,NA,NA,NA,NA,NA,NA,NA,NA,NA,NA,NA,NA,NA,NA,NA,NA,NA,NA,NA,NA
0001813509001,152926.7428,20003.40298,0,Multi Serve,NA,NA,NA,NA,NA,NA,NA,NA,NA,NA,NA,NA,NA,NA,NA,NA,NA,NA,NA,NA,NA,NA,NA,NA
0007218073428,0,0,0,Multi Serve,NA,NA,NA,NA,NA,NA,NA,NA,NA,NA,NA,NA,NA,NA,NA,NA,NA,NA,NA,NA,NA,NA,NA,NA
0001161733730,833839.2042,208475.3606,0,Multi Serve,Non- Indulgent,Ao Topping,Others,Others,Ao Topping,PL,PL,No Gluten Claim Present,Value,Ao Crust,19.5 Oz,Small (<=20 Oz),Conv Oven,Thin,PL,1 Ct,Box,No Vegan Claim Present,No Natural Claim Present,No Gmo Claim Present,No Organic Claim Present,PL,No Preservative-Free Claim Present,Non BFY
0088850882007,0,0,0,Multi Serve,NA,NA,NA,NA,NA,NA,NA,NA,NA,NA,NA,NA,NA,NA,NA,NA,NA,NA,NA,NA,NA,NA,NA,NA
0506019864549,0,0,0,Multi Serve,NA,NA,NA,NA,NA,NA,NA,NA,NA,NA,NA,NA,NA,NA,NA,NA,NA,NA,NA,NA,NA,NA,NA,NA
0007570619104,2804595.855,537989.0226,0,Multi Serve,Non- Indulgent,Cheese/Plain,Others,Others,Cheese/Plain,Vegetarian,Red Sauce,No Gluten Claim Present,Mid Tier,Regular Crust,20.36 Oz,Medium (20-30 Oz),Conv Oven,Thick/Original,Regular Crust,1 Ct,Box,No Vegan Claim Present,No Natural Claim Present,No Gmo Claim Present,No Organic Claim Present,No Plant based claim,No Preservative-Free Claim Present,Non BFY
0001202972998,90089.5995,27278.499,0,Multi Serve,NA,NA,NA,NA,NA,NA,NA,NA,NA,NA,NA,NA,NA,NA,NA,NA,NA,NA,NA,NA,NA,NA,NA,NA
0801429430213,0,0,0,Multi Serve,NA,NA,NA,NA,NA,NA,NA,NA,NA,NA,NA,NA,NA,NA,NA,NA,NA,NA,NA,NA,NA,NA,NA,NA
0001202254249,15017.1334,2112.397077,0,Multi Serve,NA,NA,NA,NA,NA,NA,NA,NA,NA,NA,NA,NA,NA,NA,NA,NA,NA,NA,NA,NA,NA,NA,NA,NA
0073178913018,188.1267633,18.31044693,0,Multi Serve,NA,NA,NA,NA,NA,NA,NA,NA,NA,NA,NA,NA,NA,NA,NA,NA,NA,NA,NA,NA,NA,NA,NA,NA
0000942646211,24583758.43,8554163.552,0,Multi Serve,Non- Indulgent,Pepperoni,Others,Others,Pepperoni,Non-Veg,PL,No Gluten Claim Present,Value,Rising Crust,27.65 Oz,Medium (20-30 Oz),Conv Oven,Thick/Original,PL,1 Ct,Box,No Vegan Claim Present,No Natural Claim Present,No Gmo Claim Present,No Organic Claim Present,No Plant based claim,No Preservative-Free Claim Present,Non BFY
0001049811181,1000665.651,332515.0497,0,Multi Serve,NA,NA,NA,NA,NA,NA,NA,NA,NA,NA,NA,NA,NA,NA,NA,NA,NA,NA,NA,NA,NA,NA,NA,NA
0007192145399,82045.14025,21863.87939,1,Multi Serve,NA,NA,NA,NA,NA,NA,NA,NA,NA,NA,NA,NA,NA,NA,NA,NA,NA,NA,NA,NA,NA,NA,NA,NA
0073178981321,434074.0841,44608.1614,0,Multi Serve,NA,NA,NA,NA,NA,NA,NA,NA,NA,NA,NA,NA,NA,NA,NA,NA,NA,NA,NA,NA,NA,NA,NA,NA
0007570630322,0,0,0,Multi Serve,NA,NA,NA,NA,NA,NA,NA,NA,NA,NA,NA,NA,NA,NA,NA,NA,NA,NA,NA,NA,NA,NA,NA,NA
0065031187011,68819.579,5490.814315,0,Multi Serve,NA,NA,NA,NA,NA,NA,NA,NA,NA,NA,NA,NA,NA,NA,NA,NA,NA,NA,NA,NA,NA,NA,NA,NA
0009350602116,822.922401,123.5619221,0,Multi Serve,NA,NA,NA,NA,NA,NA,NA,NA,NA,NA,NA,NA,NA,NA,NA,NA,NA,NA,NA,NA,NA,NA,NA,NA
0071153550751,0,0,0,Multi Serve,NA,NA,NA,NA,NA,NA,NA,NA,NA,NA,NA,NA,NA,NA,NA,NA,NA,NA,NA,NA,NA,NA,NA,NA
0000029573350,42692.77584,12427.45323,0,Multi Serve,NA,NA,NA,NA,NA,NA,NA,NA,NA,NA,NA,NA,NA,NA,NA,NA,NA,NA,NA,NA,NA,NA,NA,NA
0005073210108,41391.473,8900.11604,0,Multi Serve,NA,NA,NA,NA,NA,NA,NA,NA,NA,NA,NA,NA,NA,NA,NA,NA,NA,NA,NA,NA,NA,NA,NA,NA
0000421849356,865092.7253,151392.9006,0,Multi Serve,Non- Indulgent,Ao Topping,Others,Others,Ao Topping,PL,PL,No Gluten Claim Present,Value,Wood Fired,15 Oz,Small (<=20 Oz),Conv Oven,PL,PL,1 Ct,Box,No Vegan Claim Present,No Natural Claim Present,No Gmo Claim Present,No Organic Claim Present,No Plant based claim,No Preservative-Free Claim Present,Non BFY
0086000162412,1644005.067,412812.4866,0,Multi Serve,Non- Indulgent,Meat Combos,Others,Deluxe/Supreme/Meat Combo,Meat Combos,Non-Veg,NA,No Gluten Claim Present,Mid Tier,Regular Crust,30.09 Oz,Large (>= 30 Oz),Conv Oven,Thin,NA,1 Ct,Box,No Vegan Claim Present,No Natural Claim Present,No Gmo Claim Present,No Organic Claim Present,No Plant based claim,No Preservative-Free Claim Present,Non BFY
0071006930127,10643.32947,1149.737304,0,Multi Serve,NA,NA,NA,NA,NA,NA,NA,NA,NA,NA,NA,NA,NA,NA,NA,NA,NA,NA,NA,NA,NA,NA,NA,NA
0000006408881,1166924.699,194007.4686,0,Multi Serve,NA,NA,NA,NA,NA,NA,NA,NA,NA,NA,NA,NA,NA,NA,NA,NA,NA,NA,NA,NA,NA,NA,NA,NA
0007570630778,6653923.851,1056409.228,0,Multi Serve,Indulgent,Cheese/Plain,Others,Others,Cheese/Plain,Vegetarian,Red Sauce,No Gluten Claim Present,Mid Tier,Stuffed Crust,22 Oz,Medium (20-30 Oz),Conv Oven,Thick/Original,Regular Crust,1 Ct,Box,No Vegan Claim Present,No Natural Claim Present,No Gmo Claim Present,No Organic Claim Present,No Plant based claim,No Preservative-Free Claim Present,Non BFY
0085264200612,416029.2161,59112.37253,0,Multi Serve,NA,NA,NA,NA,NA,NA,NA,NA,NA,NA,NA,NA,NA,NA,NA,NA,NA,NA,NA,NA,NA,NA,NA,NA
0003913116900,3527853.381,461519.6094,0,Multi Serve,Non- Indulgent,Vegetarian,Others,Others,Vegetarian,Vegetarian,Red Sauce,No Gluten Claim Present,Premium,Thin,12.76 Oz,Small (<=20 Oz),Conv Oven,Thin,Regular Crust,1 Ct,Box,No Vegan Claim Present,No Natural Claim Present,No Gmo Claim Present,No Organic Claim Present,No Plant based claim,No Preservative-Free Claim Present,Non BFY
0085001837002,51199.20966,6346.053738,0,Multi Serve,NA,NA,NA,NA,NA,NA,NA,NA,NA,NA,NA,NA,NA,NA,NA,NA,NA,NA,NA,NA,NA,NA,NA,NA
0000905215003,3810432.913,630449.9102,0,Multi Serve,Non- Indulgent,Vegetarian,Others,Others,Vegetarian,Vegetarian,PL,No Gluten Claim Present,Value,Regular Crust,18.2 Oz,Small (<=20 Oz),Conv Oven,Thick/Original,Regular Crust,1 Ct,Box,No Vegan Claim Present,No Natural Claim Present,No Gmo Claim Present,No Organic Claim Present,No Plant based claim,No Preservative-Free Claim Present,Non BFY
0000417235232,0,0,0,Multi Serve,NA,NA,NA,NA,NA,NA,NA,NA,NA,NA,NA,NA,NA,NA,NA,NA,NA,NA,NA,NA,NA,NA,NA,NA
0007538380210,0,0,0,Multi Serve,NA,NA,NA,NA,NA,NA,NA,NA,NA,NA,NA,NA,NA,NA,NA,NA,NA,NA,NA,NA,NA,NA,NA,NA
0001723256331,369029.9876,102681.2085,0,Multi Serve,NA,NA,NA,NA,NA,NA,NA,NA,NA,NA,NA,NA,NA,NA,NA,NA,NA,NA,NA,NA,NA,NA,NA,NA
0088570981230,0,0,0,Multi Serve,NA,NA,NA,NA,NA,NA,NA,NA,NA,NA,NA,NA,NA,NA,NA,NA,NA,NA,NA,NA,NA,NA,NA,NA
0001572189647,3757603.834,654659.9346,0,Multi Serve,Non- Indulgent,Vegetarian,Others,Others,Cheese/Plain,Vegetarian,PL,No Gluten Claim Present,Value,Regular Crust,19.2 Oz,Small (<=20 Oz),Conv Oven,Thick/Original,Regular Crust,1 Ct,Box,No Vegan Claim Present,No Natural Claim Present,No Gmo Claim Present,No Organic Claim Present,No Plant based claim,No Preservative-Free Claim Present,Non BFY
0000370982150,0,0,0,Multi Serve,NA,NA,NA,NA,NA,NA,NA,NA,NA,NA,NA,NA,NA,NA,NA,NA,NA,NA,NA,NA,NA,NA,NA,NA
0002066200529,0,0,0,Multi Serve,NA,NA,NA,NA,NA,NA,NA,NA,NA,NA,NA,NA,NA,NA,NA,NA,NA,NA,NA,NA,NA,NA,NA,NA
0000197173625,639948.9445,92519.96911,0,Multi Serve,NA,NA,NA,NA,NA,NA,NA,NA,NA,NA,NA,NA,NA,NA,NA,NA,NA,NA,NA,NA,NA,NA,NA,NA
0000592935749,0,0,0,Multi Serve,NA,NA,NA,NA,NA,NA,NA,NA,NA,NA,NA,NA,NA,NA,NA,NA,NA,NA,NA,NA,NA,NA,NA,NA
0085587300898,53.96259931,14.82360115,0,Multi Serve,NA,NA,NA,NA,NA,NA,NA,NA,NA,NA,NA,NA,NA,NA,NA,NA,NA,NA,NA,NA,NA,NA,NA,NA
0007660182917,31948.95659,6270.077708,0,Multi Serve,NA,NA,NA,NA,NA,NA,NA,NA,NA,NA,NA,NA,NA,NA,NA,NA,NA,NA,NA,NA,NA,NA,NA,NA
0085003702206,277.1763348,33.55211773,0,Multi Serve,NA,NA,NA,NA,NA,NA,NA,NA,NA,NA,NA,NA,NA,NA,NA,NA,NA,NA,NA,NA,NA,NA,NA,NA
0007570630810,1677.514966,561.7757099,0,Multi Serve,NA,NA,NA,NA,NA,NA,NA,NA,NA,NA,NA,NA,NA,NA,NA,NA,NA,NA,NA,NA,NA,NA,NA,NA
0000141373235,1878627.577,672009.1971,0,Multi Serve,Non- Indulgent,Meat Combos,Others,Deluxe/Supreme/Meat Combo,Meat Combos,Non-Veg,PL,No Gluten Claim Present,Value,Rising Crust,30.5 Oz,Large (>= 30 Oz),Conv Oven,Thick/Original,PL,1 Ct,Box,No Vegan Claim Present,No Natural Claim Present,No Gmo Claim Present,No Organic Claim Present,No Plant based claim,No Preservative-Free Claim Present,Non BFY
0009698800040,2440.992074,97.01815599,0,Multi Serve,NA,NA,NA,NA,NA,NA,NA,NA,NA,NA,NA,NA,NA,NA,NA,NA,NA,NA,NA,NA,NA,NA,NA,NA
0000327749640,137095.6581,22570.96898,0,Multi Serve,NA,NA,NA,NA,NA,NA,NA,NA,NA,NA,NA,NA,NA,NA,NA,NA,NA,NA,NA,NA,NA,NA,NA,NA
0004227200103,5448830.841,430537.9444,0,Multi Serve,Non- Indulgent,Vegetarian,Others,Others,Vegetarian,Vegetarian,NA,No Gluten Claim Present,Premium,Regular Crust,12 Oz,Small (<=20 Oz),Conv Oven,Thick/Original,NA,1 Ct,Box,Vegan Claim,No Natural Claim Present,Non-Gmo Claim,Certified Organic Claim,Plant-Based Protein Claim,No Preservative-Free Claim Present,BFY
0000532758264,0,0,0,Multi Serve,NA,NA,NA,NA,NA,NA,NA,NA,NA,NA,NA,NA,NA,NA,NA,NA,NA,NA,NA,NA,NA,NA,NA,NA
0005070600001,16493.31587,2580.305986,0,Multi Serve,NA,NA,NA,NA,NA,NA,NA,NA,NA,NA,NA,NA,NA,NA,NA,NA,NA,NA,NA,NA,NA,NA,NA,NA
0063759911115,36417.32624,8575.668556,0,Multi Serve,NA,NA,NA,NA,NA,NA,NA,NA,NA,NA,NA,NA,NA,NA,NA,NA,NA,NA,NA,NA,NA,NA,NA,NA
0085831600329,0,0,0,Multi Serve,NA,NA,NA,NA,NA,NA,NA,NA,NA,NA,NA,NA,NA,NA,NA,NA,NA,NA,NA,NA,NA,NA,NA,NA
0000098502393,50.38227533,12.0511013,0,Multi Serve,NA,NA,NA,NA,NA,NA,NA,NA,NA,NA,NA,NA,NA,NA,NA,NA,NA,NA,NA,NA,NA,NA,NA,NA
0000955380971,23023165.58,10142267.59,0,Multi Serve,Non- Indulgent,Pepperoni,Others,Others,Pepperoni,Non-Veg,PL,No Gluten Claim Present,Value,Rising Crust,90.03 Oz,Large (>= 30 Oz),Conv Oven,Thick/Original,PL,3 Ct,Bag In Box,No Vegan Claim Present,No Natural Claim Present,No Gmo Claim Present,No Organic Claim Present,No Plant based claim,No Preservative-Free Claim Present,Non BFY
0000188328341,13.9700389,2.250011265,0,Multi Serve,NA,NA,NA,NA,NA,NA,NA,NA,NA,NA,NA,NA,NA,NA,NA,NA,NA,NA,NA,NA,NA,NA,NA,NA
0085161400625,0,0,0,Multi Serve,NA,NA,NA,NA,NA,NA,NA,NA,NA,NA,NA,NA,NA,NA,NA,NA,NA,NA,NA,NA,NA,NA,NA,NA
0003870895137,0,0,0,Multi Serve,NA,NA,NA,NA,NA,NA,NA,NA,NA,NA,NA,NA,NA,NA,NA,NA,NA,NA,NA,NA,NA,NA,NA,NA
0007218074171,476252.8361,84628.21458,0,Multi Serve,NA,NA,NA,NA,NA,NA,NA,NA,NA,NA,NA,NA,NA,NA,NA,NA,NA,NA,NA,NA,NA,NA,NA,NA
0801429430192,0,0,0,Multi Serve,NA,NA,NA,NA,NA,NA,NA,NA,NA,NA,NA,NA,NA,NA,NA,NA,NA,NA,NA,NA,NA,NA,NA,NA
0001813524000,6498.074793,882.8905968,0,Multi Serve,NA,NA,NA,NA,NA,NA,NA,NA,NA,NA,NA,NA,NA,NA,NA,NA,NA,NA,NA,NA,NA,NA,NA,NA
0000855365428,10.14,5.7,0,Multi Serve,NA,NA,NA,NA,NA,NA,NA,NA,NA,NA,NA,NA,NA,NA,NA,NA,NA,NA,NA,NA,NA,NA,NA,NA
0001202973022,60693.06558,11098.52017,0,Multi Serve,NA,NA,NA,NA,NA,NA,NA,NA,NA,NA,NA,NA,NA,NA,NA,NA,NA,NA,NA,NA,NA,NA,NA,NA
0000194123847,0,0,0,Multi Serve,NA,NA,NA,NA,NA,NA,NA,NA,NA,NA,NA,NA,NA,NA,NA,NA,NA,NA,NA,NA,NA,NA,NA,NA
0081536901157,42237.69084,3833.091423,0,Multi Serve,NA,NA,NA,NA,NA,NA,NA,NA,NA,NA,NA,NA,NA,NA,NA,NA,NA,NA,NA,NA,NA,NA,NA,NA
0000441586415,0,0,0,Multi Serve,NA,NA,NA,NA,NA,NA,NA,NA,NA,NA,NA,NA,NA,NA,NA,NA,NA,NA,NA,NA,NA,NA,NA,NA
0000740153027,0,0,0,Multi Serve,NA,NA,NA,NA,NA,NA,NA,NA,NA,NA,NA,NA,NA,NA,NA,NA,NA,NA,NA,NA,NA,NA,NA,NA
0085264200632,31184.69788,3875.511754,0,Multi Serve,NA,NA,NA,NA,NA,NA,NA,NA,NA,NA,NA,NA,NA,NA,NA,NA,NA,NA,NA,NA,NA,NA,NA,NA
0004309856298,144683.0786,27464.5779,0,Multi Serve,NA,NA,NA,NA,NA,NA,NA,NA,NA,NA,NA,NA,NA,NA,NA,NA,NA,NA,NA,NA,NA,NA,NA,NA
0007192174639,0,0,1,Multi Serve,NA,NA,NA,NA,NA,NA,NA,NA,NA,NA,NA,NA,NA,NA,NA,NA,NA,NA,NA,NA,NA,NA,NA,NA
0003870895291,248330.0601,36125.69628,0,Multi Serve,NA,NA,NA,NA,NA,NA,NA,NA,NA,NA,NA,NA,NA,NA,NA,NA,NA,NA,NA,NA,NA,NA,NA,NA
0085003782605,0,0,0,Multi Serve,NA,NA,NA,NA,NA,NA,NA,NA,NA,NA,NA,NA,NA,NA,NA,NA,NA,NA,NA,NA,NA,NA,NA,NA
0000200498263,286692.4885,86919.90252,0,Multi Serve,NA,NA,NA,NA,NA,NA,NA,NA,NA,NA,NA,NA,NA,NA,NA,NA,NA,NA,NA,NA,NA,NA,NA,NA
0000029540641,1143556.726,375239.0092,0,Multi Serve,Non- Indulgent,Meat Combos,Others,Deluxe/Supreme/Meat Combo,Meat Combos,PL,PL,No Gluten Claim Present,Value,Rising Crust,31.3 Oz,Large (>= 30 Oz),Conv Oven,PL,PL,1 Ct,Box,No Vegan Claim Present,No Natural Claim Present,No Gmo Claim Present,No Organic Claim Present,No Plant based claim,No Preservative-Free Claim Present,Non BFY
0089257600175,1632.882159,453.4560486,0,Multi Serve,NA,NA,NA,NA,NA,NA,NA,NA,NA,NA,NA,NA,NA,NA,NA,NA,NA,NA,NA,NA,NA,NA,NA,NA
0085350700814,750.199048,78.90745483,0,Multi Serve,NA,NA,NA,NA,NA,NA,NA,NA,NA,NA,NA,NA,NA,NA,NA,NA,NA,NA,NA,NA,NA,NA,NA,NA
0003870895201,0,0,0,Multi Serve,NA,NA,NA,NA,NA,NA,NA,NA,NA,NA,NA,NA,NA,NA,NA,NA,NA,NA,NA,NA,NA,NA,NA,NA
0000922432538,500200.886,150086.8047,0,Multi Serve,NA,NA,NA,NA,NA,NA,NA,NA,NA,NA,NA,NA,NA,NA,NA,NA,NA,NA,NA,NA,NA,NA,NA,NA
0007192142275,0,0,1,Multi Serve,NA,NA,NA,NA,NA,NA,NA,NA,NA,NA,NA,NA,NA,NA,NA,NA,NA,NA,NA,NA,NA,NA,NA,NA
0004219700334,2398295.968,573721.5553,0,Multi Serve,Indulgent,Mexican,Others,Others,Mexican,Non-Veg,Red Sauce,No Gluten Claim Present,Mid Tier,Regular Crust,25.5 Oz,Medium (20-30 Oz),Conv Oven,Thick/Original,Regular Crust,1 Ct,Over Wrap,No Vegan Claim Present,No Natural Claim Present,No Gmo Claim Present,No Organic Claim Present,No Plant based claim,No Preservative-Free Claim Present,Non BFY
0086340400026,4506.702729,851.5685811,0,Multi Serve,NA,NA,NA,NA,NA,NA,NA,NA,NA,NA,NA,NA,NA,NA,NA,NA,NA,NA,NA,NA,NA,NA,NA,NA
0008805755847,0,0,0,Multi Serve,NA,NA,NA,NA,NA,NA,NA,NA,NA,NA,NA,NA,NA,NA,NA,NA,NA,NA,NA,NA,NA,NA,NA,NA
0062845168488,203696.2383,15774.48326,0,Multi Serve,NA,NA,NA,NA,NA,NA,NA,NA,NA,NA,NA,NA,NA,NA,NA,NA,NA,NA,NA,NA,NA,NA,NA,NA
0087145900204,128176.3874,11943.30713,0,Multi Serve,NA,NA,NA,NA,NA,NA,NA,NA,NA,NA,NA,NA,NA,NA,NA,NA,NA,NA,NA,NA,NA,NA,NA,NA
0004309820164,2490.016821,514.933349,0,Multi Serve,NA,NA,NA,NA,NA,NA,NA,NA,NA,NA,NA,NA,NA,NA,NA,NA,NA,NA,NA,NA,NA,NA,NA,NA
0007660162917,38728.84618,7028.885359,0,Multi Serve,NA,NA,NA,NA,NA,NA,NA,NA,NA,NA,NA,NA,NA,NA,NA,NA,NA,NA,NA,NA,NA,NA,NA,NA
0089245300116,3490347.103,413310.3309,0,Multi Serve,Non- Indulgent,Pepperoni,Others,Others,Pepperoni,Non-Veg,Red Sauce,Gluten Free Claim,Premium,Regular Crust,24 Oz,Medium (20-30 Oz),Conv Oven,Thick/Original,Healthy,1 Ct,Box,No Vegan Claim Present,No Natural Claim Present,No Gmo Claim Present,No Organic Claim Present,No Plant based claim,No Preservative-Free Claim Present,BFY
0085264200622,0,0,0,Multi Serve,NA,NA,NA,NA,NA,NA,NA,NA,NA,NA,NA,NA,NA,NA,NA,NA,NA,NA,NA,NA,NA,NA,NA,NA
0000480563398,6186236.992,2855771.414,0,Multi Serve,Non- Indulgent,Deluxe/Supreme,Deluxe/Supreme,Deluxe/Supreme/Meat Combo,Meat Combos,PL,PL,No Gluten Claim Present,Value,Rising Crust,33.5 Oz,Large (>= 30 Oz),Conv Oven,Thick/Original,PL,1 Ct,Box,No Vegan Claim Present,No Natural Claim Present,No Gmo Claim Present,No Organic Claim Present,No Plant based claim,No Preservative-Free Claim Present,Non BFY
0002038392185,0,0,0,Multi Serve,NA,NA,NA,NA,NA,NA,NA,NA,NA,NA,NA,NA,NA,NA,NA,NA,NA,NA,NA,NA,NA,NA,NA,NA
0004219700406,240488.7971,34413.29542,0,Multi Serve,NA,NA,NA,NA,NA,NA,NA,NA,NA,NA,NA,NA,NA,NA,NA,NA,NA,NA,NA,NA,NA,NA,NA,NA
0002870445800,399446.6955,77831.18652,0,Multi Serve,NA,NA,NA,NA,NA,NA,NA,NA,NA,NA,NA,NA,NA,NA,NA,NA,NA,NA,NA,NA,NA,NA,NA,NA
0009194596851,415496.8026,73919.78161,0,Multi Serve,NA,NA,NA,NA,NA,NA,NA,NA,NA,NA,NA,NA,NA,NA,NA,NA,NA,NA,NA,NA,NA,NA,NA,NA
0001202255526,78855.37299,13957.62969,0,Multi Serve,NA,NA,NA,NA,NA,NA,NA,NA,NA,NA,NA,NA,NA,NA,NA,NA,NA,NA,NA,NA,NA,NA,NA,NA
0078339000026,20815.96388,3102.842131,0,Multi Serve,NA,NA,NA,NA,NA,NA,NA,NA,NA,NA,NA,NA,NA,NA,NA,NA,NA,NA,NA,NA,NA,NA,NA,NA
0082900600004,399634.178,67174.33449,0,Multi Serve,NA,NA,NA,NA,NA,NA,NA,NA,NA,NA,NA,NA,NA,NA,NA,NA,NA,NA,NA,NA,NA,NA,NA,NA
0000141373099,1178705.061,239100.0883,0,Multi Serve,Non- Indulgent,Chicken,Others,Others,Chicken,PL,PL,No Gluten Claim Present,Value,Hand Tossed/Pizzeria Style,17.95 Oz,Small (<=20 Oz),Conv Oven,PL,PL,1 Ct,Box,No Vegan Claim Present,No Natural Claim Present,No Gmo Claim Present,No Organic Claim Present,No Plant based claim,No Preservative-Free Claim Present,Non BFY
0002100007390,0,0,0,Multi Serve,NA,NA,NA,NA,NA,NA,NA,NA,NA,NA,NA,NA,NA,NA,NA,NA,NA,NA,NA,NA,NA,NA,NA,NA
0001101636738,558.0941958,147.5067011,0,Multi Serve,NA,NA,NA,NA,NA,NA,NA,NA,NA,NA,NA,NA,NA,NA,NA,NA,NA,NA,NA,NA,NA,NA,NA,NA
0007192100339,23187.78952,4090.702325,1,Multi Serve,NA,NA,NA,NA,NA,NA,NA,NA,NA,NA,NA,NA,NA,NA,NA,NA,NA,NA,NA,NA,NA,NA,NA,NA
0007465318615,8.236286842,1.600474274,1,Multi Serve,NA,NA,NA,NA,NA,NA,NA,NA,NA,NA,NA,NA,NA,NA,NA,NA,NA,NA,NA,NA,NA,NA,NA,NA
0000563887103,0,0,0,Multi Serve,NA,NA,NA,NA,NA,NA,NA,NA,NA,NA,NA,NA,NA,NA,NA,NA,NA,NA,NA,NA,NA,NA,NA,NA
0083427300982,65115.4311,13889.96659,0,Multi Serve,NA,NA,NA,NA,NA,NA,NA,NA,NA,NA,NA,NA,NA,NA,NA,NA,NA,NA,NA,NA,NA,NA,NA,NA
0080679562204,343004.3718,68481.61251,0,Multi Serve,NA,NA,NA,NA,NA,NA,NA,NA,NA,NA,NA,NA,NA,NA,NA,NA,NA,NA,NA,NA,NA,NA,NA,NA
0007465384215,514459.9683,70362.74305,1,Multi Serve,NA,NA,NA,NA,NA,NA,NA,NA,NA,NA,NA,NA,NA,NA,NA,NA,NA,NA,NA,NA,NA,NA,NA,NA
0085001837010,0,0,0,Multi Serve,NA,NA,NA,NA,NA,NA,NA,NA,NA,NA,NA,NA,NA,NA,NA,NA,NA,NA,NA,NA,NA,NA,NA,NA
0074747930033,2028601.049,252442.8971,0,Multi Serve,Non- Indulgent,Deluxe/Supreme,Deluxe/Supreme,Deluxe/Supreme/Meat Combo,Meat Combos,Non-Veg,NA,No Gluten Claim Present,Premium,Wood Fired,21.6 Oz,Medium (20-30 Oz),Conv Oven,Thick/Original,NA,1 Ct,Box,No Vegan Claim Present,No Natural Claim Present,No Gmo Claim Present,No Organic Claim Present,No Plant based claim,No Preservative-Free Claim Present,Non BFY
0001813512001,13251.81329,2679.840908,0,Multi Serve,NA,NA,NA,NA,NA,NA,NA,NA,NA,NA,NA,NA,NA,NA,NA,NA,NA,NA,NA,NA,NA,NA,NA,NA
0270070883232,0,0,1,Multi Serve,NA,NA,NA,NA,NA,NA,NA,NA,NA,NA,NA,NA,NA,NA,NA,NA,NA,NA,NA,NA,NA,NA,NA,NA
0002066200598,33064.43795,3524.269835,0,Multi Serve,NA,NA,NA,NA,NA,NA,NA,NA,NA,NA,NA,NA,NA,NA,NA,NA,NA,NA,NA,NA,NA,NA,NA,NA
0000615181942,0,0,0,Multi Serve,NA,NA,NA,NA,NA,NA,NA,NA,NA,NA,NA,NA,NA,NA,NA,NA,NA,NA,NA,NA,NA,NA,NA,NA
0007192161572,598048.0314,115204.1658,1,Multi Serve,Non- Indulgent,Ao Topping,Others,Others,Ao Topping,Non-Veg,Red Sauce,No Gluten Claim Present,Value,Ao Crust,18.1 Oz,Small (<=20 Oz),Conv Oven,Thick/Original,NA,1 Ct,Box,No Vegan Claim Present,No Natural Claim Present,No Gmo Claim Present,No Organic Claim Present,No Plant based claim,No Preservative-Free Claim Present,Non BFY
0007218056612,2050.682575,370.9506493,0,Multi Serve,NA,NA,NA,NA,NA,NA,NA,NA,NA,NA,NA,NA,NA,NA,NA,NA,NA,NA,NA,NA,NA,NA,NA,NA
0087145900152,7735850.342,1039265.639,0,Multi Serve,Non- Indulgent,Vegetarian,Others,Others,Vegetarian,Vegetarian,Red Sauce,Gluten Free Claim,Premium,Regular Crust,17.4 Oz,Small (<=20 Oz),Conv Oven,Thick/Original,Healthy,1 Ct,Box,Vegan Claim,No Natural Claim Present,No Gmo Claim Present,No Organic Claim Present,Plant-Based Protein Claim,No Preservative-Free Claim Present,BFY
0000138326088,0,0,0,Multi Serve,NA,NA,NA,NA,NA,NA,NA,NA,NA,NA,NA,NA,NA,NA,NA,NA,NA,NA,NA,NA,NA,NA,NA,NA
0007192101878,0,0,1,Multi Serve,NA,NA,NA,NA,NA,NA,NA,NA,NA,NA,NA,NA,NA,NA,NA,NA,NA,NA,NA,NA,NA,NA,NA,NA
0000928674424,4969611.378,1132274.747,0,Multi Serve,Non- Indulgent,Chicken,Others,Others,Chicken,Non-Veg,PL,No Gluten Claim Present,Value,Thin,18.1 Oz,Small (<=20 Oz),Conv Oven,Thin,PL,1 Ct,Box,No Vegan Claim Present,No Natural Claim Present,No Gmo Claim Present,No Organic Claim Present,No Plant based claim,No Preservative-Free Claim Present,Non BFY
0007218063874,1232159.057,265150.6668,0,Multi Serve,Non- Indulgent,Cheese/Plain,Others,Others,Cheese/Plain,Vegetarian,Red Sauce,No Gluten Claim Present,Mid Tier,Regular Crust,17.65 Oz,Small (<=20 Oz),Conv Oven,Thick/Original,Regular Crust,1 Ct,Box,No Vegan Claim Present,No Natural Claim Present,No Gmo Claim Present,No Organic Claim Present,No Plant based claim,No Preservative-Free Claim Present,Non BFY
0000135990718,27939.92194,2829.336575,0,Multi Serve,NA,NA,NA,NA,NA,NA,NA,NA,NA,NA,NA,NA,NA,NA,NA,NA,NA,NA,NA,NA,NA,NA,NA,NA
0000594672464,49.40619716,23.0127104,0,Multi Serve,NA,NA,NA,NA,NA,NA,NA,NA,NA,NA,NA,NA,NA,NA,NA,NA,NA,NA,NA,NA,NA,NA,NA,NA
0085922500301,0,0,0,Multi Serve,NA,NA,NA,NA,NA,NA,NA,NA,NA,NA,NA,NA,NA,NA,NA,NA,NA,NA,NA,NA,NA,NA,NA,NA
0000134055255,0,0,0,Multi Serve,NA,NA,NA,NA,NA,NA,NA,NA,NA,NA,NA,NA,NA,NA,NA,NA,NA,NA,NA,NA,NA,NA,NA,NA
0001477700495,69328.12628,21633.53502,0,Multi Serve,NA,NA,NA,NA,NA,NA,NA,NA,NA,NA,NA,NA,NA,NA,NA,NA,NA,NA,NA,NA,NA,NA,NA,NA
0000015288986,373289.217,151017.8336,0,Multi Serve,NA,NA,NA,NA,NA,NA,NA,NA,NA,NA,NA,NA,NA,NA,NA,NA,NA,NA,NA,NA,NA,NA,NA,NA
0000577000026,2554.049728,159.8500934,0,Multi Serve,NA,NA,NA,NA,NA,NA,NA,NA,NA,NA,NA,NA,NA,NA,NA,NA,NA,NA,NA,NA,NA,NA,NA,NA
0089784600282,0,0,0,Multi Serve,NA,NA,NA,NA,NA,NA,NA,NA,NA,NA,NA,NA,NA,NA,NA,NA,NA,NA,NA,NA,NA,NA,NA,NA
0007192193581,0,0,1,Multi Serve,NA,NA,NA,NA,NA,NA,NA,NA,NA,NA,NA,NA,NA,NA,NA,NA,NA,NA,NA,NA,NA,NA,NA,NA
0083041500938,0,0,0,Multi Serve,NA,NA,NA,NA,NA,NA,NA,NA,NA,NA,NA,NA,NA,NA,NA,NA,NA,NA,NA,NA,NA,NA,NA,NA
0000053704119,0,0,0,Multi Serve,NA,NA,NA,NA,NA,NA,NA,NA,NA,NA,NA,NA,NA,NA,NA,NA,NA,NA,NA,NA,NA,NA,NA,NA
0002660512003,0,0,0,Multi Serve,NA,NA,NA,NA,NA,NA,NA,NA,NA,NA,NA,NA,NA,NA,NA,NA,NA,NA,NA,NA,NA,NA,NA,NA
0000922359328,853630.3745,105105.4787,0,Multi Serve,NA,NA,NA,NA,NA,NA,NA,NA,NA,NA,NA,NA,NA,NA,NA,NA,NA,NA,NA,NA,NA,NA,NA,NA
0007218063810,68463912.84,16303794.69,0,Multi Serve,Non- Indulgent,Cheese/Plain,Others,Others,Cheese/Plain,Vegetarian,Red Sauce,No Gluten Claim Present,Value,Wood Fired,17.82 Oz,Small (<=20 Oz),Conv Oven,Thick/Original,Regular Crust,1 Ct,Box,No Vegan Claim Present,No Natural Claim Present,No Gmo Claim Present,No Organic Claim Present,No Plant based claim,No Preservative-Free Claim Present,Non BFY
0002228132103,78162.56219,13161.67994,0,Multi Serve,NA,NA,NA,NA,NA,NA,NA,NA,NA,NA,NA,NA,NA,NA,NA,NA,NA,NA,NA,NA,NA,NA,NA,NA
0007465339393,62288988.83,15170850.79,1,Multi Serve,Non- Indulgent,Meat Combos,Others,Deluxe/Supreme/Meat Combo,Meat Combos,Non-Veg,Red Sauce,No Gluten Claim Present,Value,Regular Crust,15 Oz,Small (<=20 Oz),Conv Oven,Thick/Original,Regular Crust,1 Ct,Over Wrap,No Vegan Claim Present,No Natural Claim Present,No Gmo Claim Present,No Organic Claim Present,No Plant based claim,No Preservative-Free Claim Present,Non BFY
0082623400005,0,0,0,Multi Serve,NA,NA,NA,NA,NA,NA,NA,NA,NA,NA,NA,NA,NA,NA,NA,NA,NA,NA,NA,NA,NA,NA,NA,NA
0089928500013,0,0,0,Multi Serve,NA,NA,NA,NA,NA,NA,NA,NA,NA,NA,NA,NA,NA,NA,NA,NA,NA,NA,NA,NA,NA,NA,NA,NA
0000093856741,0,0,0,Multi Serve,NA,NA,NA,NA,NA,NA,NA,NA,NA,NA,NA,NA,NA,NA,NA,NA,NA,NA,NA,NA,NA,NA,NA,NA
0003870894908,59918.42728,11760.29134,0,Multi Serve,NA,NA,NA,NA,NA,NA,NA,NA,NA,NA,NA,NA,NA,NA,NA,NA,NA,NA,NA,NA,NA,NA,NA,NA
0085692100603,350526.2214,60944.96467,0,Multi Serve,NA,NA,NA,NA,NA,NA,NA,NA,NA,NA,NA,NA,NA,NA,NA,NA,NA,NA,NA,NA,NA,NA,NA,NA
0000445817084,0,0,0,Multi Serve,NA,NA,NA,NA,NA,NA,NA,NA,NA,NA,NA,NA,NA,NA,NA,NA,NA,NA,NA,NA,NA,NA,NA,NA
0009350602115,5420.350536,736.9161212,0,Multi Serve,NA,NA,NA,NA,NA,NA,NA,NA,NA,NA,NA,NA,NA,NA,NA,NA,NA,NA,NA,NA,NA,NA,NA,NA
0000350384259,0,0,0,Multi Serve,NA,NA,NA,NA,NA,NA,NA,NA,NA,NA,NA,NA,NA,NA,NA,NA,NA,NA,NA,NA,NA,NA,NA,NA
0007192156768,1925.911404,240.2641296,1,Multi Serve,NA,NA,NA,NA,NA,NA,NA,NA,NA,NA,NA,NA,NA,NA,NA,NA,NA,NA,NA,NA,NA,NA,NA,NA
0068946613211,3712.251288,614.9412303,0,Multi Serve,NA,NA,NA,NA,NA,NA,NA,NA,NA,NA,NA,NA,NA,NA,NA,NA,NA,NA,NA,NA,NA,NA,NA,NA
0000678304340,0,0,0,Multi Serve,NA,NA,NA,NA,NA,NA,NA,NA,NA,NA,NA,NA,NA,NA,NA,NA,NA,NA,NA,NA,NA,NA,NA,NA
0007192158570,0,0,1,Multi Serve,NA,NA,NA,NA,NA,NA,NA,NA,NA,NA,NA,NA,NA,NA,NA,NA,NA,NA,NA,NA,NA,NA,NA,NA
0007192100006,20.75595173,5.6709521,1,Multi Serve,NA,NA,NA,NA,NA,NA,NA,NA,NA,NA,NA,NA,NA,NA,NA,NA,NA,NA,NA,NA,NA,NA,NA,NA
0000458578498,428058.7766,92075.55529,0,Multi Serve,Non- Indulgent,Ao Topping,Others,Others,Ao Topping,PL,PL,No Gluten Claim Present,Value,Regular Crust,14.8 Oz,Small (<=20 Oz),Conv Oven,PL,PL,1 Ct,Box,No Vegan Claim Present,No Natural Claim Present,No Gmo Claim Present,No Organic Claim Present,No Plant based claim,No Preservative-Free Claim Present,Non BFY
0085356000303,754.858061,157.3587148,0,Multi Serve,NA,NA,NA,NA,NA,NA,NA,NA,NA,NA,NA,NA,NA,NA,NA,NA,NA,NA,NA,NA,NA,NA,NA,NA
0083041500905,0,0,0,Multi Serve,NA,NA,NA,NA,NA,NA,NA,NA,NA,NA,NA,NA,NA,NA,NA,NA,NA,NA,NA,NA,NA,NA,NA,NA
0000195110845,0,0,0,Multi Serve,NA,NA,NA,NA,NA,NA,NA,NA,NA,NA,NA,NA,NA,NA,NA,NA,NA,NA,NA,NA,NA,NA,NA,NA
0007986100711,14616.97967,2947.088521,0,Multi Serve,NA,NA,NA,NA,NA,NA,NA,NA,NA,NA,NA,NA,NA,NA,NA,NA,NA,NA,NA,NA,NA,NA,NA,NA
0000017016497,5495.63618,546.8142982,0,Multi Serve,NA,NA,NA,NA,NA,NA,NA,NA,NA,NA,NA,NA,NA,NA,NA,NA,NA,NA,NA,NA,NA,NA,NA,NA
0000880229046,1886073.162,327111.0749,0,Multi Serve,NA,NA,NA,NA,NA,NA,NA,NA,NA,NA,NA,NA,NA,NA,NA,NA,NA,NA,NA,NA,NA,NA,NA,NA
0000703859093,0,0,0,Multi Serve,NA,NA,NA,NA,NA,NA,NA,NA,NA,NA,NA,NA,NA,NA,NA,NA,NA,NA,NA,NA,NA,NA,NA,NA
0001180836299,483089.8256,56166.19418,0,Multi Serve,Non- Indulgent,Cheese/Plain,Others,Others,Cheese/Plain,PL,PL,No Gluten Claim Present,Premium,Ao Crust,13.75 Oz,Small (<=20 Oz),Conv Oven,PL,PL,1 Ct,Box,No Vegan Claim Present,No Natural Claim Present,No Gmo Claim Present,No Organic Claim Present,PL,No Preservative-Free Claim Present,Non BFY
0007218063473,192338957,51281202.87,0,Multi Serve,Non- Indulgent,Pepperoni,Others,Others,Pepperoni,Non-Veg,Red Sauce,No Gluten Claim Present,Value,Regular Crust,20.6 Oz,Medium (20-30 Oz),Conv Oven,Thick/Original,Regular Crust,1 Ct,Box,No Vegan Claim Present,No Natural Claim Present,No Gmo Claim Present,No Organic Claim Present,No Plant based claim,No Preservative-Free Claim Present,Non BFY
0085763000315,88658.83299,17264.73808,0,Multi Serve,NA,NA,NA,NA,NA,NA,NA,NA,NA,NA,NA,NA,NA,NA,NA,NA,NA,NA,NA,NA,NA,NA,NA,NA
0000855730325,0,0,0,Multi Serve,NA,NA,NA,NA,NA,NA,NA,NA,NA,NA,NA,NA,NA,NA,NA,NA,NA,NA,NA,NA,NA,NA,NA,NA
0000412375253,0,0,0,Multi Serve,NA,NA,NA,NA,NA,NA,NA,NA,NA,NA,NA,NA,NA,NA,NA,NA,NA,NA,NA,NA,NA,NA,NA,NA
0000904177642,0,0,0,Multi Serve,Non- Indulgent,Meat Combos,Others,Deluxe/Supreme/Meat Combo,Meat Combos,PL,PL,No Gluten Claim Present,Value,Rising Crust,30.5 Oz,Large (>= 30 Oz),Conv Oven,PL,PL,1 Ct,Box,No Vegan Claim Present,No Natural Claim Present,No Gmo Claim Present,No Organic Claim Present,No Plant based claim,No Preservative-Free Claim Present,Non BFY
0004023219241,0,0,0,Multi Serve,NA,NA,NA,NA,NA,NA,NA,NA,NA,NA,NA,NA,NA,NA,NA,NA,NA,NA,NA,NA,NA,NA,NA,NA
0000370858327,0,0,0,Multi Serve,NA,NA,NA,NA,NA,NA,NA,NA,NA,NA,NA,NA,NA,NA,NA,NA,NA,NA,NA,NA,NA,NA,NA,NA
0007192135468,0,0,1,Multi Serve,NA,NA,NA,NA,NA,NA,NA,NA,NA,NA,NA,NA,NA,NA,NA,NA,NA,NA,NA,NA,NA,NA,NA,NA
0061290009910,0,0,0,Multi Serve,NA,NA,NA,NA,NA,NA,NA,NA,NA,NA,NA,NA,NA,NA,NA,NA,NA,NA,NA,NA,NA,NA,NA,NA
0000010344552,210309.0725,27626.49923,0,Multi Serve,NA,NA,NA,NA,NA,NA,NA,NA,NA,NA,NA,NA,NA,NA,NA,NA,NA,NA,NA,NA,NA,NA,NA,NA
0000013915177,35746.82339,4478.838199,0,Multi Serve,NA,NA,NA,NA,NA,NA,NA,NA,NA,NA,NA,NA,NA,NA,NA,NA,NA,NA,NA,NA,NA,NA,NA,NA
0000037373008,1011822.354,129244.499,0,Multi Serve,NA,NA,NA,NA,NA,NA,NA,NA,NA,NA,NA,NA,NA,NA,NA,NA,NA,NA,NA,NA,NA,NA,NA,NA
0064313030921,254359.64,62967.73591,0,Multi Serve,NA,NA,NA,NA,NA,NA,NA,NA,NA,NA,NA,NA,NA,NA,NA,NA,NA,NA,NA,NA,NA,NA,NA,NA
0085356000304,1122.089357,283.1781569,0,Multi Serve,NA,NA,NA,NA,NA,NA,NA,NA,NA,NA,NA,NA,NA,NA,NA,NA,NA,NA,NA,NA,NA,NA,NA,NA
0001201698245,71052.5087,22610.10519,0,Multi Serve,NA,NA,NA,NA,NA,NA,NA,NA,NA,NA,NA,NA,NA,NA,NA,NA,NA,NA,NA,NA,NA,NA,NA,NA
0004219700385,1282400.615,248824.4758,0,Multi Serve,NA,NA,NA,NA,NA,NA,NA,NA,NA,NA,NA,NA,NA,NA,NA,NA,NA,NA,NA,NA,NA,NA,NA,NA
0000394439234,0,0,0,Multi Serve,NA,NA,NA,NA,NA,NA,NA,NA,NA,NA,NA,NA,NA,NA,NA,NA,NA,NA,NA,NA,NA,NA,NA,NA
0063759910008,390198.7111,53753.17697,0,Multi Serve,NA,NA,NA,NA,NA,NA,NA,NA,NA,NA,NA,NA,NA,NA,NA,NA,NA,NA,NA,NA,NA,NA,NA,NA
0000327754178,111827.6202,15721.62227,0,Multi Serve,NA,NA,NA,NA,NA,NA,NA,NA,NA,NA,NA,NA,NA,NA,NA,NA,NA,NA,NA,NA,NA,NA,NA,NA
0085592200627,0,0,0,Multi Serve,NA,NA,NA,NA,NA,NA,NA,NA,NA,NA,NA,NA,NA,NA,NA,NA,NA,NA,NA,NA,NA,NA,NA,NA
0071153550750,0,0,0,Multi Serve,NA,NA,NA,NA,NA,NA,NA,NA,NA,NA,NA,NA,NA,NA,NA,NA,NA,NA,NA,NA,NA,NA,NA,NA
0000217066099,0,0,0,Multi Serve,NA,NA,NA,NA,NA,NA,NA,NA,NA,NA,NA,NA,NA,NA,NA,NA,NA,NA,NA,NA,NA,NA,NA,NA
0001049325113,1158928.64,193078.7585,0,Multi Serve,NA,NA,NA,NA,NA,NA,NA,NA,NA,NA,NA,NA,NA,NA,NA,NA,NA,NA,NA,NA,NA,NA,NA,NA
0007864240005,0,0,0,Multi Serve,NA,NA,NA,NA,NA,NA,NA,NA,NA,NA,NA,NA,NA,NA,NA,NA,NA,NA,NA,NA,NA,NA,NA,NA
0000079145662,0,0,0,Multi Serve,NA,NA,NA,NA,NA,NA,NA,NA,NA,NA,NA,NA,NA,NA,NA,NA,NA,NA,NA,NA,NA,NA,NA,NA
0074747930038,983662.0317,135839.8366,0,Multi Serve,Non- Indulgent,Sausage,Others,Others,Sausage,Non-Veg,NA,No Gluten Claim Present,Premium,Wood Fired,21.2 Oz,Medium (20-30 Oz),Conv Oven,Thick/Original,NA,1 Ct,Box,No Vegan Claim Present,No Natural Claim Present,No Gmo Claim Present,No Organic Claim Present,No Plant based claim,No Preservative-Free Claim Present,Non BFY
0000043346970,268982.5304,93846.67548,0,Multi Serve,NA,NA,NA,NA,NA,NA,NA,NA,NA,NA,NA,NA,NA,NA,NA,NA,NA,NA,NA,NA,NA,NA,NA,NA
0000702665712,207.48,53.625,0,Multi Serve,NA,NA,NA,NA,NA,NA,NA,NA,NA,NA,NA,NA,NA,NA,NA,NA,NA,NA,NA,NA,NA,NA,NA,NA
0019764420690,0,0,0,Multi Serve,NA,NA,NA,NA,NA,NA,NA,NA,NA,NA,NA,NA,NA,NA,NA,NA,NA,NA,NA,NA,NA,NA,NA,NA
0003120505102,292699.7276,84303.49492,0,Multi Serve,NA,NA,NA,NA,NA,NA,NA,NA,NA,NA,NA,NA,NA,NA,NA,NA,NA,NA,NA,NA,NA,NA,NA,NA
0000970569339,332347.1864,79257.67449,0,Multi Serve,NA,NA,NA,NA,NA,NA,NA,NA,NA,NA,NA,NA,NA,NA,NA,NA,NA,NA,NA,NA,NA,NA,NA,NA
0000589671565,102711.8639,12794.89709,0,Multi Serve,NA,NA,NA,NA,NA,NA,NA,NA,NA,NA,NA,NA,NA,NA,NA,NA,NA,NA,NA,NA,NA,NA,NA,NA
0000480563408,4230697.219,679881.9915,0,Multi Serve,Non- Indulgent,Cheese/Plain,Others,Others,Cheese/Plain,Vegetarian,PL,No Gluten Claim Present,Value,Thin,12 Oz,Small (<=20 Oz),Conv Oven,Thin,PL,1 Ct,Box,No Vegan Claim Present,No Natural Claim Present,No Gmo Claim Present,No Organic Claim Present,No Plant based claim,No Preservative-Free Claim Present,Non BFY
0000006084254,0,0,0,Multi Serve,NA,NA,NA,NA,NA,NA,NA,NA,NA,NA,NA,NA,NA,NA,NA,NA,NA,NA,NA,NA,NA,NA,NA,NA
0000925141206,2473095.309,341275.0342,0,Multi Serve,Non- Indulgent,Uncured Pepperoni,Others,Others,Ao Topping,Non-Veg,PL,Gluten Free Claim,Premium,Thin,17.75 Oz,Small (<=20 Oz),Conv Oven,Thin,PL,1 Ct,Box,No Vegan Claim Present,No Natural Claim Present,No Gmo Claim Present,No Organic Claim Present,No Plant based claim,No Preservative-Free Claim Present,BFY
0000020182051,3607204.244,586753.269,0,Multi Serve,Non- Indulgent,Cheese/Plain,Others,Others,Cheese/Plain,Vegetarian,PL,No Gluten Claim Present,Value,Wood Fired,17.5 Oz,Small (<=20 Oz),Conv Oven,PL,PL,1 Ct,Box,No Vegan Claim Present,No Natural Claim Present,No Gmo Claim Present,No Organic Claim Present,No Plant based claim,Preservative-Free Claim,BFY
0000385793049,0,0,0,Multi Serve,Non- Indulgent,Ao Topping,Others,Others,Ao Topping,PL,PL,No Gluten Claim Present,Premium,Regular Crust,10 Oz,Small (<=20 Oz),Mw Or Conv Oven,Thick/Original,Regular Crust,1 Ct,Box,No Vegan Claim Present,No Natural Claim Present,No Gmo Claim Present,No Organic Claim Present,No Plant based claim,No Preservative-Free Claim Present,Non BFY
0000470801263,18.3299197,2.589527282,0,Multi Serve,NA,NA,NA,NA,NA,NA,NA,NA,NA,NA,NA,NA,NA,NA,NA,NA,NA,NA,NA,NA,NA,NA,NA,NA
0086409100042,35738.79065,9401.473001,0,Multi Serve,NA,NA,NA,NA,NA,NA,NA,NA,NA,NA,NA,NA,NA,NA,NA,NA,NA,NA,NA,NA,NA,NA,NA,NA
0000925141165,131546.2486,30502.75703,0,Multi Serve,NA,NA,NA,NA,NA,NA,NA,NA,NA,NA,NA,NA,NA,NA,NA,NA,NA,NA,NA,NA,NA,NA,NA,NA
0000643411655,43.34000199,13.80000082,0,Multi Serve,NA,NA,NA,NA,NA,NA,NA,NA,NA,NA,NA,NA,NA,NA,NA,NA,NA,NA,NA,NA,NA,NA,NA,NA
0001202973597,88641.29128,14769.30442,0,Multi Serve,NA,NA,NA,NA,NA,NA,NA,NA,NA,NA,NA,NA,NA,NA,NA,NA,NA,NA,NA,NA,NA,NA,NA,NA
0007390000018,22218.61185,5329.252218,0,Multi Serve,NA,NA,NA,NA,NA,NA,NA,NA,NA,NA,NA,NA,NA,NA,NA,NA,NA,NA,NA,NA,NA,NA,NA,NA
0000278352347,97494.34879,27043.47103,0,Multi Serve,NA,NA,NA,NA,NA,NA,NA,NA,NA,NA,NA,NA,NA,NA,NA,NA,NA,NA,NA,NA,NA,NA,NA,NA
0007192161313,1498533.783,347310.282,1,Multi Serve,Non- Indulgent,Cheese/Plain,Others,Others,Cheese/Plain,Vegetarian,Red Sauce,No Gluten Claim Present,Mid Tier,Ao Crust,22.5 Oz,Medium (20-30 Oz),Conv Oven,Thick/Original,Regular Crust,1 Ct,Box,No Vegan Claim Present,No Natural Claim Present,No Gmo Claim Present,No Organic Claim Present,No Plant based claim,No Preservative-Free Claim Present,Non BFY
0004227200101,12494313.49,1038726.635,0,Multi Serve,Non- Indulgent,Cheese/Plain,Others,Others,Cheese/Plain,Vegetarian,NA,No Gluten Claim Present,Premium,Regular Crust,13 Oz,Small (<=20 Oz),Conv Oven,Thick/Original,NA,1 Ct,Box,No Vegan Claim Present,No Natural Claim Present,Non-Gmo Claim,Certified Organic Claim,No Plant based claim,No Preservative-Free Claim Present,BFY
0085493400720,14780297.47,1406438.044,0,Multi Serve,Non- Indulgent,Uncured Pepperoni,Others,Others,Pepperoni,Non-Veg,Red Sauce,Gluten Free Claim,Premium,Veggie Crust,12 Oz,Small (<=20 Oz),Conv Oven,Thick/Original,Healthy,1 Ct,Box,No Vegan Claim Present,Natural Claim Present,No Gmo Claim Present,No Organic Claim Present,No Plant based claim,No Preservative-Free Claim Present,BFY
0083041500906,8.99,1.543125,0,Multi Serve,NA,NA,NA,NA,NA,NA,NA,NA,NA,NA,NA,NA,NA,NA,NA,NA,NA,NA,NA,NA,NA,NA,NA,NA
0007192114978,15026427.26,3028734.637,1,Multi Serve,Non- Indulgent,Deluxe/Supreme,Deluxe/Supreme,Deluxe/Supreme/Meat Combo,Meat Combos,Non-Veg,Red Sauce,No Gluten Claim Present,Mid Tier,Hand Tossed/Pizzeria Style,18.9 Oz,Small (<=20 Oz),Conv Oven,Thick/Original,Regular Crust,1 Ct,Box,No Vegan Claim Present,No Natural Claim Present,No Gmo Claim Present,No Organic Claim Present,No Plant based claim,No Preservative-Free Claim Present,Non BFY
0085763000386,76264.06369,13275.28956,0,Multi Serve,NA,NA,NA,NA,NA,NA,NA,NA,NA,NA,NA,NA,NA,NA,NA,NA,NA,NA,NA,NA,NA,NA,NA,NA
0086635000004,0,0,0,Multi Serve,NA,NA,NA,NA,NA,NA,NA,NA,NA,NA,NA,NA,NA,NA,NA,NA,NA,NA,NA,NA,NA,NA,NA,NA
0086000380122,0,0,0,Multi Serve,NA,NA,NA,NA,NA,NA,NA,NA,NA,NA,NA,NA,NA,NA,NA,NA,NA,NA,NA,NA,NA,NA,NA,NA
0069899780625,0,0,0,Multi Serve,NA,NA,NA,NA,NA,NA,NA,NA,NA,NA,NA,NA,NA,NA,NA,NA,NA,NA,NA,NA,NA,NA,NA,NA
0007570616517,0,0,0,Multi Serve,NA,NA,NA,NA,NA,NA,NA,NA,NA,NA,NA,NA,NA,NA,NA,NA,NA,NA,NA,NA,NA,NA,NA,NA
0000592935593,5004204.186,1349955.772,0,Multi Serve,Non- Indulgent,Cheese/Plain,Others,Others,Cheese/Plain,Vegetarian,PL,No Gluten Claim Present,Value,Stuffed Crust,30.25 Oz,Large (>= 30 Oz),Conv Oven,PL,PL,1 Ct,Box,No Vegan Claim Present,No Natural Claim Present,No Gmo Claim Present,No Organic Claim Present,No Plant based claim,No Preservative-Free Claim Present,Non BFY
0000021445535,6.289338336,1.850577432,0,Multi Serve,NA,NA,NA,NA,NA,NA,NA,NA,NA,NA,NA,NA,NA,NA,NA,NA,NA,NA,NA,NA,NA,NA,NA,NA
0085587300854,40.46,17.59625,0,Multi Serve,NA,NA,NA,NA,NA,NA,NA,NA,NA,NA,NA,NA,NA,NA,NA,NA,NA,NA,NA,NA,NA,NA,NA,NA
0000746617462,0,0,0,Multi Serve,NA,NA,NA,NA,NA,NA,NA,NA,NA,NA,NA,NA,NA,NA,NA,NA,NA,NA,NA,NA,NA,NA,NA,NA
0064313030925,0,0,0,Multi Serve,NA,NA,NA,NA,NA,NA,NA,NA,NA,NA,NA,NA,NA,NA,NA,NA,NA,NA,NA,NA,NA,NA,NA,NA
0004219700390,82729.70404,13639.73795,0,Multi Serve,NA,NA,NA,NA,NA,NA,NA,NA,NA,NA,NA,NA,NA,NA,NA,NA,NA,NA,NA,NA,NA,NA,NA,NA
0001159626995,0,0,0,Multi Serve,NA,NA,NA,NA,NA,NA,NA,NA,NA,NA,NA,NA,NA,NA,NA,NA,NA,NA,NA,NA,NA,NA,NA,NA
0007192100332,393987.0064,98333.26261,1,Multi Serve,NA,NA,NA,NA,NA,NA,NA,NA,NA,NA,NA,NA,NA,NA,NA,NA,NA,NA,NA,NA,NA,NA,NA,NA
0001047203986,36.11672517,14.35154292,0,Multi Serve,NA,NA,NA,NA,NA,NA,NA,NA,NA,NA,NA,NA,NA,NA,NA,NA,NA,NA,NA,NA,NA,NA,NA,NA
0002113528668,0,0,0,Multi Serve,Non- Indulgent,Pepperoni,Others,Others,Pepperoni,PL,PL,No Gluten Claim Present,Value,Ao Crust,14.15 Oz,Small (<=20 Oz),Conv Oven,PL,PL,1 Ct,Box,No Vegan Claim Present,No Natural Claim Present,No Gmo Claim Present,No Organic Claim Present,No Plant based claim,No Preservative-Free Claim Present,Non BFY
0068997810339,94495.22,9883.475625,0,Multi Serve,NA,NA,NA,NA,NA,NA,NA,NA,NA,NA,NA,NA,NA,NA,NA,NA,NA,NA,NA,NA,NA,NA,NA,NA
0007390000001,57454.29934,14652.49487,0,Multi Serve,NA,NA,NA,NA,NA,NA,NA,NA,NA,NA,NA,NA,NA,NA,NA,NA,NA,NA,NA,NA,NA,NA,NA,NA
0000060215559,0,0,0,Multi Serve,NA,NA,NA,NA,NA,NA,NA,NA,NA,NA,NA,NA,NA,NA,NA,NA,NA,NA,NA,NA,NA,NA,NA,NA
0065031187013,37315.70262,2060.644521,0,Multi Serve,NA,NA,NA,NA,NA,NA,NA,NA,NA,NA,NA,NA,NA,NA,NA,NA,NA,NA,NA,NA,NA,NA,NA,NA
0007864210265,2071753.849,600317.357,0,Multi Serve,Non- Indulgent,Deluxe/Supreme,Deluxe/Supreme,Deluxe/Supreme/Meat Combo,Meat Combos,Non-Veg,NA,No Gluten Claim Present,Value,Regular Crust,37.67 OZ,Large (>= 30 Oz),Conv Oven,Thick/Original,NA,1 Ct,Box,No Vegan Claim Present,No Natural Claim Present,No Gmo Claim Present,No Organic Claim Present,No Plant based claim,No Preservative-Free Claim Present,Non BFY
0007570630721,1843406.4,301304.5539,0,Multi Serve,NA,NA,NA,NA,NA,NA,NA,NA,NA,NA,NA,NA,NA,NA,NA,NA,NA,NA,NA,NA,NA,NA,NA,NA
0001477700493,9015.300288,1426.277238,0,Multi Serve,NA,NA,NA,NA,NA,NA,NA,NA,NA,NA,NA,NA,NA,NA,NA,NA,NA,NA,NA,NA,NA,NA,NA,NA
0086000008464,282737.4656,27381.42379,0,Multi Serve,NA,NA,NA,NA,NA,NA,NA,NA,NA,NA,NA,NA,NA,NA,NA,NA,NA,NA,NA,NA,NA,NA,NA,NA
0007570630808,194965.1114,35772.8538,0,Multi Serve,NA,NA,NA,NA,NA,NA,NA,NA,NA,NA,NA,NA,NA,NA,NA,NA,NA,NA,NA,NA,NA,NA,NA,NA
0085002855489,0,0,0,Multi Serve,NA,NA,NA,NA,NA,NA,NA,NA,NA,NA,NA,NA,NA,NA,NA,NA,NA,NA,NA,NA,NA,NA,NA,NA
0007390000020,19397.17381,5984.673815,0,Multi Serve,NA,NA,NA,NA,NA,NA,NA,NA,NA,NA,NA,NA,NA,NA,NA,NA,NA,NA,NA,NA,NA,NA,NA,NA
0003913117508,94173.73973,9749.500398,0,Multi Serve,NA,NA,NA,NA,NA,NA,NA,NA,NA,NA,NA,NA,NA,NA,NA,NA,NA,NA,NA,NA,NA,NA,NA,NA
0000096590899,0,0,0,Multi Serve,NA,NA,NA,NA,NA,NA,NA,NA,NA,NA,NA,NA,NA,NA,NA,NA,NA,NA,NA,NA,NA,NA,NA,NA
0003007409900,0,0,0,Multi Serve,NA,NA,NA,NA,NA,NA,NA,NA,NA,NA,NA,NA,NA,NA,NA,NA,NA,NA,NA,NA,NA,NA,NA,NA
0085350700813,26208.9381,2520.568095,0,Multi Serve,NA,NA,NA,NA,NA,NA,NA,NA,NA,NA,NA,NA,NA,NA,NA,NA,NA,NA,NA,NA,NA,NA,NA,NA
0082900600006,25719.89548,3799.830082,0,Multi Serve,NA,NA,NA,NA,NA,NA,NA,NA,NA,NA,NA,NA,NA,NA,NA,NA,NA,NA,NA,NA,NA,NA,NA,NA
0007192117979,0,0,0,Multi Serve,NA,NA,NA,NA,NA,NA,NA,NA,NA,NA,NA,NA,NA,NA,NA,NA,NA,NA,NA,NA,NA,NA,NA,NA
0007192145143,0,0,1,Multi Serve,NA,NA,NA,NA,NA,NA,NA,NA,NA,NA,NA,NA,NA,NA,NA,NA,NA,NA,NA,NA,NA,NA,NA,NA
0085763000318,198914.8705,42486.44819,0,Multi Serve,NA,NA,NA,NA,NA,NA,NA,NA,NA,NA,NA,NA,NA,NA,NA,NA,NA,NA,NA,NA,NA,NA,NA,NA
0000197211918,0,0,0,Multi Serve,NA,NA,NA,NA,NA,NA,NA,NA,NA,NA,NA,NA,NA,NA,NA,NA,NA,NA,NA,NA,NA,NA,NA,NA
0000134053055,2.394323512,0.989286388,0,Multi Serve,NA,NA,NA,NA,NA,NA,NA,NA,NA,NA,NA,NA,NA,NA,NA,NA,NA,NA,NA,NA,NA,NA,NA,NA
0000929955303,10039422.25,2203829.484,0,Multi Serve,Non- Indulgent,Vegetarian,Others,Others,Vegetarian,Vegetarian,PL,No Gluten Claim Present,Value,Thin,17.45 Oz,Small (<=20 Oz),Conv Oven,Thin,PL,1 Ct,Box,No Vegan Claim Present,No Natural Claim Present,No Gmo Claim Present,No Organic Claim Present,No Plant based claim,No Preservative-Free Claim Present,Non BFY
0007527893572,0,0,0,Multi Serve,NA,NA,NA,NA,NA,NA,NA,NA,NA,NA,NA,NA,NA,NA,NA,NA,NA,NA,NA,NA,NA,NA,NA,NA
0000999284112,455621.437,75905.38109,0,Multi Serve,Non- Indulgent,Chicken,Others,Others,Chicken,PL,PL,No Gluten Claim Present,Value,Regular Crust,13.13 Oz,Small (<=20 Oz),Conv Oven,PL,PL,1 Ct,Box,No Vegan Claim Present,No Natural Claim Present,No Gmo Claim Present,No Organic Claim Present,No Plant based claim,No Preservative-Free Claim Present,Non BFY
0000102971611,7192761.266,2046118.11,0,Multi Serve,Non- Indulgent,Meat Combos,Others,Deluxe/Supreme/Meat Combo,Meat Combos,Non-Veg,PL,No Gluten Claim Present,Value,Stuffed Crust,31.9 Oz,Large (>= 30 Oz),Conv Oven,PL,PL,1 Ct,Box,No Vegan Claim Present,No Natural Claim Present,No Gmo Claim Present,No Organic Claim Present,No Plant based claim,No Preservative-Free Claim Present,Non BFY
0000084975401,251205.7853,48863.72839,0,Multi Serve,NA,NA,NA,NA,NA,NA,NA,NA,NA,NA,NA,NA,NA,NA,NA,NA,NA,NA,NA,NA,NA,NA,NA,NA
0009350602472,0,0,0,Multi Serve,NA,NA,NA,NA,NA,NA,NA,NA,NA,NA,NA,NA,NA,NA,NA,NA,NA,NA,NA,NA,NA,NA,NA,NA
0003120505700,165.0894383,79.66716594,0,Multi Serve,NA,NA,NA,NA,NA,NA,NA,NA,NA,NA,NA,NA,NA,NA,NA,NA,NA,NA,NA,NA,NA,NA,NA,NA
0070287465955,85786.44161,8874.587364,0,Multi Serve,NA,NA,NA,NA,NA,NA,NA,NA,NA,NA,NA,NA,NA,NA,NA,NA,NA,NA,NA,NA,NA,NA,NA,NA
0007192179582,738126.5717,105584.6501,1,Multi Serve,Non- Indulgent,Ao Topping,Others,Others,Ao Topping,Non-Veg,NA,No Gluten Claim Present,Mid Tier,Pan/Deep Dish Crust,20.6 Oz,Medium (20-30 Oz),Conv Oven,Thick/Original,Regular Crust,1 Ct,Box,No Vegan Claim Present,No Natural Claim Present,No Gmo Claim Present,No Organic Claim Present,No Plant based claim,No Preservative-Free Claim Present,Non BFY
0000268016299,0,0,0,Multi Serve,Non- Indulgent,Pepperoni,Others,Others,Pepperoni,Non-Veg,PL,No Gluten Claim Present,Value,Rising Crust,27.85 Oz,Medium (20-30 Oz),Conv Oven,Thick/Original,PL,1 Ct,Box,No Vegan Claim Present,No Natural Claim Present,No Gmo Claim Present,No Organic Claim Present,PL,No Preservative-Free Claim Present,Non BFY
0000035735756,0,0,0,Multi Serve,NA,NA,NA,NA,NA,NA,NA,NA,NA,NA,NA,NA,NA,NA,NA,NA,NA,NA,NA,NA,NA,NA,NA,NA
0001477700589,0,0,0,Multi Serve,NA,NA,NA,NA,NA,NA,NA,NA,NA,NA,NA,NA,NA,NA,NA,NA,NA,NA,NA,NA,NA,NA,NA,NA
0086000596330,32367.09778,3248.307276,0,Multi Serve,NA,NA,NA,NA,NA,NA,NA,NA,NA,NA,NA,NA,NA,NA,NA,NA,NA,NA,NA,NA,NA,NA,NA,NA
0001226520378,568364.833,80441.66288,0,Multi Serve,Non- Indulgent,Cheese/Plain,Others,Others,Cheese/Plain,PL,PL,No Gluten Claim Present,Premium,Wood Fired,15.66 Oz,Small (<=20 Oz),Conv Oven,PL,PL,1 Ct,Box,No Vegan Claim Present,No Natural Claim Present,No Gmo Claim Present,No Organic Claim Present,PL,No Preservative-Free Claim Present,Non BFY
0439904061475,0,0,0,Multi Serve,NA,NA,NA,NA,NA,NA,NA,NA,NA,NA,NA,NA,NA,NA,NA,NA,NA,NA,NA,NA,NA,NA,NA,NA
0001045872133,1974579.591,328312.1957,0,Multi Serve,Non- Indulgent,Chicken,Others,Others,Chicken,PL,PL,No Gluten Claim Present,Value,Stuffed Crust,21.9 Oz,Medium (20-30 Oz),Conv Oven,PL,PL,1 Ct,Box,No Vegan Claim Present,No Natural Claim Present,No Gmo Claim Present,No Organic Claim Present,No Plant based claim,No Preservative-Free Claim Present,Non BFY
0000008421137,338156.6145,150880.2755,0,Multi Serve,NA,NA,NA,NA,NA,NA,NA,NA,NA,NA,NA,NA,NA,NA,NA,NA,NA,NA,NA,NA,NA,NA,NA,NA
0000029573355,69040.65951,20055.09451,0,Multi Serve,NA,NA,NA,NA,NA,NA,NA,NA,NA,NA,NA,NA,NA,NA,NA,NA,NA,NA,NA,NA,NA,NA,NA,NA
0007192175703,23662.45314,5727.856535,1,Multi Serve,NA,NA,NA,NA,NA,NA,NA,NA,NA,NA,NA,NA,NA,NA,NA,NA,NA,NA,NA,NA,NA,NA,NA,NA
0007218056742,3.698108408,1.465902872,0,Multi Serve,NA,NA,NA,NA,NA,NA,NA,NA,NA,NA,NA,NA,NA,NA,NA,NA,NA,NA,NA,NA,NA,NA,NA,NA
0000428637316,309856.5654,52399.14508,0,Multi Serve,NA,NA,NA,NA,NA,NA,NA,NA,NA,NA,NA,NA,NA,NA,NA,NA,NA,NA,NA,NA,NA,NA,NA,NA
0004158100136,3626921.981,807869.645,0,Multi Serve,Non- Indulgent,Deluxe/Supreme,Deluxe/Supreme,Deluxe/Supreme/Meat Combo,Meat Combos,Non-Veg,Red Sauce,No Gluten Claim Present,Mid Tier,Regular Crust,11.05 Oz,Small (<=20 Oz),Conv Oven,Thick/Original,Regular Crust,1 Ct,Over Wrap,No Vegan Claim Present,No Natural Claim Present,No Gmo Claim Present,No Organic Claim Present,No Plant based claim,No Preservative-Free Claim Present,Non BFY
0064357200001,24329.65496,1640.80005,0,Multi Serve,NA,NA,NA,NA,NA,NA,NA,NA,NA,NA,NA,NA,NA,NA,NA,NA,NA,NA,NA,NA,NA,NA,NA,NA
0270070883134,0,0,0,Multi Serve,NA,NA,NA,NA,NA,NA,NA,NA,NA,NA,NA,NA,NA,NA,NA,NA,NA,NA,NA,NA,NA,NA,NA,NA
0009350602114,0,0,0,Multi Serve,NA,NA,NA,NA,NA,NA,NA,NA,NA,NA,NA,NA,NA,NA,NA,NA,NA,NA,NA,NA,NA,NA,NA,NA
0085448400815,0,0,0,Multi Serve,NA,NA,NA,NA,NA,NA,NA,NA,NA,NA,NA,NA,NA,NA,NA,NA,NA,NA,NA,NA,NA,NA,NA,NA
0000625243068,6413227.329,1905468.429,0,Multi Serve,Non- Indulgent,Sausage,Others,Others,Sausage,Non-Veg,PL,No Gluten Claim Present,Value,Regular Crust,14.9 Oz,Small (<=20 Oz),Conv Oven,Thick/Original,Regular Crust,1 Ct,Over Wrap,No Vegan Claim Present,No Natural Claim Present,No Gmo Claim Present,No Organic Claim Present,No Plant based claim,No Preservative-Free Claim Present,Non BFY
0000031947738,0,0,0,Multi Serve,NA,NA,NA,NA,NA,NA,NA,NA,NA,NA,NA,NA,NA,NA,NA,NA,NA,NA,NA,NA,NA,NA,NA,NA
0085164100312,0,0,0,Multi Serve,NA,NA,NA,NA,NA,NA,NA,NA,NA,NA,NA,NA,NA,NA,NA,NA,NA,NA,NA,NA,NA,NA,NA,NA
0007465300001,3.479879239,0.976762511,1,Multi Serve,NA,NA,NA,NA,NA,NA,NA,NA,NA,NA,NA,NA,NA,NA,NA,NA,NA,NA,NA,NA,NA,NA,NA,NA
0001202254244,11998.04211,1839.635765,0,Multi Serve,NA,NA,NA,NA,NA,NA,NA,NA,NA,NA,NA,NA,NA,NA,NA,NA,NA,NA,NA,NA,NA,NA,NA,NA
0061891520012,30661.09954,5428.743093,0,Multi Serve,NA,NA,NA,NA,NA,NA,NA,NA,NA,NA,NA,NA,NA,NA,NA,NA,NA,NA,NA,NA,NA,NA,NA,NA
0079540413303,0,0,0,Multi Serve,NA,NA,NA,NA,NA,NA,NA,NA,NA,NA,NA,NA,NA,NA,NA,NA,NA,NA,NA,NA,NA,NA,NA,NA
0002066200643,1159016.278,127118.9935,0,Multi Serve,Non- Indulgent,Ao Topping,Others,Others,Ao Topping,Non-Veg,NA,No Gluten Claim Present,Premium,Wood Fired,14.46 Oz,Small (<=20 Oz),Conv Oven,Thin,NA,1 Ct,Box,No Vegan Claim Present,No Natural Claim Present,No Gmo Claim Present,No Organic Claim Present,No Plant based claim,No Preservative-Free Claim Present,Non BFY
0007986106345,0,0,0,Multi Serve,NA,NA,NA,NA,NA,NA,NA,NA,NA,NA,NA,NA,NA,NA,NA,NA,NA,NA,NA,NA,NA,NA,NA,NA
0001202979410,166628.3894,45831.38633,0,Multi Serve,NA,NA,NA,NA,NA,NA,NA,NA,NA,NA,NA,NA,NA,NA,NA,NA,NA,NA,NA,NA,NA,NA,NA,NA
0019816857944,244046.2139,36636.36093,0,Multi Serve,NA,NA,NA,NA,NA,NA,NA,NA,NA,NA,NA,NA,NA,NA,NA,NA,NA,NA,NA,NA,NA,NA,NA,NA
0007192177946,48568.38143,9388.222796,1,Multi Serve,NA,NA,NA,NA,NA,NA,NA,NA,NA,NA,NA,NA,NA,NA,NA,NA,NA,NA,NA,NA,NA,NA,NA,NA
0002069112002,61296.51661,12897.83489,0,Multi Serve,NA,NA,NA,NA,NA,NA,NA,NA,NA,NA,NA,NA,NA,NA,NA,NA,NA,NA,NA,NA,NA,NA,NA,NA
0000044591196,0,0,0,Multi Serve,NA,NA,NA,NA,NA,NA,NA,NA,NA,NA,NA,NA,NA,NA,NA,NA,NA,NA,NA,NA,NA,NA,NA,NA
0000199686872,1241931.826,517074.7353,0,Multi Serve,Non- Indulgent,Deluxe/Supreme,Deluxe/Supreme,Deluxe/Supreme/Meat Combo,Meat Combos,PL,PL,No Gluten Claim Present,Value,Rising Crust,32.7 Oz,Large (>= 30 Oz),Conv Oven,PL,PL,1 Ct,Box,No Vegan Claim Present,No Natural Claim Present,No Gmo Claim Present,No Organic Claim Present,No Plant based claim,No Preservative-Free Claim Present,Non BFY
0007192124537,0,0,1,Multi Serve,NA,NA,NA,NA,NA,NA,NA,NA,NA,NA,NA,NA,NA,NA,NA,NA,NA,NA,NA,NA,NA,NA,NA,NA
0003870895004,2363999.185,524052.0355,0,Multi Serve,Indulgent,Meat Combos,Others,Deluxe/Supreme/Meat Combo,Meat Combos,Non-Veg,NA,No Gluten Claim Present,Mid Tier,Regular Crust,33.6 Oz,Large (>= 30 Oz),Conv Oven,Thick/Original,NA,1 Ct,Over Wrap,No Vegan Claim Present,No Natural Claim Present,No Gmo Claim Present,No Organic Claim Present,No Plant based claim,No Preservative-Free Claim Present,Non BFY
0005070614328,36620.88234,6481.854189,0,Multi Serve,NA,NA,NA,NA,NA,NA,NA,NA,NA,NA,NA,NA,NA,NA,NA,NA,NA,NA,NA,NA,NA,NA,NA,NA
0002660511128,0,0,0,Multi Serve,NA,NA,NA,NA,NA,NA,NA,NA,NA,NA,NA,NA,NA,NA,NA,NA,NA,NA,NA,NA,NA,NA,NA,NA
0003120505002,2812710.903,837916.6286,0,Multi Serve,Non- Indulgent,Sausage,Others,Others,Sausage,Non-Veg,NA,No Gluten Claim Present,Mid Tier,Regular Crust,60 Oz,Large (>= 30 Oz),Conv Oven,Thick/Original,NA,2 Ct,Box,No Vegan Claim Present,Natural Claim Present,No Gmo Claim Present,No Organic Claim Present,No Plant based claim,Preservative-Free Claim,BFY
0001048940703,1794271.685,480176.8873,0,Multi Serve,Non- Indulgent,Chicken,Others,Others,Chicken,Non-Veg,PL,No Gluten Claim Present,Value,Stuffed Crust,29 Oz,Medium (20-30 Oz),Conv Oven,PL,PL,1 Ct,Box,No Vegan Claim Present,No Natural Claim Present,No Gmo Claim Present,No Organic Claim Present,No Plant based claim,No Preservative-Free Claim Present,Non BFY
0007192103739,0,0,1,Multi Serve,NA,NA,NA,NA,NA,NA,NA,NA,NA,NA,NA,NA,NA,NA,NA,NA,NA,NA,NA,NA,NA,NA,NA,NA
0007570630878,369285.2739,72872.58432,0,Multi Serve,NA,NA,NA,NA,NA,NA,NA,NA,NA,NA,NA,NA,NA,NA,NA,NA,NA,NA,NA,NA,NA,NA,NA,NA
0003120566000,0,0,0,Multi Serve,NA,NA,NA,NA,NA,NA,NA,NA,NA,NA,NA,NA,NA,NA,NA,NA,NA,NA,NA,NA,NA,NA,NA,NA
0004219700373,310689.1487,73202.39735,0,Multi Serve,NA,NA,NA,NA,NA,NA,NA,NA,NA,NA,NA,NA,NA,NA,NA,NA,NA,NA,NA,NA,NA,NA,NA,NA
0003913117505,70746.85603,8347.492291,0,Multi Serve,NA,NA,NA,NA,NA,NA,NA,NA,NA,NA,NA,NA,NA,NA,NA,NA,NA,NA,NA,NA,NA,NA,NA,NA
0270070883156,0,0,1,Multi Serve,NA,NA,NA,NA,NA,NA,NA,NA,NA,NA,NA,NA,NA,NA,NA,NA,NA,NA,NA,NA,NA,NA,NA,NA
0000055390207,189784.1068,29062.7797,0,Multi Serve,NA,NA,NA,NA,NA,NA,NA,NA,NA,NA,NA,NA,NA,NA,NA,NA,NA,NA,NA,NA,NA,NA,NA,NA
0003870895090,165346.4023,33262.63587,0,Multi Serve,NA,NA,NA,NA,NA,NA,NA,NA,NA,NA,NA,NA,NA,NA,NA,NA,NA,NA,NA,NA,NA,NA,NA,NA
0000016041540,0,0,0,Multi Serve,NA,NA,NA,NA,NA,NA,NA,NA,NA,NA,NA,NA,NA,NA,NA,NA,NA,NA,NA,NA,NA,NA,NA,NA
0007218063035,12722629.45,2995274.734,0,Multi Serve,Non- Indulgent,Cheese/Plain,Others,Others,Cheese/Plain,Vegetarian,Red Sauce,No Gluten Claim Present,Mid Tier,Wood Fired,20.28 Oz,Medium (20-30 Oz),Conv Oven,Thick/Original,Regular Crust,1 Ct,Box,No Vegan Claim Present,No Natural Claim Present,No Gmo Claim Present,No Organic Claim Present,No Plant based claim,No Preservative-Free Claim Present,Non BFY
0007570630516,0,0,0,Multi Serve,NA,NA,NA,NA,NA,NA,NA,NA,NA,NA,NA,NA,NA,NA,NA,NA,NA,NA,NA,NA,NA,NA,NA,NA
0001043307077,2584112.738,438826.888,0,Multi Serve,Non- Indulgent,Pepperoni,Others,Others,Pepperoni,Non-Veg,PL,No Gluten Claim Present,Value,Stuffed Crust,22.2 Oz,Medium (20-30 Oz),Conv Oven,PL,PL,1 Ct,Box,No Vegan Claim Present,No Natural Claim Present,No Gmo Claim Present,No Organic Claim Present,No Plant based claim,No Preservative-Free Claim Present,Non BFY
0085786200629,0,0,0,Multi Serve,NA,NA,NA,NA,NA,NA,NA,NA,NA,NA,NA,NA,NA,NA,NA,NA,NA,NA,NA,NA,NA,NA,NA,NA
0001813504001,161230.4863,26065.15975,0,Multi Serve,NA,NA,NA,NA,NA,NA,NA,NA,NA,NA,NA,NA,NA,NA,NA,NA,NA,NA,NA,NA,NA,NA,NA,NA
0007192101639,6.83,1.65,1,Multi Serve,NA,NA,NA,NA,NA,NA,NA,NA,NA,NA,NA,NA,NA,NA,NA,NA,NA,NA,NA,NA,NA,NA,NA,NA
0085592200630,0,0,0,Multi Serve,NA,NA,NA,NA,NA,NA,NA,NA,NA,NA,NA,NA,NA,NA,NA,NA,NA,NA,NA,NA,NA,NA,NA,NA
0000950068857,0,0,0,Multi Serve,NA,NA,NA,NA,NA,NA,NA,NA,NA,NA,NA,NA,NA,NA,NA,NA,NA,NA,NA,NA,NA,NA,NA,NA
0007192100658,7275.75354,1081.274859,1,Multi Serve,NA,NA,NA,NA,NA,NA,NA,NA,NA,NA,NA,NA,NA,NA,NA,NA,NA,NA,NA,NA,NA,NA,NA,NA
0007570630231,0,0,0,Multi Serve,NA,NA,NA,NA,NA,NA,NA,NA,NA,NA,NA,NA,NA,NA,NA,NA,NA,NA,NA,NA,NA,NA,NA,NA
0073178932134,106099.6253,8361.689552,0,Multi Serve,NA,NA,NA,NA,NA,NA,NA,NA,NA,NA,NA,NA,NA,NA,NA,NA,NA,NA,NA,NA,NA,NA,NA,NA
0000440052230,0,0,0,Multi Serve,NA,NA,NA,NA,NA,NA,NA,NA,NA,NA,NA,NA,NA,NA,NA,NA,NA,NA,NA,NA,NA,NA,NA,NA
0085587300896,42.47558619,18.96040053,0,Multi Serve,NA,NA,NA,NA,NA,NA,NA,NA,NA,NA,NA,NA,NA,NA,NA,NA,NA,NA,NA,NA,NA,NA,NA,NA
0001202979416,143161.289,47515.04844,0,Multi Serve,NA,NA,NA,NA,NA,NA,NA,NA,NA,NA,NA,NA,NA,NA,NA,NA,NA,NA,NA,NA,NA,NA,NA,NA
0089245300159,0,0,0,Multi Serve,NA,NA,NA,NA,NA,NA,NA,NA,NA,NA,NA,NA,NA,NA,NA,NA,NA,NA,NA,NA,NA,NA,NA,NA
0007218056625,23382888.62,7092392.479,0,Multi Serve,Non- Indulgent,Meat Combos,Others,Deluxe/Supreme/Meat Combo,Meat Combos,Non-Veg,Red Sauce,No Gluten Claim Present,Value,Regular Crust,21.95 Oz,Medium (20-30 Oz),Conv Oven,Thick/Original,Regular Crust,1 Ct,Box,No Vegan Claim Present,No Natural Claim Present,No Gmo Claim Present,No Organic Claim Present,No Plant based claim,No Preservative-Free Claim Present,Non BFY
0002085261605,0,0,0,Multi Serve,NA,NA,NA,NA,NA,NA,NA,NA,NA,NA,NA,NA,NA,NA,NA,NA,NA,NA,NA,NA,NA,NA,NA,NA
0007192156197,0,0,1,Multi Serve,NA,NA,NA,NA,NA,NA,NA,NA,NA,NA,NA,NA,NA,NA,NA,NA,NA,NA,NA,NA,NA,NA,NA,NA
0085002855491,0,0,0,Multi Serve,NA,NA,NA,NA,NA,NA,NA,NA,NA,NA,NA,NA,NA,NA,NA,NA,NA,NA,NA,NA,NA,NA,NA,NA
0000101742991,0,0,0,Multi Serve,NA,NA,NA,NA,NA,NA,NA,NA,NA,NA,NA,NA,NA,NA,NA,NA,NA,NA,NA,NA,NA,NA,NA,NA
0000392498232,0,0,0,Multi Serve,NA,NA,NA,NA,NA,NA,NA,NA,NA,NA,NA,NA,NA,NA,NA,NA,NA,NA,NA,NA,NA,NA,NA,NA
0007218076312,0,0,0,Multi Serve,NA,NA,NA,NA,NA,NA,NA,NA,NA,NA,NA,NA,NA,NA,NA,NA,NA,NA,NA,NA,NA,NA,NA,NA
0086000601691,149734.6783,28554.6868,0,Multi Serve,NA,NA,NA,NA,NA,NA,NA,NA,NA,NA,NA,NA,NA,NA,NA,NA,NA,NA,NA,NA,NA,NA,NA,NA
0004158100128,1265259.601,308387.0097,0,Multi Serve,Non- Indulgent,Pepperoni,Others,Others,Sausage,Non-Veg,NA,No Gluten Claim Present,Mid Tier,Regular Crust,12.2 Oz,Small (<=20 Oz),Conv Oven,Thin,NA,1 Ct,Over Wrap,No Vegan Claim Present,No Natural Claim Present,No Gmo Claim Present,No Organic Claim Present,No Plant based claim,No Preservative-Free Claim Present,Non BFY
0003870833242,3959.744061,883.9893557,0,Multi Serve,NA,NA,NA,NA,NA,NA,NA,NA,NA,NA,NA,NA,NA,NA,NA,NA,NA,NA,NA,NA,NA,NA,NA,NA
0073178913106,0,0,0,Multi Serve,NA,NA,NA,NA,NA,NA,NA,NA,NA,NA,NA,NA,NA,NA,NA,NA,NA,NA,NA,NA,NA,NA,NA,NA
0009350602884,0,0,0,Multi Serve,NA,NA,NA,NA,NA,NA,NA,NA,NA,NA,NA,NA,NA,NA,NA,NA,NA,NA,NA,NA,NA,NA,NA,NA
0001220709891,466.5030017,82.14798069,0,Multi Serve,NA,NA,NA,NA,NA,NA,NA,NA,NA,NA,NA,NA,NA,NA,NA,NA,NA,NA,NA,NA,NA,NA,NA,NA
0003870895305,370691.1878,71378.46699,0,Multi Serve,NA,NA,NA,NA,NA,NA,NA,NA,NA,NA,NA,NA,NA,NA,NA,NA,NA,NA,NA,NA,NA,NA,NA,NA
0000130783382,995683.5681,131667.5274,0,Multi Serve,Non- Indulgent,Cheese/Plain,Others,Others,Cheese/Plain,PL,PL,Gluten Free Claim,Premium,Veggie Crust,11.64 Oz,Small (<=20 Oz),Conv Oven,PL,PL,1 Ct,Box,No Vegan Claim Present,No Natural Claim Present,No Gmo Claim Present,No Organic Claim Present,No Plant based claim,No Preservative-Free Claim Present,BFY
0000956664011,434377.1045,69094.36981,0,Multi Serve,Non- Indulgent,Ao Topping,Others,Others,Ao Topping,PL,PL,PL,Value,Ao Crust,10 Oz,Small (<=20 Oz),Conv Oven,PL,PL,1 Ct,Box,No Vegan Claim Present,No Natural Claim Present,No Gmo Claim Present,No Organic Claim Present,No Plant based claim,No Preservative-Free Claim Present,Non BFY
0000079757928,0,0,0,Multi Serve,NA,NA,NA,NA,NA,NA,NA,NA,NA,NA,NA,NA,NA,NA,NA,NA,NA,NA,NA,NA,NA,NA,NA,NA
0000138617663,0,0,0,Multi Serve,NA,NA,NA,NA,NA,NA,NA,NA,NA,NA,NA,NA,NA,NA,NA,NA,NA,NA,NA,NA,NA,NA,NA,NA
0007192187206,0,0,1,Multi Serve,NA,NA,NA,NA,NA,NA,NA,NA,NA,NA,NA,NA,NA,NA,NA,NA,NA,NA,NA,NA,NA,NA,NA,NA
0089245300169,0,0,0,Multi Serve,NA,NA,NA,NA,NA,NA,NA,NA,NA,NA,NA,NA,NA,NA,NA,NA,NA,NA,NA,NA,NA,NA,NA,NA
0081496700402,0,0,0,Multi Serve,NA,NA,NA,NA,NA,NA,NA,NA,NA,NA,NA,NA,NA,NA,NA,NA,NA,NA,NA,NA,NA,NA,NA,NA
0087282400980,155.55,114.375,0,Multi Serve,NA,NA,NA,NA,NA,NA,NA,NA,NA,NA,NA,NA,NA,NA,NA,NA,NA,NA,NA,NA,NA,NA,NA,NA
0085001598255,0,0,0,Multi Serve,NA,NA,NA,NA,NA,NA,NA,NA,NA,NA,NA,NA,NA,NA,NA,NA,NA,NA,NA,NA,NA,NA,NA,NA
0007192100659,40408.8299,7373.764478,1,Multi Serve,NA,NA,NA,NA,NA,NA,NA,NA,NA,NA,NA,NA,NA,NA,NA,NA,NA,NA,NA,NA,NA,NA,NA,NA
0004786111113,1312179.301,192727.1986,0,Multi Serve,NA,NA,NA,NA,NA,NA,NA,NA,NA,NA,NA,NA,NA,NA,NA,NA,NA,NA,NA,NA,NA,NA,NA,NA
0008355408421,466421.3193,84051.76313,0,Multi Serve,NA,NA,NA,NA,NA,NA,NA,NA,NA,NA,NA,NA,NA,NA,NA,NA,NA,NA,NA,NA,NA,NA,NA,NA
0007570631079,77398.32681,18124.70276,0,Multi Serve,NA,NA,NA,NA,NA,NA,NA,NA,NA,NA,NA,NA,NA,NA,NA,NA,NA,NA,NA,NA,NA,NA,NA,NA
0004606712301,51039.35727,7920.224126,0,Multi Serve,NA,NA,NA,NA,NA,NA,NA,NA,NA,NA,NA,NA,NA,NA,NA,NA,NA,NA,NA,NA,NA,NA,NA,NA
0086099700263,0,0,0,Multi Serve,NA,NA,NA,NA,NA,NA,NA,NA,NA,NA,NA,NA,NA,NA,NA,NA,NA,NA,NA,NA,NA,NA,NA,NA
0000026482660,188110.7257,20858.20988,0,Multi Serve,NA,NA,NA,NA,NA,NA,NA,NA,NA,NA,NA,NA,NA,NA,NA,NA,NA,NA,NA,NA,NA,NA,NA,NA
0005073249119,249.5838998,66.99583802,0,Multi Serve,NA,NA,NA,NA,NA,NA,NA,NA,NA,NA,NA,NA,NA,NA,NA,NA,NA,NA,NA,NA,NA,NA,NA,NA
0004219700389,60735.79471,10805.78258,0,Multi Serve,NA,NA,NA,NA,NA,NA,NA,NA,NA,NA,NA,NA,NA,NA,NA,NA,NA,NA,NA,NA,NA,NA,NA,NA
0001109520576,2867923.799,684147.7859,0,Multi Serve,Non- Indulgent,Pepperoni,Others,Others,Pepperoni,Non-Veg,PL,No Gluten Claim Present,Value,Pan/Deep Dish Crust,25.1 Oz,Medium (20-30 Oz),Conv Oven,Thick/Original,PL,1 Ct,Box,No Vegan Claim Present,No Natural Claim Present,No Gmo Claim Present,No Organic Claim Present,No Plant based claim,No Preservative-Free Claim Present,Non BFY
0081006772639,1473848.638,194303.6748,0,Multi Serve,Non- Indulgent,Ao Topping,Others,Others,Ao Topping,Non-Veg,NA,No Gluten Claim Present,Premium,Wood Fired,19.3 Oz,Small (<=20 Oz),Conv Oven,Thin,NA,1 Ct,Box,No Vegan Claim Present,No Natural Claim Present,No Gmo Claim Present,No Organic Claim Present,No Plant based claim,No Preservative-Free Claim Present,Non BFY
0271561127499,2.000021935,1.237513572,1,Multi Serve,NA,NA,NA,NA,NA,NA,NA,NA,NA,NA,NA,NA,NA,NA,NA,NA,NA,NA,NA,NA,NA,NA,NA,NA
0085001610701,361.9289966,28.99544802,0,Multi Serve,NA,NA,NA,NA,NA,NA,NA,NA,NA,NA,NA,NA,NA,NA,NA,NA,NA,NA,NA,NA,NA,NA,NA,NA
0000933138673,11040203.69,2472302.139,0,Multi Serve,Non- Indulgent,Meat Combos,Others,Deluxe/Supreme/Meat Combo,Meat Combos,Non-Veg,PL,No Gluten Claim Present,Value,Thin,17.8 Oz,Small (<=20 Oz),Conv Oven,Thin,PL,1 Ct,Box,No Vegan Claim Present,No Natural Claim Present,No Gmo Claim Present,No Organic Claim Present,No Plant based claim,No Preservative-Free Claim Present,Non BFY
0000096589687,345.5638833,49.18021028,0,Multi Serve,NA,NA,NA,NA,NA,NA,NA,NA,NA,NA,NA,NA,NA,NA,NA,NA,NA,NA,NA,NA,NA,NA,NA,NA
0002125393040,0,0,0,Multi Serve,NA,NA,NA,NA,NA,NA,NA,NA,NA,NA,NA,NA,NA,NA,NA,NA,NA,NA,NA,NA,NA,NA,NA,NA
0081496700205,0,0,0,Multi Serve,NA,NA,NA,NA,NA,NA,NA,NA,NA,NA,NA,NA,NA,NA,NA,NA,NA,NA,NA,NA,NA,NA,NA,NA
0000202227095,113246.2077,36459.32628,0,Multi Serve,NA,NA,NA,NA,NA,NA,NA,NA,NA,NA,NA,NA,NA,NA,NA,NA,NA,NA,NA,NA,NA,NA,NA,NA
0801429430290,0,0,0,Multi Serve,NA,NA,NA,NA,NA,NA,NA,NA,NA,NA,NA,NA,NA,NA,NA,NA,NA,NA,NA,NA,NA,NA,NA,NA
0000299011892,162324.7068,33531.5861,0,Multi Serve,NA,NA,NA,NA,NA,NA,NA,NA,NA,NA,NA,NA,NA,NA,NA,NA,NA,NA,NA,NA,NA,NA,NA,NA
0007192146286,0,0,0,Multi Serve,NA,NA,NA,NA,NA,NA,NA,NA,NA,NA,NA,NA,NA,NA,NA,NA,NA,NA,NA,NA,NA,NA,NA,NA
0007192198397,0,0,1,Multi Serve,NA,NA,NA,NA,NA,NA,NA,NA,NA,NA,NA,NA,NA,NA,NA,NA,NA,NA,NA,NA,NA,NA,NA,NA
0007218063080,0,0,0,Multi Serve,NA,NA,NA,NA,NA,NA,NA,NA,NA,NA,NA,NA,NA,NA,NA,NA,NA,NA,NA,NA,NA,NA,NA,NA
0062845168438,0,0,0,Multi Serve,NA,NA,NA,NA,NA,NA,NA,NA,NA,NA,NA,NA,NA,NA,NA,NA,NA,NA,NA,NA,NA,NA,NA,NA
0003870895217,0,0,0,Multi Serve,NA,NA,NA,NA,NA,NA,NA,NA,NA,NA,NA,NA,NA,NA,NA,NA,NA,NA,NA,NA,NA,NA,NA,NA
0067400700229,96747.69773,9629.229131,0,Multi Serve,NA,NA,NA,NA,NA,NA,NA,NA,NA,NA,NA,NA,NA,NA,NA,NA,NA,NA,NA,NA,NA,NA,NA,NA
0007218063474,4.98,1.36,0,Multi Serve,NA,NA,NA,NA,NA,NA,NA,NA,NA,NA,NA,NA,NA,NA,NA,NA,NA,NA,NA,NA,NA,NA,NA,NA
0000910056847,968831.6864,222894.625,0,Multi Serve,Non- Indulgent,Cheese/Plain,Others,Others,Cheese/Plain,PL,PL,No Gluten Claim Present,Value,Regular Crust,10.54 Oz,Small (<=20 Oz),Conv Oven,PL,PL,1 Ct,Over Wrap,No Vegan Claim Present,No Natural Claim Present,No Gmo Claim Present,No Organic Claim Present,No Plant based claim,No Preservative-Free Claim Present,Non BFY
0004980016396,0,0,0,Multi Serve,NA,NA,NA,NA,NA,NA,NA,NA,NA,NA,NA,NA,NA,NA,NA,NA,NA,NA,NA,NA,NA,NA,NA,NA
0007192100657,17975.36219,3853.141132,1,Multi Serve,NA,NA,NA,NA,NA,NA,NA,NA,NA,NA,NA,NA,NA,NA,NA,NA,NA,NA,NA,NA,NA,NA,NA,NA
0000942653698,25299328.93,4772459.639,0,Multi Serve,Non- Indulgent,Meat Combos,Others,Deluxe/Supreme/Meat Combo,Meat Combos,Non-Veg,PL,No Gluten Claim Present,Value,Stuffed Crust,23.1 Oz,Medium (20-30 Oz),Conv Oven,PL,PL,1 Ct,Box,No Vegan Claim Present,No Natural Claim Present,No Gmo Claim Present,No Organic Claim Present,No Plant based claim,No Preservative-Free Claim Present,Non BFY
0439913744700,312456.11,28756.875,1,Multi Serve,NA,NA,NA,NA,NA,NA,NA,NA,NA,NA,NA,NA,NA,NA,NA,NA,NA,NA,NA,NA,NA,NA,NA,NA
0000098546658,4.86,2.021875,0,Multi Serve,NA,NA,NA,NA,NA,NA,NA,NA,NA,NA,NA,NA,NA,NA,NA,NA,NA,NA,NA,NA,NA,NA,NA,NA
0001477700496,67977.28696,17647.12185,0,Multi Serve,NA,NA,NA,NA,NA,NA,NA,NA,NA,NA,NA,NA,NA,NA,NA,NA,NA,NA,NA,NA,NA,NA,NA,NA
0005073205931,4539.31477,935.7579805,0,Multi Serve,NA,NA,NA,NA,NA,NA,NA,NA,NA,NA,NA,NA,NA,NA,NA,NA,NA,NA,NA,NA,NA,NA,NA,NA
0000753899334,0,0,0,Multi Serve,NA,NA,NA,NA,NA,NA,NA,NA,NA,NA,NA,NA,NA,NA,NA,NA,NA,NA,NA,NA,NA,NA,NA,NA
0007192129172,5239101.085,1537539.036,1,Multi Serve,Non- Indulgent,Meat Combos,Others,Deluxe/Supreme/Meat Combo,Meat Combos,Non-Veg,Red Sauce,No Gluten Claim Present,Value,Regular Crust,21.1 Oz,Medium (20-30 Oz),Conv Oven,Thick/Original,Regular Crust,1 Ct,Box,No Vegan Claim Present,No Natural Claim Present,No Gmo Claim Present,No Organic Claim Present,No Plant based claim,No Preservative-Free Claim Present,Non BFY
0061891590012,47316.9078,6819.36966,0,Multi Serve,NA,NA,NA,NA,NA,NA,NA,NA,NA,NA,NA,NA,NA,NA,NA,NA,NA,NA,NA,NA,NA,NA,NA,NA
0009350602680,1166.048543,238.7754904,0,Multi Serve,NA,NA,NA,NA,NA,NA,NA,NA,NA,NA,NA,NA,NA,NA,NA,NA,NA,NA,NA,NA,NA,NA,NA,NA
0070510584776,0,0,0,Multi Serve,NA,NA,NA,NA,NA,NA,NA,NA,NA,NA,NA,NA,NA,NA,NA,NA,NA,NA,NA,NA,NA,NA,NA,NA
0007192142057,0,0,1,Multi Serve,NA,NA,NA,NA,NA,NA,NA,NA,NA,NA,NA,NA,NA,NA,NA,NA,NA,NA,NA,NA,NA,NA,NA,NA
0002870445700,0,0,0,Multi Serve,NA,NA,NA,NA,NA,NA,NA,NA,NA,NA,NA,NA,NA,NA,NA,NA,NA,NA,NA,NA,NA,NA,NA,NA
0081496700004,229.5566836,45.04792583,0,Multi Serve,NA,NA,NA,NA,NA,NA,NA,NA,NA,NA,NA,NA,NA,NA,NA,NA,NA,NA,NA,NA,NA,NA,NA,NA
0000489152456,17.94,3.553125,0,Multi Serve,NA,NA,NA,NA,NA,NA,NA,NA,NA,NA,NA,NA,NA,NA,NA,NA,NA,NA,NA,NA,NA,NA,NA,NA
0000016320664,337.7446379,145.5774039,0,Multi Serve,NA,NA,NA,NA,NA,NA,NA,NA,NA,NA,NA,NA,NA,NA,NA,NA,NA,NA,NA,NA,NA,NA,NA,NA
0270070883016,0,0,0,Multi Serve,NA,NA,NA,NA,NA,NA,NA,NA,NA,NA,NA,NA,NA,NA,NA,NA,NA,NA,NA,NA,NA,NA,NA,NA
0064313010106,0,0,0,Multi Serve,NA,NA,NA,NA,NA,NA,NA,NA,NA,NA,NA,NA,NA,NA,NA,NA,NA,NA,NA,NA,NA,NA,NA,NA
0000913640860,22246.17316,9286.841392,0,Multi Serve,NA,NA,NA,NA,NA,NA,NA,NA,NA,NA,NA,NA,NA,NA,NA,NA,NA,NA,NA,NA,NA,NA,NA,NA
0062858629208,130.4849972,19.05446805,0,Multi Serve,NA,NA,NA,NA,NA,NA,NA,NA,NA,NA,NA,NA,NA,NA,NA,NA,NA,NA,NA,NA,NA,NA,NA,NA
0061290009940,0,0,0,Multi Serve,NA,NA,NA,NA,NA,NA,NA,NA,NA,NA,NA,NA,NA,NA,NA,NA,NA,NA,NA,NA,NA,NA,NA,NA
0000361070817,0,0,0,Multi Serve,NA,NA,NA,NA,NA,NA,NA,NA,NA,NA,NA,NA,NA,NA,NA,NA,NA,NA,NA,NA,NA,NA,NA,NA
0003913116330,843469.1993,200098.0158,0,Multi Serve,NA,NA,NA,NA,NA,NA,NA,NA,NA,NA,NA,NA,NA,NA,NA,NA,NA,NA,NA,NA,NA,NA,NA,NA
0007192161613,10242275,2405328.356,1,Multi Serve,Non- Indulgent,Cheese/Plain,Others,Others,Cheese/Plain,Vegetarian,Red Sauce,No Gluten Claim Present,Mid Tier,Regular Crust,19.1 Oz,Small (<=20 Oz),Conv Oven,Thick/Original,Regular Crust,1 Ct,Box,No Vegan Claim Present,No Natural Claim Present,No Gmo Claim Present,No Organic Claim Present,No Plant based claim,No Preservative-Free Claim Present,Non BFY
0000194134089,0,0,0,Multi Serve,NA,NA,NA,NA,NA,NA,NA,NA,NA,NA,NA,NA,NA,NA,NA,NA,NA,NA,NA,NA,NA,NA,NA,NA
0004309856297,0,0,0,Multi Serve,NA,NA,NA,NA,NA,NA,NA,NA,NA,NA,NA,NA,NA,NA,NA,NA,NA,NA,NA,NA,NA,NA,NA,NA
0085164100304,566.1760618,120.3124131,0,Multi Serve,NA,NA,NA,NA,NA,NA,NA,NA,NA,NA,NA,NA,NA,NA,NA,NA,NA,NA,NA,NA,NA,NA,NA,NA
0071153551275,0,0,0,Multi Serve,NA,NA,NA,NA,NA,NA,NA,NA,NA,NA,NA,NA,NA,NA,NA,NA,NA,NA,NA,NA,NA,NA,NA,NA
0000330393048,0,0,0,Multi Serve,NA,NA,NA,NA,NA,NA,NA,NA,NA,NA,NA,NA,NA,NA,NA,NA,NA,NA,NA,NA,NA,NA,NA,NA
0000452879809,0,0,0,Multi Serve,NA,NA,NA,NA,NA,NA,NA,NA,NA,NA,NA,NA,NA,NA,NA,NA,NA,NA,NA,NA,NA,NA,NA,NA
0007218063416,0,0,0,Multi Serve,NA,NA,NA,NA,NA,NA,NA,NA,NA,NA,NA,NA,NA,NA,NA,NA,NA,NA,NA,NA,NA,NA,NA,NA
0007350610001,99124.60744,8493.037254,0,Multi Serve,NA,NA,NA,NA,NA,NA,NA,NA,NA,NA,NA,NA,NA,NA,NA,NA,NA,NA,NA,NA,NA,NA,NA,NA
0000084975403,960851.9506,220833.478,0,Multi Serve,NA,NA,NA,NA,NA,NA,NA,NA,NA,NA,NA,NA,NA,NA,NA,NA,NA,NA,NA,NA,NA,NA,NA,NA
0009350602669,485.9998075,95.60082051,0,Multi Serve,NA,NA,NA,NA,NA,NA,NA,NA,NA,NA,NA,NA,NA,NA,NA,NA,NA,NA,NA,NA,NA,NA,NA,NA
0000401276573,820061.57,116524.6349,0,Multi Serve,NA,NA,NA,NA,NA,NA,NA,NA,NA,NA,NA,NA,NA,NA,NA,NA,NA,NA,NA,NA,NA,NA,NA,NA
0085001611415,0,0,0,Multi Serve,NA,NA,NA,NA,NA,NA,NA,NA,NA,NA,NA,NA,NA,NA,NA,NA,NA,NA,NA,NA,NA,NA,NA,NA
0068640100002,10986.76,1263.5,0,Multi Serve,NA,NA,NA,NA,NA,NA,NA,NA,NA,NA,NA,NA,NA,NA,NA,NA,NA,NA,NA,NA,NA,NA,NA,NA
0000483166622,0,0,0,Multi Serve,NA,NA,NA,NA,NA,NA,NA,NA,NA,NA,NA,NA,NA,NA,NA,NA,NA,NA,NA,NA,NA,NA,NA,NA
0000613569985,0,0,0,Multi Serve,NA,NA,NA,NA,NA,NA,NA,NA,NA,NA,NA,NA,NA,NA,NA,NA,NA,NA,NA,NA,NA,NA,NA,NA
0061891570012,37674.7,7324.9375,0,Multi Serve,NA,NA,NA,NA,NA,NA,NA,NA,NA,NA,NA,NA,NA,NA,NA,NA,NA,NA,NA,NA,NA,NA,NA,NA
0000000603276,0,0,0,Multi Serve,NA,NA,NA,NA,NA,NA,NA,NA,NA,NA,NA,NA,NA,NA,NA,NA,NA,NA,NA,NA,NA,NA,NA,NA
0000877957492,795979.8178,152228.1647,0,Multi Serve,NA,NA,NA,NA,NA,NA,NA,NA,NA,NA,NA,NA,NA,NA,NA,NA,NA,NA,NA,NA,NA,NA,NA,NA
0061529569743,209121.5661,31504.52071,0,Multi Serve,NA,NA,NA,NA,NA,NA,NA,NA,NA,NA,NA,NA,NA,NA,NA,NA,NA,NA,NA,NA,NA,NA,NA,NA
0004219700340,0,0,0,Multi Serve,NA,NA,NA,NA,NA,NA,NA,NA,NA,NA,NA,NA,NA,NA,NA,NA,NA,NA,NA,NA,NA,NA,NA,NA
0001186459023,475524.0289,65097.12681,0,Multi Serve,Non- Indulgent,Sausage,Others,Others,Sausage,PL,PL,No Gluten Claim Present,Value,Hand Tossed/Pizzeria Style,16.4 Oz,Small (<=20 Oz),Conv Oven,PL,PL,1 Ct,Box,No Vegan Claim Present,No Natural Claim Present,No Gmo Claim Present,No Organic Claim Present,PL,No Preservative-Free Claim Present,Non BFY
0004219700012,0,0,0,Multi Serve,NA,NA,NA,NA,NA,NA,NA,NA,NA,NA,NA,NA,NA,NA,NA,NA,NA,NA,NA,NA,NA,NA,NA,NA
0085356000308,548.7934139,115.1908511,0,Multi Serve,NA,NA,NA,NA,NA,NA,NA,NA,NA,NA,NA,NA,NA,NA,NA,NA,NA,NA,NA,NA,NA,NA,NA,NA
0004023249455,118305.5799,9492.501685,0,Multi Serve,NA,NA,NA,NA,NA,NA,NA,NA,NA,NA,NA,NA,NA,NA,NA,NA,NA,NA,NA,NA,NA,NA,NA,NA
0075036904111,0,0,0,Multi Serve,NA,NA,NA,NA,NA,NA,NA,NA,NA,NA,NA,NA,NA,NA,NA,NA,NA,NA,NA,NA,NA,NA,NA,NA
0086000008463,116203.6759,11138.94805,0,Multi Serve,NA,NA,NA,NA,NA,NA,NA,NA,NA,NA,NA,NA,NA,NA,NA,NA,NA,NA,NA,NA,NA,NA,NA,NA
0000712423717,3637.259393,888.4665327,0,Multi Serve,NA,NA,NA,NA,NA,NA,NA,NA,NA,NA,NA,NA,NA,NA,NA,NA,NA,NA,NA,NA,NA,NA,NA,NA
0003120505200,15946948.92,4539247.15,0,Multi Serve,Non- Indulgent,Meat Combos,Others,Deluxe/Supreme/Meat Combo,Meat Combos,Non-Veg,Red Sauce,No Gluten Claim Present,Value,Regular Crust,32 Oz,Large (>= 30 Oz),Conv Oven,Thick/Original,Regular Crust,1 Ct,Box,No Vegan Claim Present,Natural Claim Present,No Gmo Claim Present,No Organic Claim Present,No Plant based claim,No Preservative-Free Claim Present,BFY
0087673201123,7510.76964,1199.757275,0,Multi Serve,NA,NA,NA,NA,NA,NA,NA,NA,NA,NA,NA,NA,NA,NA,NA,NA,NA,NA,NA,NA,NA,NA,NA,NA
0000339848568,0,0,0,Multi Serve,NA,NA,NA,NA,NA,NA,NA,NA,NA,NA,NA,NA,NA,NA,NA,NA,NA,NA,NA,NA,NA,NA,NA,NA
0000019729468,1928186.694,348318.1992,0,Multi Serve,Non- Indulgent,Pepperoni,Others,Others,Pepperoni,PL,PL,No Gluten Claim Present,Value,Regular Crust,19.1 Oz,Small (<=20 Oz),Conv Oven,PL,PL,1 Ct,Box,No Vegan Claim Present,No Natural Claim Present,No Gmo Claim Present,No Organic Claim Present,No Plant based claim,No Preservative-Free Claim Present,Non BFY
0000338800526,576764.1709,53138.68609,0,Multi Serve,NA,NA,NA,NA,NA,NA,NA,NA,NA,NA,NA,NA,NA,NA,NA,NA,NA,NA,NA,NA,NA,NA,NA,NA
0001205746459,114131.964,47926.04607,0,Multi Serve,NA,NA,NA,NA,NA,NA,NA,NA,NA,NA,NA,NA,NA,NA,NA,NA,NA,NA,NA,NA,NA,NA,NA,NA
0000644883595,0,0,0,Multi Serve,NA,NA,NA,NA,NA,NA,NA,NA,NA,NA,NA,NA,NA,NA,NA,NA,NA,NA,NA,NA,NA,NA,NA,NA
0003952890101,0,0,0,Multi Serve,NA,NA,NA,NA,NA,NA,NA,NA,NA,NA,NA,NA,NA,NA,NA,NA,NA,NA,NA,NA,NA,NA,NA,NA
0001202979412,114460.9671,19671.41365,0,Multi Serve,NA,NA,NA,NA,NA,NA,NA,NA,NA,NA,NA,NA,NA,NA,NA,NA,NA,NA,NA,NA,NA,NA,NA,NA
0005843120465,0,0,0,Multi Serve,NA,NA,NA,NA,NA,NA,NA,NA,NA,NA,NA,NA,NA,NA,NA,NA,NA,NA,NA,NA,NA,NA,NA,NA
0081007747002,428.5673786,96.43677773,0,Multi Serve,NA,NA,NA,NA,NA,NA,NA,NA,NA,NA,NA,NA,NA,NA,NA,NA,NA,NA,NA,NA,NA,NA,NA,NA
0007349013372,1219.325575,143.9900139,0,Multi Serve,NA,NA,NA,NA,NA,NA,NA,NA,NA,NA,NA,NA,NA,NA,NA,NA,NA,NA,NA,NA,NA,NA,NA,NA
0270070883103,0,0,1,Multi Serve,NA,NA,NA,NA,NA,NA,NA,NA,NA,NA,NA,NA,NA,NA,NA,NA,NA,NA,NA,NA,NA,NA,NA,NA
0000031242506,0,0,0,Multi Serve,NA,NA,NA,NA,NA,NA,NA,NA,NA,NA,NA,NA,NA,NA,NA,NA,NA,NA,NA,NA,NA,NA,NA,NA
0007192196764,0,0,1,Multi Serve,NA,NA,NA,NA,NA,NA,NA,NA,NA,NA,NA,NA,NA,NA,NA,NA,NA,NA,NA,NA,NA,NA,NA,NA
0000132221627,0,0,0,Multi Serve,NA,NA,NA,NA,NA,NA,NA,NA,NA,NA,NA,NA,NA,NA,NA,NA,NA,NA,NA,NA,NA,NA,NA,NA
0067763600007,667882.0169,130482.9612,0,Multi Serve,NA,NA,NA,NA,NA,NA,NA,NA,NA,NA,NA,NA,NA,NA,NA,NA,NA,NA,NA,NA,NA,NA,NA,NA
0007218063788,0,0,0,Multi Serve,NA,NA,NA,NA,NA,NA,NA,NA,NA,NA,NA,NA,NA,NA,NA,NA,NA,NA,NA,NA,NA,NA,NA,NA
0086195604002,3818.25502,596.9754565,0,Multi Serve,NA,NA,NA,NA,NA,NA,NA,NA,NA,NA,NA,NA,NA,NA,NA,NA,NA,NA,NA,NA,NA,NA,NA,NA
0000925141171,1179.87034,331.5335564,0,Multi Serve,NA,NA,NA,NA,NA,NA,NA,NA,NA,NA,NA,NA,NA,NA,NA,NA,NA,NA,NA,NA,NA,NA,NA,NA
0009350602848,27239.92222,4007.304985,0,Multi Serve,NA,NA,NA,NA,NA,NA,NA,NA,NA,NA,NA,NA,NA,NA,NA,NA,NA,NA,NA,NA,NA,NA,NA,NA
0064313040005,428912.0971,99133.47497,0,Multi Serve,NA,NA,NA,NA,NA,NA,NA,NA,NA,NA,NA,NA,NA,NA,NA,NA,NA,NA,NA,NA,NA,NA,NA,NA
0007864240001,960499.9085,226071.8088,0,Multi Serve,Non- Indulgent,Pepperoni,Others,Others,Pepperoni,Non-Veg,NA,No Gluten Claim Present,Value,Regular Crust,14.67 OZ,Small (<=20 Oz),Conv Oven,Thick/Original,NA,1 Ct,Box,No Vegan Claim Present,Natural Claim Present,No Gmo Claim Present,No Organic Claim Present,No Plant based claim,No Preservative-Free Claim Present,BFY
0000190562480,0,0,0,Multi Serve,NA,NA,NA,NA,NA,NA,NA,NA,NA,NA,NA,NA,NA,NA,NA,NA,NA,NA,NA,NA,NA,NA,NA,NA
0001199923746,0,0,0,Multi Serve,NA,NA,NA,NA,NA,NA,NA,NA,NA,NA,NA,NA,NA,NA,NA,NA,NA,NA,NA,NA,NA,NA,NA,NA
0087145900293,187.6657995,13.79068293,0,Multi Serve,NA,NA,NA,NA,NA,NA,NA,NA,NA,NA,NA,NA,NA,NA,NA,NA,NA,NA,NA,NA,NA,NA,NA,NA
0000568515689,0,0,0,Multi Serve,NA,NA,NA,NA,NA,NA,NA,NA,NA,NA,NA,NA,NA,NA,NA,NA,NA,NA,NA,NA,NA,NA,NA,NA
0085003702207,206.1255048,37.81849587,0,Multi Serve,NA,NA,NA,NA,NA,NA,NA,NA,NA,NA,NA,NA,NA,NA,NA,NA,NA,NA,NA,NA,NA,NA,NA,NA
0803346232004,6950.444894,876.1130245,0,Multi Serve,NA,NA,NA,NA,NA,NA,NA,NA,NA,NA,NA,NA,NA,NA,NA,NA,NA,NA,NA,NA,NA,NA,NA,NA
0000351422698,0,0,0,Multi Serve,NA,NA,NA,NA,NA,NA,NA,NA,NA,NA,NA,NA,NA,NA,NA,NA,NA,NA,NA,NA,NA,NA,NA,NA
0000193346221,0,0,0,Multi Serve,NA,NA,NA,NA,NA,NA,NA,NA,NA,NA,NA,NA,NA,NA,NA,NA,NA,NA,NA,NA,NA,NA,NA,NA
0085001837000,0,0,0,Multi Serve,NA,NA,NA,NA,NA,NA,NA,NA,NA,NA,NA,NA,NA,NA,NA,NA,NA,NA,NA,NA,NA,NA,NA,NA
0007218056741,0,0,0,Multi Serve,NA,NA,NA,NA,NA,NA,NA,NA,NA,NA,NA,NA,NA,NA,NA,NA,NA,NA,NA,NA,NA,NA,NA,NA
0067283100195,0,0,0,Multi Serve,NA,NA,NA,NA,NA,NA,NA,NA,NA,NA,NA,NA,NA,NA,NA,NA,NA,NA,NA,NA,NA,NA,NA,NA
0000358333062,0,0,0,Multi Serve,NA,NA,NA,NA,NA,NA,NA,NA,NA,NA,NA,NA,NA,NA,NA,NA,NA,NA,NA,NA,NA,NA,NA,NA
0801429430291,0,0,0,Multi Serve,NA,NA,NA,NA,NA,NA,NA,NA,NA,NA,NA,NA,NA,NA,NA,NA,NA,NA,NA,NA,NA,NA,NA,NA
0000101742992,0,0,0,Multi Serve,NA,NA,NA,NA,NA,NA,NA,NA,NA,NA,NA,NA,NA,NA,NA,NA,NA,NA,NA,NA,NA,NA,NA,NA
0068614800004,23103.33562,4547.258491,0,Multi Serve,NA,NA,NA,NA,NA,NA,NA,NA,NA,NA,NA,NA,NA,NA,NA,NA,NA,NA,NA,NA,NA,NA,NA,NA
0085448400801,115934.8861,8617.973254,0,Multi Serve,NA,NA,NA,NA,NA,NA,NA,NA,NA,NA,NA,NA,NA,NA,NA,NA,NA,NA,NA,NA,NA,NA,NA,NA
0085786200606,17423.35227,2294.559122,0,Multi Serve,NA,NA,NA,NA,NA,NA,NA,NA,NA,NA,NA,NA,NA,NA,NA,NA,NA,NA,NA,NA,NA,NA,NA,NA
0001059210610,1724016.813,607156.5116,0,Multi Serve,Non- Indulgent,Pepperoni,Others,Others,Pepperoni,Non-Veg,PL,No Gluten Claim Present,Value,Regular Crust,20.6 Oz,Medium (20-30 Oz),Conv Oven,Thick/Original,Regular Crust,1 Ct,Box,No Vegan Claim Present,No Natural Claim Present,No Gmo Claim Present,No Organic Claim Present,PL,No Preservative-Free Claim Present,Non BFY
0000939066603,39065.92717,6513.406123,0,Multi Serve,NA,NA,NA,NA,NA,NA,NA,NA,NA,NA,NA,NA,NA,NA,NA,NA,NA,NA,NA,NA,NA,NA,NA,NA
0000006726726,0,0,0,Multi Serve,NA,NA,NA,NA,NA,NA,NA,NA,NA,NA,NA,NA,NA,NA,NA,NA,NA,NA,NA,NA,NA,NA,NA,NA
0007911430434,1807.568119,391.3523655,0,Multi Serve,NA,NA,NA,NA,NA,NA,NA,NA,NA,NA,NA,NA,NA,NA,NA,NA,NA,NA,NA,NA,NA,NA,NA,NA
0000134053154,0,0,0,Multi Serve,NA,NA,NA,NA,NA,NA,NA,NA,NA,NA,NA,NA,NA,NA,NA,NA,NA,NA,NA,NA,NA,NA,NA,NA
0000466214455,0,0,0,Multi Serve,NA,NA,NA,NA,NA,NA,NA,NA,NA,NA,NA,NA,NA,NA,NA,NA,NA,NA,NA,NA,NA,NA,NA,NA
0089245300108,4207934.129,495858.6504,0,Multi Serve,Non- Indulgent,Cheese/Plain,Others,Others,Cheese/Plain,Vegetarian,Red Sauce,Gluten Free Claim,Premium,Regular Crust,24 Oz,Medium (20-30 Oz),Conv Oven,Thick/Original,Healthy,1 Ct,Box,No Vegan Claim Present,No Natural Claim Present,No Gmo Claim Present,No Organic Claim Present,No Plant based claim,No Preservative-Free Claim Present,BFY
0087037500500,28225134.8,5560575.501,0,Multi Serve,Indulgent,Pepperoni,Others,Others,Pepperoni,Non-Veg,Red Sauce,No Gluten Claim Present,Mid Tier,Pan/Deep Dish Crust,26.17 Oz,Medium (20-30 Oz),Conv Oven,Thick/Original,Regular Crust,1 Ct,Box,No Vegan Claim Present,No Natural Claim Present,No Gmo Claim Present,No Organic Claim Present,No Plant based claim,No Preservative-Free Claim Present,Non BFY
0007465349185,0,0,1,Multi Serve,NA,NA,NA,NA,NA,NA,NA,NA,NA,NA,NA,NA,NA,NA,NA,NA,NA,NA,NA,NA,NA,NA,NA,NA
0000950679121,2384327.912,240922.0244,0,Multi Serve,Non- Indulgent,Cheese/Plain,Others,Others,Cheese/Plain,Vegetarian,PL,No Gluten Claim Present,Premium,Thin,10.6 Oz,Small (<=20 Oz),Conv Oven,Thin,PL,1 Ct,Box,No Vegan Claim Present,No Natural Claim Present,Non-Gmo Claim,No Organic Claim Present,No Plant based claim,No Preservative-Free Claim Present,BFY
0007192170909,0,0,0,Multi Serve,NA,NA,NA,NA,NA,NA,NA,NA,NA,NA,NA,NA,NA,NA,NA,NA,NA,NA,NA,NA,NA,NA,NA,NA
0067400700114,4211.807548,467.0889232,0,Multi Serve,NA,NA,NA,NA,NA,NA,NA,NA,NA,NA,NA,NA,NA,NA,NA,NA,NA,NA,NA,NA,NA,NA,NA,NA
0000750729953,3.731885151,1.782506119,0,Multi Serve,NA,NA,NA,NA,NA,NA,NA,NA,NA,NA,NA,NA,NA,NA,NA,NA,NA,NA,NA,NA,NA,NA,NA,NA
0000467413234,0,0,0,Multi Serve,NA,NA,NA,NA,NA,NA,NA,NA,NA,NA,NA,NA,NA,NA,NA,NA,NA,NA,NA,NA,NA,NA,NA,NA
0001477700492,14422.66844,2517.514737,0,Multi Serve,NA,NA,NA,NA,NA,NA,NA,NA,NA,NA,NA,NA,NA,NA,NA,NA,NA,NA,NA,NA,NA,NA,NA,NA
0007192174652,2339812.935,322832.7258,1,Multi Serve,Non- Indulgent,Chicken,Others,Others,Chicken,Non-Veg,Red Sauce,No Gluten Claim Present,Premium,Thin,29.4 Oz,Medium (20-30 Oz),Conv Oven,Thin,NA,2 Ct,Bag In Box,No Vegan Claim Present,No Natural Claim Present,No Gmo Claim Present,No Organic Claim Present,No Plant based claim,No Preservative-Free Claim Present,Non BFY
0003913116981,0,0,0,Multi Serve,NA,NA,NA,NA,NA,NA,NA,NA,NA,NA,NA,NA,NA,NA,NA,NA,NA,NA,NA,NA,NA,NA,NA,NA
0000942638341,3064555.29,1108817.755,0,Multi Serve,Non- Indulgent,Hawaiian Style,Others,Others,Ao Topping,PL,PL,No Gluten Claim Present,Value,Rising Crust,27.97 Oz,Medium (20-30 Oz),Conv Oven,Thick/Original,PL,1 Ct,Box,No Vegan Claim Present,No Natural Claim Present,No Gmo Claim Present,No Organic Claim Present,No Plant based claim,No Preservative-Free Claim Present,Non BFY
0000026026809,13.96,4.1625,0,Multi Serve,NA,NA,NA,NA,NA,NA,NA,NA,NA,NA,NA,NA,NA,NA,NA,NA,NA,NA,NA,NA,NA,NA,NA,NA
0000102166413,0,0,0,Multi Serve,NA,NA,NA,NA,NA,NA,NA,NA,NA,NA,NA,NA,NA,NA,NA,NA,NA,NA,NA,NA,NA,NA,NA,NA
0001674100069,0,0,1,Multi Serve,NA,NA,NA,NA,NA,NA,NA,NA,NA,NA,NA,NA,NA,NA,NA,NA,NA,NA,NA,NA,NA,NA,NA,NA
0000428636386,370121.6863,131696.0612,0,Multi Serve,NA,NA,NA,NA,NA,NA,NA,NA,NA,NA,NA,NA,NA,NA,NA,NA,NA,NA,NA,NA,NA,NA,NA,NA
0068946613207,2610.894268,431.8245965,0,Multi Serve,NA,NA,NA,NA,NA,NA,NA,NA,NA,NA,NA,NA,NA,NA,NA,NA,NA,NA,NA,NA,NA,NA,NA,NA
0000652739254,6.165189803,0.939187929,0,Multi Serve,NA,NA,NA,NA,NA,NA,NA,NA,NA,NA,NA,NA,NA,NA,NA,NA,NA,NA,NA,NA,NA,NA,NA,NA
0007192128883,0,0,1,Multi Serve,NA,NA,NA,NA,NA,NA,NA,NA,NA,NA,NA,NA,NA,NA,NA,NA,NA,NA,NA,NA,NA,NA,NA,NA
0063759910007,245357.9642,35565.79511,0,Multi Serve,NA,NA,NA,NA,NA,NA,NA,NA,NA,NA,NA,NA,NA,NA,NA,NA,NA,NA,NA,NA,NA,NA,NA,NA
0000303128213,0,0,0,Multi Serve,NA,NA,NA,NA,NA,NA,NA,NA,NA,NA,NA,NA,NA,NA,NA,NA,NA,NA,NA,NA,NA,NA,NA,NA
0000469158124,0,0,0,Multi Serve,NA,NA,NA,NA,NA,NA,NA,NA,NA,NA,NA,NA,NA,NA,NA,NA,NA,NA,NA,NA,NA,NA,NA,NA
0085352800171,205311.6,14445,0,Multi Serve,NA,NA,NA,NA,NA,NA,NA,NA,NA,NA,NA,NA,NA,NA,NA,NA,NA,NA,NA,NA,NA,NA,NA,NA
0000763061375,450127.6154,111244.3396,0,Multi Serve,NA,NA,NA,NA,NA,NA,NA,NA,NA,NA,NA,NA,NA,NA,NA,NA,NA,NA,NA,NA,NA,NA,NA,NA
0270071942549,0,0,0,Multi Serve,NA,NA,NA,NA,NA,NA,NA,NA,NA,NA,NA,NA,NA,NA,NA,NA,NA,NA,NA,NA,NA,NA,NA,NA
0008805755839,12130.87463,1420.466941,0,Multi Serve,NA,NA,NA,NA,NA,NA,NA,NA,NA,NA,NA,NA,NA,NA,NA,NA,NA,NA,NA,NA,NA,NA,NA,NA
0085001611413,0,0,0,Multi Serve,NA,NA,NA,NA,NA,NA,NA,NA,NA,NA,NA,NA,NA,NA,NA,NA,NA,NA,NA,NA,NA,NA,NA,NA
0003870895033,2228262.195,444774.7645,0,Multi Serve,Indulgent,Pepperoni,Others,Others,Pepperoni,Non-Veg,NA,No Gluten Claim Present,Mid Tier,Regular Crust,30.2 Oz,Large (>= 30 Oz),Conv Oven,Thick/Original,NA,1 Ct,Over Wrap,No Vegan Claim Present,No Natural Claim Present,No Gmo Claim Present,No Organic Claim Present,No Plant based claim,No Preservative-Free Claim Present,Non BFY
0007192167088,105666.521,25957.93646,1,Multi Serve,NA,NA,NA,NA,NA,NA,NA,NA,NA,NA,NA,NA,NA,NA,NA,NA,NA,NA,NA,NA,NA,NA,NA,NA
0009194596850,245020.6319,41126.22102,0,Multi Serve,NA,NA,NA,NA,NA,NA,NA,NA,NA,NA,NA,NA,NA,NA,NA,NA,NA,NA,NA,NA,NA,NA,NA,NA
0000197211915,3757.431244,881.5201449,0,Multi Serve,NA,NA,NA,NA,NA,NA,NA,NA,NA,NA,NA,NA,NA,NA,NA,NA,NA,NA,NA,NA,NA,NA,NA,NA
0009194596855,484927.537,87420.42894,0,Multi Serve,Non- Indulgent,Ao Topping,Others,Others,Ao Topping,Vegetarian,White,No Gluten Claim Present,Mid Tier,Regular Crust,22.26 Oz,Medium (20-30 Oz),Conv Oven,Thin,NA,1 Ct,Box,No Vegan Claim Present,No Natural Claim Present,No Gmo Claim Present,No Organic Claim Present,No Plant based claim,No Preservative-Free Claim Present,Non BFY
0000343787368,1057.55,194.90625,0,Multi Serve,NA,NA,NA,NA,NA,NA,NA,NA,NA,NA,NA,NA,NA,NA,NA,NA,NA,NA,NA,NA,NA,NA,NA,NA
0082623400002,0,0,0,Multi Serve,NA,NA,NA,NA,NA,NA,NA,NA,NA,NA,NA,NA,NA,NA,NA,NA,NA,NA,NA,NA,NA,NA,NA,NA
0002125393043,0,0,0,Multi Serve,Non- Indulgent,Ao Topping,Others,Others,Ao Topping,PL,PL,No Gluten Claim Present,Value,Ao Crust,14.65 Oz,Small (<=20 Oz),Conv Oven,PL,PL,1 Ct,Box,No Vegan Claim Present,No Natural Claim Present,No Gmo Claim Present,No Organic Claim Present,No Plant based claim,No Preservative-Free Claim Present,Non BFY
0000703859094,0,0,0,Multi Serve,NA,NA,NA,NA,NA,NA,NA,NA,NA,NA,NA,NA,NA,NA,NA,NA,NA,NA,NA,NA,NA,NA,NA,NA
0000734072826,0,0,0,Multi Serve,NA,NA,NA,NA,NA,NA,NA,NA,NA,NA,NA,NA,NA,NA,NA,NA,NA,NA,NA,NA,NA,NA,NA,NA
0074853507775,0,0,0,Multi Serve,NA,NA,NA,NA,NA,NA,NA,NA,NA,NA,NA,NA,NA,NA,NA,NA,NA,NA,NA,NA,NA,NA,NA,NA
0000887894959,73814.89797,10377.62806,0,Multi Serve,NA,NA,NA,NA,NA,NA,NA,NA,NA,NA,NA,NA,NA,NA,NA,NA,NA,NA,NA,NA,NA,NA,NA,NA
0005843120454,0,0,0,Multi Serve,NA,NA,NA,NA,NA,NA,NA,NA,NA,NA,NA,NA,NA,NA,NA,NA,NA,NA,NA,NA,NA,NA,NA,NA
0007570630234,0,0,0,Multi Serve,NA,NA,NA,NA,NA,NA,NA,NA,NA,NA,NA,NA,NA,NA,NA,NA,NA,NA,NA,NA,NA,NA,NA,NA
0007570612755,234675.6605,55071.56777,0,Multi Serve,NA,NA,NA,NA,NA,NA,NA,NA,NA,NA,NA,NA,NA,NA,NA,NA,NA,NA,NA,NA,NA,NA,NA,NA
0003870895082,0,0,0,Multi Serve,NA,NA,NA,NA,NA,NA,NA,NA,NA,NA,NA,NA,NA,NA,NA,NA,NA,NA,NA,NA,NA,NA,NA,NA
0002069112004,1510.045666,280.1118966,0,Multi Serve,NA,NA,NA,NA,NA,NA,NA,NA,NA,NA,NA,NA,NA,NA,NA,NA,NA,NA,NA,NA,NA,NA,NA,NA
0007570615101,38261968.55,7800583.754,0,Multi Serve,Indulgent,Pepperoni,Others,Others,Pepperoni,Non-Veg,Red Sauce,No Gluten Claim Present,Mid Tier,Regular Crust,22.3 Oz,Medium (20-30 Oz),Conv Oven,Thick/Original,Regular Crust,1 Ct,Box,No Vegan Claim Present,No Natural Claim Present,No Gmo Claim Present,No Organic Claim Present,No Plant based claim,No Preservative-Free Claim Present,Non BFY
0000031103506,75134.39017,18935.71064,0,Multi Serve,NA,NA,NA,NA,NA,NA,NA,NA,NA,NA,NA,NA,NA,NA,NA,NA,NA,NA,NA,NA,NA,NA,NA,NA
0007192174321,4682.505792,566.9404687,1,Multi Serve,NA,NA,NA,NA,NA,NA,NA,NA,NA,NA,NA,NA,NA,NA,NA,NA,NA,NA,NA,NA,NA,NA,NA,NA
0074825250331,0,0,0,Multi Serve,NA,NA,NA,NA,NA,NA,NA,NA,NA,NA,NA,NA,NA,NA,NA,NA,NA,NA,NA,NA,NA,NA,NA,NA
0007192178474,6604763.185,1031517.508,1,Multi Serve,Non- Indulgent,Cheese/Plain,Others,Others,Cheese/Plain,Vegetarian,Red Sauce,No Gluten Claim Present,Mid Tier,Stuffed Crust,21 Oz,Medium (20-30 Oz),Conv Oven,Thick/Original,Regular Crust,1 Ct,Box,No Vegan Claim Present,No Natural Claim Present,No Gmo Claim Present,No Organic Claim Present,No Plant based claim,No Preservative-Free Claim Present,Non BFY
0001154021144,280703.7309,43907.81162,0,Multi Serve,NA,NA,NA,NA,NA,NA,NA,NA,NA,NA,NA,NA,NA,NA,NA,NA,NA,NA,NA,NA,NA,NA,NA,NA
0001199923748,0,0,0,Multi Serve,NA,NA,NA,NA,NA,NA,NA,NA,NA,NA,NA,NA,NA,NA,NA,NA,NA,NA,NA,NA,NA,NA,NA,NA
0001202972994,46481.47266,7170.676795,0,Multi Serve,NA,NA,NA,NA,NA,NA,NA,NA,NA,NA,NA,NA,NA,NA,NA,NA,NA,NA,NA,NA,NA,NA,NA,NA
0085161400623,0,0,0,Multi Serve,NA,NA,NA,NA,NA,NA,NA,NA,NA,NA,NA,NA,NA,NA,NA,NA,NA,NA,NA,NA,NA,NA,NA,NA
0005070612008,0,0,0,Multi Serve,NA,NA,NA,NA,NA,NA,NA,NA,NA,NA,NA,NA,NA,NA,NA,NA,NA,NA,NA,NA,NA,NA,NA,NA
0000939902420,0,0,0,Multi Serve,NA,NA,NA,NA,NA,NA,NA,NA,NA,NA,NA,NA,NA,NA,NA,NA,NA,NA,NA,NA,NA,NA,NA,NA
0005994908084,0,0,0,Multi Serve,NA,NA,NA,NA,NA,NA,NA,NA,NA,NA,NA,NA,NA,NA,NA,NA,NA,NA,NA,NA,NA,NA,NA,NA
0270070883341,0,0,0,Multi Serve,NA,NA,NA,NA,NA,NA,NA,NA,NA,NA,NA,NA,NA,NA,NA,NA,NA,NA,NA,NA,NA,NA,NA,NA
0001205746471,134580.0459,50551.55257,0,Multi Serve,NA,NA,NA,NA,NA,NA,NA,NA,NA,NA,NA,NA,NA,NA,NA,NA,NA,NA,NA,NA,NA,NA,NA,NA
0000861091953,5.006685201,1.232473888,0,Multi Serve,NA,NA,NA,NA,NA,NA,NA,NA,NA,NA,NA,NA,NA,NA,NA,NA,NA,NA,NA,NA,NA,NA,NA,NA
0088570901019,360730.6643,55767.97663,0,Multi Serve,NA,NA,NA,NA,NA,NA,NA,NA,NA,NA,NA,NA,NA,NA,NA,NA,NA,NA,NA,NA,NA,NA,NA,NA
0064313030920,1476340.6,410086.0966,0,Multi Serve,Indulgent,Sausage,Others,Others,Sausage,Non-Veg,Red Sauce,No Gluten Claim Present,Mid Tier,Pan/Deep Dish Crust,32 Oz,Large (>= 30 Oz),Conv Oven,Thick/Original,Regular Crust,1 Ct,Box,No Vegan Claim Present,Natural Claim Present,No Gmo Claim Present,No Organic Claim Present,No Plant based claim,Preservative-Free Claim,BFY
0000752060805,0,0,0,Multi Serve,NA,NA,NA,NA,NA,NA,NA,NA,NA,NA,NA,NA,NA,NA,NA,NA,NA,NA,NA,NA,NA,NA,NA,NA
0000191856388,0,0,0,Multi Serve,NA,NA,NA,NA,NA,NA,NA,NA,NA,NA,NA,NA,NA,NA,NA,NA,NA,NA,NA,NA,NA,NA,NA,NA
0002660513000,46488.489,7550.3725,0,Multi Serve,NA,NA,NA,NA,NA,NA,NA,NA,NA,NA,NA,NA,NA,NA,NA,NA,NA,NA,NA,NA,NA,NA,NA,NA
0000031112140,0,0,0,Multi Serve,NA,NA,NA,NA,NA,NA,NA,NA,NA,NA,NA,NA,NA,NA,NA,NA,NA,NA,NA,NA,NA,NA,NA,NA
0087145900294,21304.82253,1735.501291,0,Multi Serve,NA,NA,NA,NA,NA,NA,NA,NA,NA,NA,NA,NA,NA,NA,NA,NA,NA,NA,NA,NA,NA,NA,NA,NA
0000752060806,0,0,0,Multi Serve,NA,NA,NA,NA,NA,NA,NA,NA,NA,NA,NA,NA,NA,NA,NA,NA,NA,NA,NA,NA,NA,NA,NA,NA
0089784600200,69781.51229,12525.61186,0,Multi Serve,NA,NA,NA,NA,NA,NA,NA,NA,NA,NA,NA,NA,NA,NA,NA,NA,NA,NA,NA,NA,NA,NA,NA,NA
0087282400820,0,0,0,Multi Serve,NA,NA,NA,NA,NA,NA,NA,NA,NA,NA,NA,NA,NA,NA,NA,NA,NA,NA,NA,NA,NA,NA,NA,NA
0007192119963,512147.9364,72958.78203,1,Multi Serve,NA,NA,NA,NA,NA,NA,NA,NA,NA,NA,NA,NA,NA,NA,NA,NA,NA,NA,NA,NA,NA,NA,NA,NA
0001994946761,0,0,0,Multi Serve,NA,NA,NA,NA,NA,NA,NA,NA,NA,NA,NA,NA,NA,NA,NA,NA,NA,NA,NA,NA,NA,NA,NA,NA
0003870895192,44535.70233,7033.001779,0,Multi Serve,NA,NA,NA,NA,NA,NA,NA,NA,NA,NA,NA,NA,NA,NA,NA,NA,NA,NA,NA,NA,NA,NA,NA,NA
0001205746450,166733.6445,60796.95208,0,Multi Serve,NA,NA,NA,NA,NA,NA,NA,NA,NA,NA,NA,NA,NA,NA,NA,NA,NA,NA,NA,NA,NA,NA,NA,NA
0085084100202,900.4840921,112.1516727,0,Multi Serve,NA,NA,NA,NA,NA,NA,NA,NA,NA,NA,NA,NA,NA,NA,NA,NA,NA,NA,NA,NA,NA,NA,NA,NA
0082623400001,0,0,0,Multi Serve,NA,NA,NA,NA,NA,NA,NA,NA,NA,NA,NA,NA,NA,NA,NA,NA,NA,NA,NA,NA,NA,NA,NA,NA
0000041033868,0,0,0,Multi Serve,NA,NA,NA,NA,NA,NA,NA,NA,NA,NA,NA,NA,NA,NA,NA,NA,NA,NA,NA,NA,NA,NA,NA,NA
0003952890138,170713.3925,27280.90363,0,Multi Serve,Indulgent,Deluxe/Supreme,Deluxe/Supreme,Deluxe/Supreme/Meat Combo,Meat Combos,Non-Veg,NA,No Gluten Claim Present,Mid Tier,Pan/Deep Dish Crust,24.6 Oz,Medium (20-30 Oz),Conv Oven,Thick/Original,Regular Crust,1 Ct,Box,No Vegan Claim Present,No Natural Claim Present,No Gmo Claim Present,No Organic Claim Present,No Plant based claim,No Preservative-Free Claim Present,Non BFY
0001109520539,2915636.925,708037.6767,0,Multi Serve,Non- Indulgent,Meat Combos,Others,Deluxe/Supreme/Meat Combo,Meat Combos,Non-Veg,PL,No Gluten Claim Present,Value,Pan/Deep Dish Crust,25.6 Oz,Medium (20-30 Oz),Conv Oven,Thick/Original,PL,1 Ct,Box,No Vegan Claim Present,No Natural Claim Present,No Gmo Claim Present,No Organic Claim Present,No Plant based claim,No Preservative-Free Claim Present,Non BFY
0000814231344,0,0,0,Multi Serve,NA,NA,NA,NA,NA,NA,NA,NA,NA,NA,NA,NA,NA,NA,NA,NA,NA,NA,NA,NA,NA,NA,NA,NA
0069781201232,45303.11785,5810.466782,0,Multi Serve,NA,NA,NA,NA,NA,NA,NA,NA,NA,NA,NA,NA,NA,NA,NA,NA,NA,NA,NA,NA,NA,NA,NA,NA
0005073207012,0,0,0,Multi Serve,NA,NA,NA,NA,NA,NA,NA,NA,NA,NA,NA,NA,NA,NA,NA,NA,NA,NA,NA,NA,NA,NA,NA,NA
0085001610700,0,0,0,Multi Serve,NA,NA,NA,NA,NA,NA,NA,NA,NA,NA,NA,NA,NA,NA,NA,NA,NA,NA,NA,NA,NA,NA,NA,NA
0000942700002,152.0023037,16.42330073,0,Multi Serve,NA,NA,NA,NA,NA,NA,NA,NA,NA,NA,NA,NA,NA,NA,NA,NA,NA,NA,NA,NA,NA,NA,NA,NA
0001047203997,23.7824597,9.293988297,0,Multi Serve,NA,NA,NA,NA,NA,NA,NA,NA,NA,NA,NA,NA,NA,NA,NA,NA,NA,NA,NA,NA,NA,NA,NA,NA
0078339000025,32609.98027,4724.640545,0,Multi Serve,NA,NA,NA,NA,NA,NA,NA,NA,NA,NA,NA,NA,NA,NA,NA,NA,NA,NA,NA,NA,NA,NA,NA,NA
0005070600004,10247.06639,1514.25703,0,Multi Serve,NA,NA,NA,NA,NA,NA,NA,NA,NA,NA,NA,NA,NA,NA,NA,NA,NA,NA,NA,NA,NA,NA,NA,NA
0000330392678,13.40382291,2.342592172,0,Multi Serve,NA,NA,NA,NA,NA,NA,NA,NA,NA,NA,NA,NA,NA,NA,NA,NA,NA,NA,NA,NA,NA,NA,NA,NA
0068506001207,19368.48865,3250.382126,0,Multi Serve,NA,NA,NA,NA,NA,NA,NA,NA,NA,NA,NA,NA,NA,NA,NA,NA,NA,NA,NA,NA,NA,NA,NA,NA
0000598042136,0,0,0,Multi Serve,NA,NA,NA,NA,NA,NA,NA,NA,NA,NA,NA,NA,NA,NA,NA,NA,NA,NA,NA,NA,NA,NA,NA,NA
0000035861999,0,0,0,Multi Serve,NA,NA,NA,NA,NA,NA,NA,NA,NA,NA,NA,NA,NA,NA,NA,NA,NA,NA,NA,NA,NA,NA,NA,NA
0003913116853,12726739.47,2919819.868,0,Multi Serve,Non- Indulgent,Deluxe/Supreme,Deluxe/Supreme,Deluxe/Supreme/Meat Combo,Meat Combos,Non-Veg,Red Sauce,No Gluten Claim Present,Premium,Thin,21.71 Oz,Medium (20-30 Oz),Conv Oven,Thin,Regular Crust,1 Ct,Box,No Vegan Claim Present,No Natural Claim Present,No Gmo Claim Present,No Organic Claim Present,No Plant based claim,No Preservative-Free Claim Present,Non BFY
0001477700580,3169.046897,515.8974833,0,Multi Serve,NA,NA,NA,NA,NA,NA,NA,NA,NA,NA,NA,NA,NA,NA,NA,NA,NA,NA,NA,NA,NA,NA,NA,NA
0060629355507,17505.84474,1845.177284,0,Multi Serve,NA,NA,NA,NA,NA,NA,NA,NA,NA,NA,NA,NA,NA,NA,NA,NA,NA,NA,NA,NA,NA,NA,NA,NA
0008355408409,394768.3578,71648.26926,0,Multi Serve,NA,NA,NA,NA,NA,NA,NA,NA,NA,NA,NA,NA,NA,NA,NA,NA,NA,NA,NA,NA,NA,NA,NA,NA
0007660122917,93382.72494,15706.8758,0,Multi Serve,NA,NA,NA,NA,NA,NA,NA,NA,NA,NA,NA,NA,NA,NA,NA,NA,NA,NA,NA,NA,NA,NA,NA,NA
0000948102642,1095406.62,206215.0061,0,Multi Serve,Non- Indulgent,Ao Topping,Others,Others,Ao Topping,PL,PL,No Gluten Claim Present,Value,Thin,13.7 Oz,Small (<=20 Oz),Conv Oven,Thin,PL,1 Ct,Box,No Vegan Claim Present,No Natural Claim Present,No Gmo Claim Present,No Organic Claim Present,No Plant based claim,No Preservative-Free Claim Present,Non BFY
0007570630686,95101.68706,9642.101617,0,Multi Serve,NA,NA,NA,NA,NA,NA,NA,NA,NA,NA,NA,NA,NA,NA,NA,NA,NA,NA,NA,NA,NA,NA,NA,NA
0004219700309,0,0,0,Multi Serve,NA,NA,NA,NA,NA,NA,NA,NA,NA,NA,NA,NA,NA,NA,NA,NA,NA,NA,NA,NA,NA,NA,NA,NA
0007218076272,0,0,0,Multi Serve,NA,NA,NA,NA,NA,NA,NA,NA,NA,NA,NA,NA,NA,NA,NA,NA,NA,NA,NA,NA,NA,NA,NA,NA
0000431546230,561694.2558,106925.8533,0,Multi Serve,Non- Indulgent,Vegetarian,Others,Others,Vegetarian,PL,PL,PL,Value,Ao Crust,15.1 Oz,Small (<=20 Oz),Conv Oven,PL,PL,1 Ct,Box,No Vegan Claim Present,No Natural Claim Present,No Gmo Claim Present,PL,No Plant based claim,No Preservative-Free Claim Present,Non BFY
0000061480693,319917.019,162723.233,0,Multi Serve,NA,NA,NA,NA,NA,NA,NA,NA,NA,NA,NA,NA,NA,NA,NA,NA,NA,NA,NA,NA,NA,NA,NA,NA
0000006462202,1666208.605,503742.2022,0,Multi Serve,Non- Indulgent,Pepperoni,Others,Others,Pepperoni,PL,PL,No Gluten Claim Present,Value,Rising Crust,28.3 Oz,Medium (20-30 Oz),Conv Oven,PL,PL,1 Ct,Box,No Vegan Claim Present,No Natural Claim Present,No Gmo Claim Present,No Organic Claim Present,No Plant based claim,No Preservative-Free Claim Present,Non BFY
0003913116979,0,0,0,Multi Serve,NA,NA,NA,NA,NA,NA,NA,NA,NA,NA,NA,NA,NA,NA,NA,NA,NA,NA,NA,NA,NA,NA,NA,NA
0007192197728,2408327.07,519399.5499,1,Multi Serve,Non- Indulgent,Meat Combos,Others,Deluxe/Supreme/Meat Combo,Meat Combos,Non-Veg,Red Sauce,No Gluten Claim Present,Value,Ao Crust,20 Oz,Small (<=20 Oz),Conv Oven,Thick/Original,NA,1 Ct,Box,No Vegan Claim Present,No Natural Claim Present,No Gmo Claim Present,No Organic Claim Present,No Plant based claim,No Preservative-Free Claim Present,Non BFY
0000341129693,19.59915181,11.52817711,0,Multi Serve,NA,NA,NA,NA,NA,NA,NA,NA,NA,NA,NA,NA,NA,NA,NA,NA,NA,NA,NA,NA,NA,NA,NA,NA
0002660511127,175768.5325,40283.99468,0,Multi Serve,NA,NA,NA,NA,NA,NA,NA,NA,NA,NA,NA,NA,NA,NA,NA,NA,NA,NA,NA,NA,NA,NA,NA,NA
0085856600300,0,0,0,Multi Serve,NA,NA,NA,NA,NA,NA,NA,NA,NA,NA,NA,NA,NA,NA,NA,NA,NA,NA,NA,NA,NA,NA,NA,NA
0067400721411,168356.4736,18631.3724,0,Multi Serve,NA,NA,NA,NA,NA,NA,NA,NA,NA,NA,NA,NA,NA,NA,NA,NA,NA,NA,NA,NA,NA,NA,NA,NA
0000682915323,139596.2731,39577.67543,0,Multi Serve,NA,NA,NA,NA,NA,NA,NA,NA,NA,NA,NA,NA,NA,NA,NA,NA,NA,NA,NA,NA,NA,NA,NA,NA
0000353766360,518691.6428,85453.26997,0,Multi Serve,NA,NA,NA,NA,NA,NA,NA,NA,NA,NA,NA,NA,NA,NA,NA,NA,NA,NA,NA,NA,NA,NA,NA,NA
0001990371343,2398146.592,414789.3564,0,Multi Serve,Non- Indulgent,Vegetarian,Others,Others,Vegetarian,Vegetarian,PL,No Gluten Claim Present,Value,Ao Crust,18.7 Oz,Small (<=20 Oz),Conv Oven,PL,PL,1 Ct,Box,No Vegan Claim Present,No Natural Claim Present,No Gmo Claim Present,No Organic Claim Present,No Plant based claim,No Preservative-Free Claim Present,Non BFY
0069781201244,102986.3885,9853.821211,0,Multi Serve,NA,NA,NA,NA,NA,NA,NA,NA,NA,NA,NA,NA,NA,NA,NA,NA,NA,NA,NA,NA,NA,NA,NA,NA
0000268720220,153853.3728,25802.62811,0,Multi Serve,NA,NA,NA,NA,NA,NA,NA,NA,NA,NA,NA,NA,NA,NA,NA,NA,NA,NA,NA,NA,NA,NA,NA,NA
0000053664655,0,0,0,Multi Serve,NA,NA,NA,NA,NA,NA,NA,NA,NA,NA,NA,NA,NA,NA,NA,NA,NA,NA,NA,NA,NA,NA,NA,NA
0000006324901,0,0,0,Multi Serve,NA,NA,NA,NA,NA,NA,NA,NA,NA,NA,NA,NA,NA,NA,NA,NA,NA,NA,NA,NA,NA,NA,NA,NA
0005149723789,352624.2279,26926.0749,0,Multi Serve,NA,NA,NA,NA,NA,NA,NA,NA,NA,NA,NA,NA,NA,NA,NA,NA,NA,NA,NA,NA,NA,NA,NA,NA
0001813503001,5037.253897,795.8249964,0,Multi Serve,NA,NA,NA,NA,NA,NA,NA,NA,NA,NA,NA,NA,NA,NA,NA,NA,NA,NA,NA,NA,NA,NA,NA,NA
0000769601078,4671671.966,514776.169,0,Multi Serve,Non- Indulgent,Uncured Pepperoni,Others,Others,Pepperoni,Non-Veg,PL,No Gluten Claim Present,Premium,Veggie Crust,14 Oz,Small (<=20 Oz),Conv Oven,PL,PL,1 Ct,Box,No Vegan Claim Present,No Natural Claim Present,No Gmo Claim Present,No Organic Claim Present,No Plant based claim,No Preservative-Free Claim Present,Non BFY
0001674165832,0,0,1,Multi Serve,NA,NA,NA,NA,NA,NA,NA,NA,NA,NA,NA,NA,NA,NA,NA,NA,NA,NA,NA,NA,NA,NA,NA,NA
0086767700002,0,0,0,Multi Serve,NA,NA,NA,NA,NA,NA,NA,NA,NA,NA,NA,NA,NA,NA,NA,NA,NA,NA,NA,NA,NA,NA,NA,NA
0007192100779,15065949.1,1552955.358,1,Multi Serve,Non- Indulgent,Pepperoni,Others,Others,Pepperoni,Non-Veg,Red Sauce,No Gluten Claim Present,Premium,Thin,13.6 Oz,Small (<=20 Oz),Conv Oven,Thin,Regular Crust,1 Ct,Box,No Vegan Claim Present,No Natural Claim Present,No Gmo Claim Present,No Organic Claim Present,No Plant based claim,No Preservative-Free Claim Present,Non BFY
0007192149595,0,0,1,Multi Serve,NA,NA,NA,NA,NA,NA,NA,NA,NA,NA,NA,NA,NA,NA,NA,NA,NA,NA,NA,NA,NA,NA,NA,NA
0001202973191,48651.57502,12242.82181,0,Multi Serve,NA,NA,NA,NA,NA,NA,NA,NA,NA,NA,NA,NA,NA,NA,NA,NA,NA,NA,NA,NA,NA,NA,NA,NA
0000364590621,1268810.023,201563.0428,0,Multi Serve,NA,NA,NA,NA,NA,NA,NA,NA,NA,NA,NA,NA,NA,NA,NA,NA,NA,NA,NA,NA,NA,NA,NA,NA
0073178903520,80112.7622,6269.70975,0,Multi Serve,NA,NA,NA,NA,NA,NA,NA,NA,NA,NA,NA,NA,NA,NA,NA,NA,NA,NA,NA,NA,NA,NA,NA,NA
0000135541087,0,0,0,Multi Serve,NA,NA,NA,NA,NA,NA,NA,NA,NA,NA,NA,NA,NA,NA,NA,NA,NA,NA,NA,NA,NA,NA,NA,NA
0007192100379,109364.8145,27737.66966,1,Multi Serve,NA,NA,NA,NA,NA,NA,NA,NA,NA,NA,NA,NA,NA,NA,NA,NA,NA,NA,NA,NA,NA,NA,NA,NA
0000092293011,2.522601557,1.019424826,0,Multi Serve,NA,NA,NA,NA,NA,NA,NA,NA,NA,NA,NA,NA,NA,NA,NA,NA,NA,NA,NA,NA,NA,NA,NA,NA
0000196706779,0,0,0,Multi Serve,NA,NA,NA,NA,NA,NA,NA,NA,NA,NA,NA,NA,NA,NA,NA,NA,NA,NA,NA,NA,NA,NA,NA,NA
0000029573353,100873.3001,30322.16443,0,Multi Serve,NA,NA,NA,NA,NA,NA,NA,NA,NA,NA,NA,NA,NA,NA,NA,NA,NA,NA,NA,NA,NA,NA,NA,NA
0000001708708,0,0,0,Multi Serve,NA,NA,NA,NA,NA,NA,NA,NA,NA,NA,NA,NA,NA,NA,NA,NA,NA,NA,NA,NA,NA,NA,NA,NA
0000678298611,0,0,0,Multi Serve,NA,NA,NA,NA,NA,NA,NA,NA,NA,NA,NA,NA,NA,NA,NA,NA,NA,NA,NA,NA,NA,NA,NA,NA
0000193340087,0,0,0,Multi Serve,NA,NA,NA,NA,NA,NA,NA,NA,NA,NA,NA,NA,NA,NA,NA,NA,NA,NA,NA,NA,NA,NA,NA,NA
0004300008075,0,0,0,Multi Serve,NA,NA,NA,NA,NA,NA,NA,NA,NA,NA,NA,NA,NA,NA,NA,NA,NA,NA,NA,NA,NA,NA,NA,NA
0801429430191,0,0,0,Multi Serve,NA,NA,NA,NA,NA,NA,NA,NA,NA,NA,NA,NA,NA,NA,NA,NA,NA,NA,NA,NA,NA,NA,NA,NA
0000092704406,56718.02857,10260.80783,0,Multi Serve,NA,NA,NA,NA,NA,NA,NA,NA,NA,NA,NA,NA,NA,NA,NA,NA,NA,NA,NA,NA,NA,NA,NA,NA
0000933403003,0,0,0,Multi Serve,NA,NA,NA,NA,NA,NA,NA,NA,NA,NA,NA,NA,NA,NA,NA,NA,NA,NA,NA,NA,NA,NA,NA,NA
0007570630378,101685.588,26231.03307,0,Multi Serve,NA,NA,NA,NA,NA,NA,NA,NA,NA,NA,NA,NA,NA,NA,NA,NA,NA,NA,NA,NA,NA,NA,NA,NA
0001813502001,48239.81397,6917.284414,0,Multi Serve,NA,NA,NA,NA,NA,NA,NA,NA,NA,NA,NA,NA,NA,NA,NA,NA,NA,NA,NA,NA,NA,NA,NA,NA
0000452879779,83.26474389,13.98172783,0,Multi Serve,NA,NA,NA,NA,NA,NA,NA,NA,NA,NA,NA,NA,NA,NA,NA,NA,NA,NA,NA,NA,NA,NA,NA,NA
0086130900022,0,0,0,Multi Serve,NA,NA,NA,NA,NA,NA,NA,NA,NA,NA,NA,NA,NA,NA,NA,NA,NA,NA,NA,NA,NA,NA,NA,NA
0004570900019,0,0,0,Multi Serve,NA,NA,NA,NA,NA,NA,NA,NA,NA,NA,NA,NA,NA,NA,NA,NA,NA,NA,NA,NA,NA,NA,NA,NA
0071006930100,108167.8064,9822.521485,0,Multi Serve,NA,NA,NA,NA,NA,NA,NA,NA,NA,NA,NA,NA,NA,NA,NA,NA,NA,NA,NA,NA,NA,NA,NA,NA
0087037500505,81.55868818,17.75868133,0,Multi Serve,NA,NA,NA,NA,NA,NA,NA,NA,NA,NA,NA,NA,NA,NA,NA,NA,NA,NA,NA,NA,NA,NA,NA,NA
0009350602854,0,0,0,Multi Serve,NA,NA,NA,NA,NA,NA,NA,NA,NA,NA,NA,NA,NA,NA,NA,NA,NA,NA,NA,NA,NA,NA,NA,NA
0007570630452,0,0,0,Multi Serve,NA,NA,NA,NA,NA,NA,NA,NA,NA,NA,NA,NA,NA,NA,NA,NA,NA,NA,NA,NA,NA,NA,NA,NA
0085561600726,2813.106524,410.5219866,0,Multi Serve,NA,NA,NA,NA,NA,NA,NA,NA,NA,NA,NA,NA,NA,NA,NA,NA,NA,NA,NA,NA,NA,NA,NA,NA
0085704900400,0,0,0,Multi Serve,NA,NA,NA,NA,NA,NA,NA,NA,NA,NA,NA,NA,NA,NA,NA,NA,NA,NA,NA,NA,NA,NA,NA,NA
0085587300855,0,0,0,Multi Serve,NA,NA,NA,NA,NA,NA,NA,NA,NA,NA,NA,NA,NA,NA,NA,NA,NA,NA,NA,NA,NA,NA,NA,NA
0000678298615,0,0,0,Multi Serve,NA,NA,NA,NA,NA,NA,NA,NA,NA,NA,NA,NA,NA,NA,NA,NA,NA,NA,NA,NA,NA,NA,NA,NA
0005073201319,16569.45584,3009.682621,0,Multi Serve,NA,NA,NA,NA,NA,NA,NA,NA,NA,NA,NA,NA,NA,NA,NA,NA,NA,NA,NA,NA,NA,NA,NA,NA
0803346232005,70480.10469,8232.545738,0,Multi Serve,NA,NA,NA,NA,NA,NA,NA,NA,NA,NA,NA,NA,NA,NA,NA,NA,NA,NA,NA,NA,NA,NA,NA,NA
0000015282433,197402.9684,76585.06708,0,Multi Serve,NA,NA,NA,NA,NA,NA,NA,NA,NA,NA,NA,NA,NA,NA,NA,NA,NA,NA,NA,NA,NA,NA,NA,NA
0078358392082,33628.42345,4190.207318,0,Multi Serve,NA,NA,NA,NA,NA,NA,NA,NA,NA,NA,NA,NA,NA,NA,NA,NA,NA,NA,NA,NA,NA,NA,NA,NA
0000643413689,10.97,4.46875,0,Multi Serve,NA,NA,NA,NA,NA,NA,NA,NA,NA,NA,NA,NA,NA,NA,NA,NA,NA,NA,NA,NA,NA,NA,NA,NA
0007748500008,13787.32328,1412.058948,0,Multi Serve,NA,NA,NA,NA,NA,NA,NA,NA,NA,NA,NA,NA,NA,NA,NA,NA,NA,NA,NA,NA,NA,NA,NA,NA
0087145900162,4236.200336,497.618221,0,Multi Serve,NA,NA,NA,NA,NA,NA,NA,NA,NA,NA,NA,NA,NA,NA,NA,NA,NA,NA,NA,NA,NA,NA,NA,NA
0079540419333,0,0,0,Multi Serve,NA,NA,NA,NA,NA,NA,NA,NA,NA,NA,NA,NA,NA,NA,NA,NA,NA,NA,NA,NA,NA,NA,NA,NA
0000129441941,0,0,0,Multi Serve,NA,NA,NA,NA,NA,NA,NA,NA,NA,NA,NA,NA,NA,NA,NA,NA,NA,NA,NA,NA,NA,NA,NA,NA
0000132221658,0,0,0,Multi Serve,NA,NA,NA,NA,NA,NA,NA,NA,NA,NA,NA,NA,NA,NA,NA,NA,NA,NA,NA,NA,NA,NA,NA,NA
0085005505801,112351.0687,10544.70815,0,Multi Serve,NA,NA,NA,NA,NA,NA,NA,NA,NA,NA,NA,NA,NA,NA,NA,NA,NA,NA,NA,NA,NA,NA,NA,NA
0007570630478,388015.8122,126691.2992,0,Multi Serve,NA,NA,NA,NA,NA,NA,NA,NA,NA,NA,NA,NA,NA,NA,NA,NA,NA,NA,NA,NA,NA,NA,NA,NA
0000780347201,0,0,0,Multi Serve,NA,NA,NA,NA,NA,NA,NA,NA,NA,NA,NA,NA,NA,NA,NA,NA,NA,NA,NA,NA,NA,NA,NA,NA
0007218076274,0,0,0,Multi Serve,NA,NA,NA,NA,NA,NA,NA,NA,NA,NA,NA,NA,NA,NA,NA,NA,NA,NA,NA,NA,NA,NA,NA,NA
0001058093366,0,0,0,Multi Serve,NA,NA,NA,NA,NA,NA,NA,NA,NA,NA,NA,NA,NA,NA,NA,NA,NA,NA,NA,NA,NA,NA,NA,NA
0000054078133,0,0,0,Multi Serve,NA,NA,NA,NA,NA,NA,NA,NA,NA,NA,NA,NA,NA,NA,NA,NA,NA,NA,NA,NA,NA,NA,NA,NA
0009140472030,14285.7939,2433.224698,0,Multi Serve,NA,NA,NA,NA,NA,NA,NA,NA,NA,NA,NA,NA,NA,NA,NA,NA,NA,NA,NA,NA,NA,NA,NA,NA
0000253032788,417332.3179,44208.30524,0,Multi Serve,NA,NA,NA,NA,NA,NA,NA,NA,NA,NA,NA,NA,NA,NA,NA,NA,NA,NA,NA,NA,NA,NA,NA,NA
0001034042112,19649.79734,9728.41699,0,Multi Serve,NA,NA,NA,NA,NA,NA,NA,NA,NA,NA,NA,NA,NA,NA,NA,NA,NA,NA,NA,NA,NA,NA,NA,NA
0000439407824,157819.72,24847.5,0,Multi Serve,NA,NA,NA,NA,NA,NA,NA,NA,NA,NA,NA,NA,NA,NA,NA,NA,NA,NA,NA,NA,NA,NA,NA,NA
0001380055267,0,0,1,Multi Serve,NA,NA,NA,NA,NA,NA,NA,NA,NA,NA,NA,NA,NA,NA,NA,NA,NA,NA,NA,NA,NA,NA,NA,NA
0079583588253,0,0,0,Multi Serve,NA,NA,NA,NA,NA,NA,NA,NA,NA,NA,NA,NA,NA,NA,NA,NA,NA,NA,NA,NA,NA,NA,NA,NA
0069899781016,0,0,0,Multi Serve,NA,NA,NA,NA,NA,NA,NA,NA,NA,NA,NA,NA,NA,NA,NA,NA,NA,NA,NA,NA,NA,NA,NA,NA
0000393058348,38357.07479,5766.435078,0,Multi Serve,NA,NA,NA,NA,NA,NA,NA,NA,NA,NA,NA,NA,NA,NA,NA,NA,NA,NA,NA,NA,NA,NA,NA,NA
0000395219590,0,0,0,Multi Serve,NA,NA,NA,NA,NA,NA,NA,NA,NA,NA,NA,NA,NA,NA,NA,NA,NA,NA,NA,NA,NA,NA,NA,NA
0000644883681,458359.0333,81191.63404,0,Multi Serve,NA,NA,NA,NA,NA,NA,NA,NA,NA,NA,NA,NA,NA,NA,NA,NA,NA,NA,NA,NA,NA,NA,NA,NA
0000653413550,114002.3227,16486.96668,0,Multi Serve,NA,NA,NA,NA,NA,NA,NA,NA,NA,NA,NA,NA,NA,NA,NA,NA,NA,NA,NA,NA,NA,NA,NA,NA
0007192176312,154136.2484,33376.27975,1,Multi Serve,NA,NA,NA,NA,NA,NA,NA,NA,NA,NA,NA,NA,NA,NA,NA,NA,NA,NA,NA,NA,NA,NA,NA,NA
0000119272304,18.19735572,6.360720124,0,Multi Serve,NA,NA,NA,NA,NA,NA,NA,NA,NA,NA,NA,NA,NA,NA,NA,NA,NA,NA,NA,NA,NA,NA,NA,NA
0019641100029,1603618.984,211729.1111,0,Multi Serve,Non- Indulgent,Cheese/Plain,Others,Others,Cheese/Plain,Vegetarian,NA,Gluten Free Claim,Premium,Veggie Crust,35.55 Oz,Large (>= 30 Oz),Conv Oven,Thin,Healthy,3 Ct,Box,No Vegan Claim Present,No Natural Claim Present,No Gmo Claim Present,No Organic Claim Present,No Plant based claim,No Preservative-Free Claim Present,BFY
0002870444100,0,0,0,Multi Serve,NA,NA,NA,NA,NA,NA,NA,NA,NA,NA,NA,NA,NA,NA,NA,NA,NA,NA,NA,NA,NA,NA,NA,NA
0073178943033,0,0,0,Multi Serve,NA,NA,NA,NA,NA,NA,NA,NA,NA,NA,NA,NA,NA,NA,NA,NA,NA,NA,NA,NA,NA,NA,NA,NA
0007390000512,42347.63373,9317.363468,0,Multi Serve,NA,NA,NA,NA,NA,NA,NA,NA,NA,NA,NA,NA,NA,NA,NA,NA,NA,NA,NA,NA,NA,NA,NA,NA
0005833618003,142265.6847,31272.29462,0,Multi Serve,NA,NA,NA,NA,NA,NA,NA,NA,NA,NA,NA,NA,NA,NA,NA,NA,NA,NA,NA,NA,NA,NA,NA,NA
0009350602728,305.0926604,57.27646941,0,Multi Serve,NA,NA,NA,NA,NA,NA,NA,NA,NA,NA,NA,NA,NA,NA,NA,NA,NA,NA,NA,NA,NA,NA,NA,NA
0007192111561,21685.3145,4474.265674,1,Multi Serve,NA,NA,NA,NA,NA,NA,NA,NA,NA,NA,NA,NA,NA,NA,NA,NA,NA,NA,NA,NA,NA,NA,NA,NA
0083746400081,0,0,0,Multi Serve,NA,NA,NA,NA,NA,NA,NA,NA,NA,NA,NA,NA,NA,NA,NA,NA,NA,NA,NA,NA,NA,NA,NA,NA
0003870895241,0,0,0,Multi Serve,NA,NA,NA,NA,NA,NA,NA,NA,NA,NA,NA,NA,NA,NA,NA,NA,NA,NA,NA,NA,NA,NA,NA,NA
0001075863118,2881.886207,1205.353019,0,Multi Serve,NA,NA,NA,NA,NA,NA,NA,NA,NA,NA,NA,NA,NA,NA,NA,NA,NA,NA,NA,NA,NA,NA,NA,NA
0005833618006,0,0,0,Multi Serve,NA,NA,NA,NA,NA,NA,NA,NA,NA,NA,NA,NA,NA,NA,NA,NA,NA,NA,NA,NA,NA,NA,NA,NA
0079450453423,0,0,0,Multi Serve,NA,NA,NA,NA,NA,NA,NA,NA,NA,NA,NA,NA,NA,NA,NA,NA,NA,NA,NA,NA,NA,NA,NA,NA
0000016233480,280201.5257,42405.4239,0,Multi Serve,NA,NA,NA,NA,NA,NA,NA,NA,NA,NA,NA,NA,NA,NA,NA,NA,NA,NA,NA,NA,NA,NA,NA,NA
0000487935649,0,0,0,Multi Serve,NA,NA,NA,NA,NA,NA,NA,NA,NA,NA,NA,NA,NA,NA,NA,NA,NA,NA,NA,NA,NA,NA,NA,NA
0081496700406,130.9202814,13.92854834,0,Multi Serve,NA,NA,NA,NA,NA,NA,NA,NA,NA,NA,NA,NA,NA,NA,NA,NA,NA,NA,NA,NA,NA,NA,NA,NA
0000922358787,601488.9354,72995.2848,0,Multi Serve,NA,NA,NA,NA,NA,NA,NA,NA,NA,NA,NA,NA,NA,NA,NA,NA,NA,NA,NA,NA,NA,NA,NA,NA
0085002369015,1030.633464,121.8681404,0,Multi Serve,NA,NA,NA,NA,NA,NA,NA,NA,NA,NA,NA,NA,NA,NA,NA,NA,NA,NA,NA,NA,NA,NA,NA,NA
0004219700204,6570537.308,1306820.142,0,Multi Serve,Indulgent,Cheese/Plain,Others,Others,Cheese/Plain,Vegetarian,Red Sauce,No Gluten Claim Present,Mid Tier,Regular Crust,21.75 Oz,Medium (20-30 Oz),Conv Oven,Thick/Original,Regular Crust,1 Ct,Over Wrap,No Vegan Claim Present,No Natural Claim Present,No Gmo Claim Present,No Organic Claim Present,No Plant based claim,No Preservative-Free Claim Present,Non BFY
0086889800031,410423.6243,26187.21704,0,Multi Serve,NA,NA,NA,NA,NA,NA,NA,NA,NA,NA,NA,NA,NA,NA,NA,NA,NA,NA,NA,NA,NA,NA,NA,NA
0001813524003,107483.2944,15548.6043,0,Multi Serve,NA,NA,NA,NA,NA,NA,NA,NA,NA,NA,NA,NA,NA,NA,NA,NA,NA,NA,NA,NA,NA,NA,NA,NA
0007218056624,70309145.57,20431929.45,0,Multi Serve,Non- Indulgent,Meat Combos,Others,Deluxe/Supreme/Meat Combo,Meat Combos,Non-Veg,Red Sauce,No Gluten Claim Present,Value,Regular Crust,21.95 Oz,Medium (20-30 Oz),Conv Oven,Thick/Original,Regular Crust,1 Ct,Box,No Vegan Claim Present,No Natural Claim Present,No Gmo Claim Present,No Organic Claim Present,No Plant based claim,No Preservative-Free Claim Present,Non BFY
0001202972996,20711.9611,3950.398008,0,Multi Serve,NA,NA,NA,NA,NA,NA,NA,NA,NA,NA,NA,NA,NA,NA,NA,NA,NA,NA,NA,NA,NA,NA,NA,NA
0000006092776,0,0,0,Multi Serve,NA,NA,NA,NA,NA,NA,NA,NA,NA,NA,NA,NA,NA,NA,NA,NA,NA,NA,NA,NA,NA,NA,NA,NA
0000209191810,107837.5601,14162.24733,0,Multi Serve,NA,NA,NA,NA,NA,NA,NA,NA,NA,NA,NA,NA,NA,NA,NA,NA,NA,NA,NA,NA,NA,NA,NA,NA
0000734072819,0,0,0,Multi Serve,NA,NA,NA,NA,NA,NA,NA,NA,NA,NA,NA,NA,NA,NA,NA,NA,NA,NA,NA,NA,NA,NA,NA,NA
0007660130002,62369.20726,12107.59028,0,Multi Serve,NA,NA,NA,NA,NA,NA,NA,NA,NA,NA,NA,NA,NA,NA,NA,NA,NA,NA,NA,NA,NA,NA,NA,NA
0007465392068,7731094.926,1919690.795,1,Multi Serve,Non- Indulgent,Bacon,Others,Others,Bacon,Non-Veg,Red Sauce,No Gluten Claim Present,Value,Regular Crust,14.9 Oz,Small (<=20 Oz),Conv Oven,Thick/Original,Regular Crust,1 Ct,Over Wrap,No Vegan Claim Present,No Natural Claim Present,No Gmo Claim Present,No Organic Claim Present,No Plant based claim,No Preservative-Free Claim Present,Non BFY
0004570900020,0,0,0,Multi Serve,NA,NA,NA,NA,NA,NA,NA,NA,NA,NA,NA,NA,NA,NA,NA,NA,NA,NA,NA,NA,NA,NA,NA,NA
0082578301030,63866.26045,8375.023773,0,Multi Serve,NA,NA,NA,NA,NA,NA,NA,NA,NA,NA,NA,NA,NA,NA,NA,NA,NA,NA,NA,NA,NA,NA,NA,NA
0073178903120,11713.40168,731.0229112,0,Multi Serve,NA,NA,NA,NA,NA,NA,NA,NA,NA,NA,NA,NA,NA,NA,NA,NA,NA,NA,NA,NA,NA,NA,NA,NA
0007538380213,0,0,0,Multi Serve,NA,NA,NA,NA,NA,NA,NA,NA,NA,NA,NA,NA,NA,NA,NA,NA,NA,NA,NA,NA,NA,NA,NA,NA
0000942653696,6700551.572,1480078.602,0,Multi Serve,Non- Indulgent,Meat Combos,Others,Deluxe/Supreme/Meat Combo,Meat Combos,Non-Veg,PL,No Gluten Claim Present,Value,Thin,17.55 Oz,Small (<=20 Oz),Conv Oven,Thin,PL,1 Ct,Box,No Vegan Claim Present,No Natural Claim Present,No Gmo Claim Present,No Organic Claim Present,No Plant based claim,No Preservative-Free Claim Present,Non BFY
0002660511123,475749.6257,96905.5804,0,Multi Serve,NA,NA,NA,NA,NA,NA,NA,NA,NA,NA,NA,NA,NA,NA,NA,NA,NA,NA,NA,NA,NA,NA,NA,NA
0270071319947,0,0,0,Multi Serve,NA,NA,NA,NA,NA,NA,NA,NA,NA,NA,NA,NA,NA,NA,NA,NA,NA,NA,NA,NA,NA,NA,NA,NA
0089784600205,551529.2268,142317.1332,0,Multi Serve,NA,NA,NA,NA,NA,NA,NA,NA,NA,NA,NA,NA,NA,NA,NA,NA,NA,NA,NA,NA,NA,NA,NA,NA
0000701880055,0,0,0,Multi Serve,NA,NA,NA,NA,NA,NA,NA,NA,NA,NA,NA,NA,NA,NA,NA,NA,NA,NA,NA,NA,NA,NA,NA,NA
0071006930103,72404.46946,8063.579831,0,Multi Serve,NA,NA,NA,NA,NA,NA,NA,NA,NA,NA,NA,NA,NA,NA,NA,NA,NA,NA,NA,NA,NA,NA,NA,NA
0004219700025,1979341.143,623505.577,0,Multi Serve,Non- Indulgent,Meat Combos,Others,Deluxe/Supreme/Meat Combo,Meat Combos,Non-Veg,NA,No Gluten Claim Present,Value,Rising Crust,26.5 Oz,Medium (20-30 Oz),Conv Oven,Thick/Original,NA,1 Ct,Over Wrap,No Vegan Claim Present,No Natural Claim Present,No Gmo Claim Present,No Organic Claim Present,No Plant based claim,No Preservative-Free Claim Present,Non BFY
0000936577087,7647412.34,3351745.814,0,Multi Serve,Non- Indulgent,Pepperoni,Others,Others,Pepperoni,Non-Veg,PL,No Gluten Claim Present,Value,Rising Crust,30.2 Oz,Large (>= 30 Oz),Conv Oven,Thick/Original,PL,1 Ct,Box,No Vegan Claim Present,No Natural Claim Present,No Gmo Claim Present,No Organic Claim Present,PL,No Preservative-Free Claim Present,Non BFY
0086340400020,176657.5397,20439.93144,0,Multi Serve,NA,NA,NA,NA,NA,NA,NA,NA,NA,NA,NA,NA,NA,NA,NA,NA,NA,NA,NA,NA,NA,NA,NA,NA
0000334322952,0,0,0,Multi Serve,NA,NA,NA,NA,NA,NA,NA,NA,NA,NA,NA,NA,NA,NA,NA,NA,NA,NA,NA,NA,NA,NA,NA,NA
0000030664696,0,0,0,Multi Serve,NA,NA,NA,NA,NA,NA,NA,NA,NA,NA,NA,NA,NA,NA,NA,NA,NA,NA,NA,NA,NA,NA,NA,NA
0001477700485,3355.565341,563.425027,0,Multi Serve,NA,NA,NA,NA,NA,NA,NA,NA,NA,NA,NA,NA,NA,NA,NA,NA,NA,NA,NA,NA,NA,NA,NA,NA
0085452700424,362152.4205,79117.54395,0,Multi Serve,NA,NA,NA,NA,NA,NA,NA,NA,NA,NA,NA,NA,NA,NA,NA,NA,NA,NA,NA,NA,NA,NA,NA,NA
0272110582697,0,0,0,Multi Serve,NA,NA,NA,NA,NA,NA,NA,NA,NA,NA,NA,NA,NA,NA,NA,NA,NA,NA,NA,NA,NA,NA,NA,NA
0007192101628,0,0,1,Multi Serve,NA,NA,NA,NA,NA,NA,NA,NA,NA,NA,NA,NA,NA,NA,NA,NA,NA,NA,NA,NA,NA,NA,NA,NA
0000354672615,978152.7981,316121.2536,0,Multi Serve,Non- Indulgent,Cheese/Plain,Others,Others,Cheese/Plain,PL,PL,No Gluten Claim Present,Value,Rising Crust,28.8 Oz,Medium (20-30 Oz),Conv Oven,PL,PL,1 Ct,Box,No Vegan Claim Present,No Natural Claim Present,No Gmo Claim Present,No Organic Claim Present,No Plant based claim,No Preservative-Free Claim Present,Non BFY
0007218063639,683.1321473,101.1080671,0,Multi Serve,NA,NA,NA,NA,NA,NA,NA,NA,NA,NA,NA,NA,NA,NA,NA,NA,NA,NA,NA,NA,NA,NA,NA,NA
0000458959912,113681.6981,19137.5777,0,Multi Serve,NA,NA,NA,NA,NA,NA,NA,NA,NA,NA,NA,NA,NA,NA,NA,NA,NA,NA,NA,NA,NA,NA,NA,NA
0086409100040,50886.11278,12810.17032,0,Multi Serve,NA,NA,NA,NA,NA,NA,NA,NA,NA,NA,NA,NA,NA,NA,NA,NA,NA,NA,NA,NA,NA,NA,NA,NA
0000722635690,0,0,0,Multi Serve,NA,NA,NA,NA,NA,NA,NA,NA,NA,NA,NA,NA,NA,NA,NA,NA,NA,NA,NA,NA,NA,NA,NA,NA
0007570631090,236662.5271,54447.99981,0,Multi Serve,NA,NA,NA,NA,NA,NA,NA,NA,NA,NA,NA,NA,NA,NA,NA,NA,NA,NA,NA,NA,NA,NA,NA,NA
0085037700529,0,0,0,Multi Serve,NA,NA,NA,NA,NA,NA,NA,NA,NA,NA,NA,NA,NA,NA,NA,NA,NA,NA,NA,NA,NA,NA,NA,NA
0086340400028,26710.50223,3151.693161,0,Multi Serve,NA,NA,NA,NA,NA,NA,NA,NA,NA,NA,NA,NA,NA,NA,NA,NA,NA,NA,NA,NA,NA,NA,NA,NA
0007390000014,16422.2074,3826.950633,0,Multi Serve,NA,NA,NA,NA,NA,NA,NA,NA,NA,NA,NA,NA,NA,NA,NA,NA,NA,NA,NA,NA,NA,NA,NA,NA
0001205746472,169467.5626,62351.61489,0,Multi Serve,NA,NA,NA,NA,NA,NA,NA,NA,NA,NA,NA,NA,NA,NA,NA,NA,NA,NA,NA,NA,NA,NA,NA,NA
0007192115974,5032254.891,1544556.578,1,Multi Serve,Non- Indulgent,Pepperoni,Others,Others,Pepperoni,Non-Veg,Red Sauce,No Gluten Claim Present,Mid Tier,Rising Crust,74.2 Oz,Large (>= 30 Oz),Conv Oven,Thick/Original,Regular Crust,3 Ct,Box,No Vegan Claim Present,No Natural Claim Present,No Gmo Claim Present,No Organic Claim Present,No Plant based claim,No Preservative-Free Claim Present,Non BFY
0003120506000,27180077.7,6140649.258,0,Multi Serve,Non- Indulgent,Cheese/Plain,Others,Others,Cheese/Plain,Vegetarian,Red Sauce,No Gluten Claim Present,Mid Tier,Regular Crust,27 Oz,Medium (20-30 Oz),Conv Oven,Thick/Original,Regular Crust,1 Ct,Box,No Vegan Claim Present,Natural Claim Present,No Gmo Claim Present,No Organic Claim Present,No Plant based claim,No Preservative-Free Claim Present,BFY
0007570615302,0,0,0,Multi Serve,NA,NA,NA,NA,NA,NA,NA,NA,NA,NA,NA,NA,NA,NA,NA,NA,NA,NA,NA,NA,NA,NA,NA,NA
0000268015753,14.68886279,3.473895035,0,Multi Serve,NA,NA,NA,NA,NA,NA,NA,NA,NA,NA,NA,NA,NA,NA,NA,NA,NA,NA,NA,NA,NA,NA,NA,NA
0086000008462,229602.1535,23901.60203,0,Multi Serve,NA,NA,NA,NA,NA,NA,NA,NA,NA,NA,NA,NA,NA,NA,NA,NA,NA,NA,NA,NA,NA,NA,NA,NA
0004219700394,431895.9419,84611.05521,0,Multi Serve,NA,NA,NA,NA,NA,NA,NA,NA,NA,NA,NA,NA,NA,NA,NA,NA,NA,NA,NA,NA,NA,NA,NA,NA
0000942700008,0,0,0,Multi Serve,NA,NA,NA,NA,NA,NA,NA,NA,NA,NA,NA,NA,NA,NA,NA,NA,NA,NA,NA,NA,NA,NA,NA,NA
0000200381888,703740.1749,114769.2,0,Multi Serve,Non- Indulgent,Ao Topping,Others,Others,Ao Topping,PL,PL,No Gluten Claim Present,Value,Thin,12.8 Oz,Small (<=20 Oz),Conv Oven,PL,PL,1 Ct,Box,No Vegan Claim Present,No Natural Claim Present,No Gmo Claim Present,No Organic Claim Present,No Plant based claim,No Preservative-Free Claim Present,Non BFY
0085002855487,378.7384574,130.153636,0,Multi Serve,NA,NA,NA,NA,NA,NA,NA,NA,NA,NA,NA,NA,NA,NA,NA,NA,NA,NA,NA,NA,NA,NA,NA,NA
0270071510522,0,0,0,Multi Serve,NA,NA,NA,NA,NA,NA,NA,NA,NA,NA,NA,NA,NA,NA,NA,NA,NA,NA,NA,NA,NA,NA,NA,NA
0000729198610,92954.93811,24366.65448,0,Multi Serve,NA,NA,NA,NA,NA,NA,NA,NA,NA,NA,NA,NA,NA,NA,NA,NA,NA,NA,NA,NA,NA,NA,NA,NA
0004219700348,0,0,0,Multi Serve,NA,NA,NA,NA,NA,NA,NA,NA,NA,NA,NA,NA,NA,NA,NA,NA,NA,NA,NA,NA,NA,NA,NA,NA
0086039600133,0,0,0,Multi Serve,NA,NA,NA,NA,NA,NA,NA,NA,NA,NA,NA,NA,NA,NA,NA,NA,NA,NA,NA,NA,NA,NA,NA,NA
0007390000019,8757.403591,1929.433273,0,Multi Serve,NA,NA,NA,NA,NA,NA,NA,NA,NA,NA,NA,NA,NA,NA,NA,NA,NA,NA,NA,NA,NA,NA,NA,NA
0089257600174,1531.661249,518.1108351,0,Multi Serve,NA,NA,NA,NA,NA,NA,NA,NA,NA,NA,NA,NA,NA,NA,NA,NA,NA,NA,NA,NA,NA,NA,NA,NA
0085493400775,0,0,0,Multi Serve,NA,NA,NA,NA,NA,NA,NA,NA,NA,NA,NA,NA,NA,NA,NA,NA,NA,NA,NA,NA,NA,NA,NA,NA
0001477700490,104125.484,27224.16936,0,Multi Serve,NA,NA,NA,NA,NA,NA,NA,NA,NA,NA,NA,NA,NA,NA,NA,NA,NA,NA,NA,NA,NA,NA,NA,NA
0000563850625,380711.5093,64256.2129,0,Multi Serve,NA,NA,NA,NA,NA,NA,NA,NA,NA,NA,NA,NA,NA,NA,NA,NA,NA,NA,NA,NA,NA,NA,NA,NA
0085955300441,18474.48606,1153.625212,0,Multi Serve,NA,NA,NA,NA,NA,NA,NA,NA,NA,NA,NA,NA,NA,NA,NA,NA,NA,NA,NA,NA,NA,NA,NA,NA
0000480563410,4080650.431,908710.3836,0,Multi Serve,Non- Indulgent,Sausage,Others,Others,Sausage,Non-Veg,PL,No Gluten Claim Present,Value,Thin,16.6 Oz,Small (<=20 Oz),Conv Oven,Thin,PL,1 Ct,Box,No Vegan Claim Present,No Natural Claim Present,No Gmo Claim Present,No Organic Claim Present,No Plant based claim,No Preservative-Free Claim Present,Non BFY
0085004649079,62213.40956,5751.892424,0,Multi Serve,NA,NA,NA,NA,NA,NA,NA,NA,NA,NA,NA,NA,NA,NA,NA,NA,NA,NA,NA,NA,NA,NA,NA,NA
0007192156426,0,0,1,Multi Serve,NA,NA,NA,NA,NA,NA,NA,NA,NA,NA,NA,NA,NA,NA,NA,NA,NA,NA,NA,NA,NA,NA,NA,NA
0007192195703,167311.8232,31707.93629,1,Multi Serve,NA,NA,NA,NA,NA,NA,NA,NA,NA,NA,NA,NA,NA,NA,NA,NA,NA,NA,NA,NA,NA,NA,NA,NA
0270070883189,0,0,0,Multi Serve,NA,NA,NA,NA,NA,NA,NA,NA,NA,NA,NA,NA,NA,NA,NA,NA,NA,NA,NA,NA,NA,NA,NA,NA
0000029644097,1307656.122,216079.1311,0,Multi Serve,NA,NA,NA,NA,NA,NA,NA,NA,NA,NA,NA,NA,NA,NA,NA,NA,NA,NA,NA,NA,NA,NA,NA,NA
0000750732791,0,0,0,Multi Serve,NA,NA,NA,NA,NA,NA,NA,NA,NA,NA,NA,NA,NA,NA,NA,NA,NA,NA,NA,NA,NA,NA,NA,NA
0085037700533,0,0,0,Multi Serve,NA,NA,NA,NA,NA,NA,NA,NA,NA,NA,NA,NA,NA,NA,NA,NA,NA,NA,NA,NA,NA,NA,NA,NA
0007570618012,250.3277223,32.38076272,0,Multi Serve,NA,NA,NA,NA,NA,NA,NA,NA,NA,NA,NA,NA,NA,NA,NA,NA,NA,NA,NA,NA,NA,NA,NA,NA
0000595282425,147416.6577,52443.59139,0,Multi Serve,NA,NA,NA,NA,NA,NA,NA,NA,NA,NA,NA,NA,NA,NA,NA,NA,NA,NA,NA,NA,NA,NA,NA,NA
0067400700227,12828.94968,1435.802379,0,Multi Serve,NA,NA,NA,NA,NA,NA,NA,NA,NA,NA,NA,NA,NA,NA,NA,NA,NA,NA,NA,NA,NA,NA,NA,NA
0008355409898,31355.24314,4066.149161,0,Multi Serve,NA,NA,NA,NA,NA,NA,NA,NA,NA,NA,NA,NA,NA,NA,NA,NA,NA,NA,NA,NA,NA,NA,NA,NA
0005149723788,934746.4147,67077.23588,0,Multi Serve,NA,NA,NA,NA,NA,NA,NA,NA,NA,NA,NA,NA,NA,NA,NA,NA,NA,NA,NA,NA,NA,NA,NA,NA
0004300008263,0,0,0,Multi Serve,NA,NA,NA,NA,NA,NA,NA,NA,NA,NA,NA,NA,NA,NA,NA,NA,NA,NA,NA,NA,NA,NA,NA,NA
0001120122173,62363.93719,10112.64622,0,Multi Serve,NA,NA,NA,NA,NA,NA,NA,NA,NA,NA,NA,NA,NA,NA,NA,NA,NA,NA,NA,NA,NA,NA,NA,NA
0000483164339,0,0,0,Multi Serve,NA,NA,NA,NA,NA,NA,NA,NA,NA,NA,NA,NA,NA,NA,NA,NA,NA,NA,NA,NA,NA,NA,NA,NA
0085002369013,18447.63942,2166.23551,0,Multi Serve,NA,NA,NA,NA,NA,NA,NA,NA,NA,NA,NA,NA,NA,NA,NA,NA,NA,NA,NA,NA,NA,NA,NA,NA
0000876146608,0,0,0,Multi Serve,NA,NA,NA,NA,NA,NA,NA,NA,NA,NA,NA,NA,NA,NA,NA,NA,NA,NA,NA,NA,NA,NA,NA,NA
0076584762970,4597.437271,698.6781597,0,Multi Serve,NA,NA,NA,NA,NA,NA,NA,NA,NA,NA,NA,NA,NA,NA,NA,NA,NA,NA,NA,NA,NA,NA,NA,NA
0000847127121,0,0,0,Multi Serve,NA,NA,NA,NA,NA,NA,NA,NA,NA,NA,NA,NA,NA,NA,NA,NA,NA,NA,NA,NA,NA,NA,NA,NA
0000643815978,0,0,0,Multi Serve,NA,NA,NA,NA,NA,NA,NA,NA,NA,NA,NA,NA,NA,NA,NA,NA,NA,NA,NA,NA,NA,NA,NA,NA
0081496700001,8746.581575,1551.05663,0,Multi Serve,NA,NA,NA,NA,NA,NA,NA,NA,NA,NA,NA,NA,NA,NA,NA,NA,NA,NA,NA,NA,NA,NA,NA,NA
0000003342776,611.0803652,150.3345208,0,Multi Serve,NA,NA,NA,NA,NA,NA,NA,NA,NA,NA,NA,NA,NA,NA,NA,NA,NA,NA,NA,NA,NA,NA,NA,NA
0000006749112,0,0,0,Multi Serve,NA,NA,NA,NA,NA,NA,NA,NA,NA,NA,NA,NA,NA,NA,NA,NA,NA,NA,NA,NA,NA,NA,NA,NA
0007192192264,0,0,1,Multi Serve,NA,NA,NA,NA,NA,NA,NA,NA,NA,NA,NA,NA,NA,NA,NA,NA,NA,NA,NA,NA,NA,NA,NA,NA
0000008502925,161899.5342,47789.89871,0,Multi Serve,NA,NA,NA,NA,NA,NA,NA,NA,NA,NA,NA,NA,NA,NA,NA,NA,NA,NA,NA,NA,NA,NA,NA,NA
0080679562203,86836.5691,16695.55096,0,Multi Serve,NA,NA,NA,NA,NA,NA,NA,NA,NA,NA,NA,NA,NA,NA,NA,NA,NA,NA,NA,NA,NA,NA,NA,NA
0001161727400,0,0,0,Multi Serve,NA,NA,NA,NA,NA,NA,NA,NA,NA,NA,NA,NA,NA,NA,NA,NA,NA,NA,NA,NA,NA,NA,NA,NA
0005070614327,0,0,0,Multi Serve,NA,NA,NA,NA,NA,NA,NA,NA,NA,NA,NA,NA,NA,NA,NA,NA,NA,NA,NA,NA,NA,NA,NA,NA
0003870894916,5895.873078,1125.103481,0,Multi Serve,NA,NA,NA,NA,NA,NA,NA,NA,NA,NA,NA,NA,NA,NA,NA,NA,NA,NA,NA,NA,NA,NA,NA,NA
0001034020855,65478.88778,13237.85028,0,Multi Serve,NA,NA,NA,NA,NA,NA,NA,NA,NA,NA,NA,NA,NA,NA,NA,NA,NA,NA,NA,NA,NA,NA,NA,NA
0007465311465,3805063.946,957357.9699,1,Multi Serve,Non- Indulgent,Meat Combos,Others,Deluxe/Supreme/Meat Combo,Meat Combos,Non-Veg,Red Sauce,No Gluten Claim Present,Value,Regular Crust,15 Oz,Small (<=20 Oz),Conv Oven,Thick/Original,Regular Crust,1 Ct,Over Wrap,No Vegan Claim Present,No Natural Claim Present,No Gmo Claim Present,No Organic Claim Present,No Plant based claim,No Preservative-Free Claim Present,Non BFY
0000613377339,0,0,0,Multi Serve,NA,NA,NA,NA,NA,NA,NA,NA,NA,NA,NA,NA,NA,NA,NA,NA,NA,NA,NA,NA,NA,NA,NA,NA
0003870895213,0,0,0,Multi Serve,NA,NA,NA,NA,NA,NA,NA,NA,NA,NA,NA,NA,NA,NA,NA,NA,NA,NA,NA,NA,NA,NA,NA,NA
0009350602878,0,0,0,Multi Serve,NA,NA,NA,NA,NA,NA,NA,NA,NA,NA,NA,NA,NA,NA,NA,NA,NA,NA,NA,NA,NA,NA,NA,NA
0001477703390,11194.03216,2644.326053,0,Multi Serve,NA,NA,NA,NA,NA,NA,NA,NA,NA,NA,NA,NA,NA,NA,NA,NA,NA,NA,NA,NA,NA,NA,NA,NA
0000678298622,0,0,0,Multi Serve,NA,NA,NA,NA,NA,NA,NA,NA,NA,NA,NA,NA,NA,NA,NA,NA,NA,NA,NA,NA,NA,NA,NA,NA
0007390000017,3121.600959,714.1702456,0,Multi Serve,NA,NA,NA,NA,NA,NA,NA,NA,NA,NA,NA,NA,NA,NA,NA,NA,NA,NA,NA,NA,NA,NA,NA,NA
0000134055256,0,0,0,Multi Serve,NA,NA,NA,NA,NA,NA,NA,NA,NA,NA,NA,NA,NA,NA,NA,NA,NA,NA,NA,NA,NA,NA,NA,NA
0439904061400,158378.27,37400.72,0,Multi Serve,NA,NA,NA,NA,NA,NA,NA,NA,NA,NA,NA,NA,NA,NA,NA,NA,NA,NA,NA,NA,NA,NA,NA,NA
0439913742600,19700.34,4191.225,1,Multi Serve,NA,NA,NA,NA,NA,NA,NA,NA,NA,NA,NA,NA,NA,NA,NA,NA,NA,NA,NA,NA,NA,NA,NA,NA
0000674735366,178335.13,30790.75625,0,Multi Serve,NA,NA,NA,NA,NA,NA,NA,NA,NA,NA,NA,NA,NA,NA,NA,NA,NA,NA,NA,NA,NA,NA,NA,NA
0004219700347,0,0,0,Multi Serve,NA,NA,NA,NA,NA,NA,NA,NA,NA,NA,NA,NA,NA,NA,NA,NA,NA,NA,NA,NA,NA,NA,NA,NA
0005070600019,21747.03387,3070.86863,0,Multi Serve,NA,NA,NA,NA,NA,NA,NA,NA,NA,NA,NA,NA,NA,NA,NA,NA,NA,NA,NA,NA,NA,NA,NA,NA
0004980016393,0,0,0,Multi Serve,NA,NA,NA,NA,NA,NA,NA,NA,NA,NA,NA,NA,NA,NA,NA,NA,NA,NA,NA,NA,NA,NA,NA,NA
0070273059884,1152978.841,189108.9335,0,Multi Serve,NA,NA,NA,NA,NA,NA,NA,NA,NA,NA,NA,NA,NA,NA,NA,NA,NA,NA,NA,NA,NA,NA,NA,NA
0089257600173,1083.39603,317.6484603,0,Multi Serve,NA,NA,NA,NA,NA,NA,NA,NA,NA,NA,NA,NA,NA,NA,NA,NA,NA,NA,NA,NA,NA,NA,NA,NA
0000370982151,0,0,0,Multi Serve,NA,NA,NA,NA,NA,NA,NA,NA,NA,NA,NA,NA,NA,NA,NA,NA,NA,NA,NA,NA,NA,NA,NA,NA
0000264452959,965519.7373,369403.2031,0,Multi Serve,Non- Indulgent,Meat Combos,Others,Deluxe/Supreme/Meat Combo,Meat Combos,PL,PL,No Gluten Claim Present,Value,Rising Crust,30.5 Oz,Large (>= 30 Oz),Conv Oven,PL,PL,1 Ct,Box,No Vegan Claim Present,No Natural Claim Present,No Gmo Claim Present,No Organic Claim Present,No Plant based claim,No Preservative-Free Claim Present,Non BFY
0000356317200,3553444.041,513321.5811,0,Multi Serve,Non- Indulgent,Cheese/Plain,Others,Others,Cheese/Plain,Vegetarian,PL,No Gluten Claim Present,Value,Wood Fired,15.5 Oz,Small (<=20 Oz),Conv Oven,PL,PL,1 Ct,Box,No Vegan Claim Present,No Natural Claim Present,No Gmo Claim Present,No Organic Claim Present,No Plant based claim,Preservative-Free Claim,BFY
0002870444800,2108803.074,384669.0617,0,Multi Serve,NA,NA,NA,NA,NA,NA,NA,NA,NA,NA,NA,NA,NA,NA,NA,NA,NA,NA,NA,NA,NA,NA,NA,NA
0075234957413,108485.6391,17511.28894,0,Multi Serve,NA,NA,NA,NA,NA,NA,NA,NA,NA,NA,NA,NA,NA,NA,NA,NA,NA,NA,NA,NA,NA,NA,NA,NA
0008805755834,0,0,0,Multi Serve,NA,NA,NA,NA,NA,NA,NA,NA,NA,NA,NA,NA,NA,NA,NA,NA,NA,NA,NA,NA,NA,NA,NA,NA
0000356317216,3663.439547,636.7758684,0,Multi Serve,NA,NA,NA,NA,NA,NA,NA,NA,NA,NA,NA,NA,NA,NA,NA,NA,NA,NA,NA,NA,NA,NA,NA,NA
0003870895084,0,0,0,Multi Serve,NA,NA,NA,NA,NA,NA,NA,NA,NA,NA,NA,NA,NA,NA,NA,NA,NA,NA,NA,NA,NA,NA,NA,NA
0000197301067,4756.46794,2269.607021,0,Multi Serve,NA,NA,NA,NA,NA,NA,NA,NA,NA,NA,NA,NA,NA,NA,NA,NA,NA,NA,NA,NA,NA,NA,NA,NA
0000455195242,1132715.581,335115.0303,0,Multi Serve,Non- Indulgent,Chicken,Others,Others,Chicken,Non-Veg,PL,No Gluten Claim Present,Value,Rising Crust,28.2 Oz,Medium (20-30 Oz),Conv Oven,Thick/Original,PL,1 Ct,Box,No Vegan Claim Present,No Natural Claim Present,No Gmo Claim Present,No Organic Claim Present,No Plant based claim,No Preservative-Free Claim Present,Non BFY
0085000988596,495668.9146,91809.30174,0,Multi Serve,NA,NA,NA,NA,NA,NA,NA,NA,NA,NA,NA,NA,NA,NA,NA,NA,NA,NA,NA,NA,NA,NA,NA,NA
0007192145508,1037.819875,135.6438658,1,Multi Serve,NA,NA,NA,NA,NA,NA,NA,NA,NA,NA,NA,NA,NA,NA,NA,NA,NA,NA,NA,NA,NA,NA,NA,NA
0000008570665,261.68,54.575,0,Multi Serve,NA,NA,NA,NA,NA,NA,NA,NA,NA,NA,NA,NA,NA,NA,NA,NA,NA,NA,NA,NA,NA,NA,NA,NA
0004227201245,4784134.269,448689.4105,0,Multi Serve,Non- Indulgent,Deluxe/Supreme,Deluxe/Supreme,Deluxe/Supreme/Meat Combo,Meat Combos,Vegetarian,NA,No Gluten Claim Present,Premium,Ao Crust,14 Oz,Small (<=20 Oz),Conv Oven,Thin,NA,1 Ct,Box,No Vegan Claim Present,No Natural Claim Present,Non-Gmo Claim,Certified Organic Claim,No Plant based claim,No Preservative-Free Claim Present,BFY
0001195291830,988087.9344,184041.4878,0,Multi Serve,Non- Indulgent,Chicken,Others,Others,Chicken,Non-Veg,PL,No Gluten Claim Present,Value,Ao Crust,14.6 Oz,Small (<=20 Oz),Conv Oven,Thin,PL,1 Ct,Box,No Vegan Claim Present,No Natural Claim Present,No Gmo Claim Present,No Organic Claim Present,PL,No Preservative-Free Claim Present,Non BFY
0000439407828,139707.9,20190.5,0,Multi Serve,NA,NA,NA,NA,NA,NA,NA,NA,NA,NA,NA,NA,NA,NA,NA,NA,NA,NA,NA,NA,NA,NA,NA,NA
0001131762950,1206482.5,116276.1198,0,Multi Serve,NA,NA,NA,NA,NA,NA,NA,NA,NA,NA,NA,NA,NA,NA,NA,NA,NA,NA,NA,NA,NA,NA,NA,NA
0079033460206,0,0,0,Multi Serve,NA,NA,NA,NA,NA,NA,NA,NA,NA,NA,NA,NA,NA,NA,NA,NA,NA,NA,NA,NA,NA,NA,NA,NA
0007986102305,38329.57847,7349.769759,0,Multi Serve,NA,NA,NA,NA,NA,NA,NA,NA,NA,NA,NA,NA,NA,NA,NA,NA,NA,NA,NA,NA,NA,NA,NA,NA
0000939066340,36314.20465,5783.277873,0,Multi Serve,NA,NA,NA,NA,NA,NA,NA,NA,NA,NA,NA,NA,NA,NA,NA,NA,NA,NA,NA,NA,NA,NA,NA,NA
0067763600004,2083559.267,349782.9211,0,Multi Serve,NA,NA,NA,NA,NA,NA,NA,NA,NA,NA,NA,NA,NA,NA,NA,NA,NA,NA,NA,NA,NA,NA,NA,NA
0004219700391,62420.28042,11222.50403,0,Multi Serve,NA,NA,NA,NA,NA,NA,NA,NA,NA,NA,NA,NA,NA,NA,NA,NA,NA,NA,NA,NA,NA,NA,NA,NA
0000876742498,0,0,0,Multi Serve,NA,NA,NA,NA,NA,NA,NA,NA,NA,NA,NA,NA,NA,NA,NA,NA,NA,NA,NA,NA,NA,NA,NA,NA
0088570901015,566670.0749,79821.39457,0,Multi Serve,NA,NA,NA,NA,NA,NA,NA,NA,NA,NA,NA,NA,NA,NA,NA,NA,NA,NA,NA,NA,NA,NA,NA,NA
0270070883104,0,0,1,Multi Serve,NA,NA,NA,NA,NA,NA,NA,NA,NA,NA,NA,NA,NA,NA,NA,NA,NA,NA,NA,NA,NA,NA,NA,NA
0000652739253,205107.1889,29921.53052,0,Multi Serve,NA,NA,NA,NA,NA,NA,NA,NA,NA,NA,NA,NA,NA,NA,NA,NA,NA,NA,NA,NA,NA,NA,NA,NA
0085350700854,1774.378215,166.8668974,0,Multi Serve,NA,NA,NA,NA,NA,NA,NA,NA,NA,NA,NA,NA,NA,NA,NA,NA,NA,NA,NA,NA,NA,NA,NA,NA
0003913116969,0,0,0,Multi Serve,NA,NA,NA,NA,NA,NA,NA,NA,NA,NA,NA,NA,NA,NA,NA,NA,NA,NA,NA,NA,NA,NA,NA,NA
0085832400663,0,0,0,Multi Serve,NA,NA,NA,NA,NA,NA,NA,NA,NA,NA,NA,NA,NA,NA,NA,NA,NA,NA,NA,NA,NA,NA,NA,NA
0000576968224,505917.8961,81798.60114,0,Multi Serve,NA,NA,NA,NA,NA,NA,NA,NA,NA,NA,NA,NA,NA,NA,NA,NA,NA,NA,NA,NA,NA,NA,NA,NA
0000644883436,5.62994035,1.166494927,0,Multi Serve,NA,NA,NA,NA,NA,NA,NA,NA,NA,NA,NA,NA,NA,NA,NA,NA,NA,NA,NA,NA,NA,NA,NA,NA
0009350602663,351.1301875,66.78691766,0,Multi Serve,NA,NA,NA,NA,NA,NA,NA,NA,NA,NA,NA,NA,NA,NA,NA,NA,NA,NA,NA,NA,NA,NA,NA,NA
0004219700392,69062.20592,12686.09064,0,Multi Serve,NA,NA,NA,NA,NA,NA,NA,NA,NA,NA,NA,NA,NA,NA,NA,NA,NA,NA,NA,NA,NA,NA,NA,NA
0000914797929,180.24,33.88125,0,Multi Serve,NA,NA,NA,NA,NA,NA,NA,NA,NA,NA,NA,NA,NA,NA,NA,NA,NA,NA,NA,NA,NA,NA,NA,NA
0000753899282,0,0,0,Multi Serve,NA,NA,NA,NA,NA,NA,NA,NA,NA,NA,NA,NA,NA,NA,NA,NA,NA,NA,NA,NA,NA,NA,NA,NA
0007660190002,14632.27052,2508.905554,0,Multi Serve,NA,NA,NA,NA,NA,NA,NA,NA,NA,NA,NA,NA,NA,NA,NA,NA,NA,NA,NA,NA,NA,NA,NA,NA
0085720800300,83786.51376,12757.18023,0,Multi Serve,NA,NA,NA,NA,NA,NA,NA,NA,NA,NA,NA,NA,NA,NA,NA,NA,NA,NA,NA,NA,NA,NA,NA,NA
0007218063774,141.1560289,20.3615353,0,Multi Serve,NA,NA,NA,NA,NA,NA,NA,NA,NA,NA,NA,NA,NA,NA,NA,NA,NA,NA,NA,NA,NA,NA,NA,NA
0000141373100,787412.1792,192214.337,0,Multi Serve,NA,NA,NA,NA,NA,NA,NA,NA,NA,NA,NA,NA,NA,NA,NA,NA,NA,NA,NA,NA,NA,NA,NA,NA
0001178249051,0,0,0,Multi Serve,NA,NA,NA,NA,NA,NA,NA,NA,NA,NA,NA,NA,NA,NA,NA,NA,NA,NA,NA,NA,NA,NA,NA,NA
0803346232007,25364.02297,2746.098869,0,Multi Serve,NA,NA,NA,NA,NA,NA,NA,NA,NA,NA,NA,NA,NA,NA,NA,NA,NA,NA,NA,NA,NA,NA,NA,NA
0074747930022,5505462.363,694908.1411,0,Multi Serve,Non- Indulgent,Vegetarian,Others,Others,Vegetarian,Vegetarian,Red Sauce,No Gluten Claim Present,Premium,Wood Fired,20.6 Oz,Medium (20-30 Oz),Conv Oven,Thick/Original,Regular Crust,1 Ct,Box,No Vegan Claim Present,No Natural Claim Present,No Gmo Claim Present,No Organic Claim Present,No Plant based claim,No Preservative-Free Claim Present,Non BFY
0001299136196,0,0,0,Multi Serve,NA,NA,NA,NA,NA,NA,NA,NA,NA,NA,NA,NA,NA,NA,NA,NA,NA,NA,NA,NA,NA,NA,NA,NA
0002182112012,29698.17455,7588.707416,0,Multi Serve,NA,NA,NA,NA,NA,NA,NA,NA,NA,NA,NA,NA,NA,NA,NA,NA,NA,NA,NA,NA,NA,NA,NA,NA
0000734072827,0,0,0,Multi Serve,NA,NA,NA,NA,NA,NA,NA,NA,NA,NA,NA,NA,NA,NA,NA,NA,NA,NA,NA,NA,NA,NA,NA,NA
0000104599918,0,0,0,Multi Serve,NA,NA,NA,NA,NA,NA,NA,NA,NA,NA,NA,NA,NA,NA,NA,NA,NA,NA,NA,NA,NA,NA,NA,NA
0085356000307,386.0162564,78.98264527,0,Multi Serve,NA,NA,NA,NA,NA,NA,NA,NA,NA,NA,NA,NA,NA,NA,NA,NA,NA,NA,NA,NA,NA,NA,NA,NA
0002660513004,322754.1863,50912.06118,0,Multi Serve,NA,NA,NA,NA,NA,NA,NA,NA,NA,NA,NA,NA,NA,NA,NA,NA,NA,NA,NA,NA,NA,NA,NA,NA
0085001837004,0,0,0,Multi Serve,NA,NA,NA,NA,NA,NA,NA,NA,NA,NA,NA,NA,NA,NA,NA,NA,NA,NA,NA,NA,NA,NA,NA,NA
0076584762965,35824.87365,5546.648263,0,Multi Serve,NA,NA,NA,NA,NA,NA,NA,NA,NA,NA,NA,NA,NA,NA,NA,NA,NA,NA,NA,NA,NA,NA,NA,NA
0089784600215,18579.18348,4140.092969,0,Multi Serve,NA,NA,NA,NA,NA,NA,NA,NA,NA,NA,NA,NA,NA,NA,NA,NA,NA,NA,NA,NA,NA,NA,NA,NA
0000098546649,0,0,0,Multi Serve,NA,NA,NA,NA,NA,NA,NA,NA,NA,NA,NA,NA,NA,NA,NA,NA,NA,NA,NA,NA,NA,NA,NA,NA
0007192187253,0,0,1,Multi Serve,NA,NA,NA,NA,NA,NA,NA,NA,NA,NA,NA,NA,NA,NA,NA,NA,NA,NA,NA,NA,NA,NA,NA,NA
0001065395899,9917412.442,1310260.236,0,Multi Serve,Non- Indulgent,Cheese/Plain,Others,Others,Cheese/Plain,Vegetarian,PL,No Gluten Claim Present,Premium,Wood Fired,14.6 Oz,Small (<=20 Oz),Conv Oven,Thick/Original,PL,1 Ct,Box,No Vegan Claim Present,No Natural Claim Present,No Gmo Claim Present,No Organic Claim Present,No Plant based claim,No Preservative-Free Claim Present,Non BFY
0000774263521,0,0,0,Multi Serve,NA,NA,NA,NA,NA,NA,NA,NA,NA,NA,NA,NA,NA,NA,NA,NA,NA,NA,NA,NA,NA,NA,NA,NA
0007192165768,2412677.803,714897.4791,1,Multi Serve,Non- Indulgent,Deluxe/Supreme,Deluxe/Supreme,Deluxe/Supreme/Meat Combo,Meat Combos,Non-Veg,Red Sauce,No Gluten Claim Present,Mid Tier,Hand Tossed/Pizzeria Style,56.8 Oz,Large (>= 30 Oz),Conv Oven,Thick/Original,Regular Crust,3 Ct,Box,No Vegan Claim Present,No Natural Claim Present,No Gmo Claim Present,No Organic Claim Present,No Plant based claim,No Preservative-Free Claim Present,Non BFY
0003913116967,0,0,0,Multi Serve,NA,NA,NA,NA,NA,NA,NA,NA,NA,NA,NA,NA,NA,NA,NA,NA,NA,NA,NA,NA,NA,NA,NA,NA
0019589344301,141092.6962,16471.79575,0,Multi Serve,NA,NA,NA,NA,NA,NA,NA,NA,NA,NA,NA,NA,NA,NA,NA,NA,NA,NA,NA,NA,NA,NA,NA,NA
0007192121623,3513.260179,1246.217914,1,Multi Serve,NA,NA,NA,NA,NA,NA,NA,NA,NA,NA,NA,NA,NA,NA,NA,NA,NA,NA,NA,NA,NA,NA,NA,NA
0007192162052,154.24,44.2,1,Multi Serve,NA,NA,NA,NA,NA,NA,NA,NA,NA,NA,NA,NA,NA,NA,NA,NA,NA,NA,NA,NA,NA,NA,NA,NA
0085763000388,24946.1505,4097.896255,0,Multi Serve,NA,NA,NA,NA,NA,NA,NA,NA,NA,NA,NA,NA,NA,NA,NA,NA,NA,NA,NA,NA,NA,NA,NA,NA
0068946613209,9134.826492,1484.854761,0,Multi Serve,NA,NA,NA,NA,NA,NA,NA,NA,NA,NA,NA,NA,NA,NA,NA,NA,NA,NA,NA,NA,NA,NA,NA,NA
0003870895238,0,0,0,Multi Serve,NA,NA,NA,NA,NA,NA,NA,NA,NA,NA,NA,NA,NA,NA,NA,NA,NA,NA,NA,NA,NA,NA,NA,NA
0073178935813,0,0,0,Multi Serve,NA,NA,NA,NA,NA,NA,NA,NA,NA,NA,NA,NA,NA,NA,NA,NA,NA,NA,NA,NA,NA,NA,NA,NA
0000199200285,0,0,0,Multi Serve,NA,NA,NA,NA,NA,NA,NA,NA,NA,NA,NA,NA,NA,NA,NA,NA,NA,NA,NA,NA,NA,NA,NA,NA
0004570900034,799.5669232,147.3227647,0,Multi Serve,NA,NA,NA,NA,NA,NA,NA,NA,NA,NA,NA,NA,NA,NA,NA,NA,NA,NA,NA,NA,NA,NA,NA,NA
0003913116854,1638118.27,298498.7345,0,Multi Serve,Non- Indulgent,Vegetarian,Others,Others,Vegetarian,Vegetarian,NA,No Gluten Claim Present,Premium,Thin,18.11 Oz,Small (<=20 Oz),Conv Oven,Thin,NA,1 Ct,Box,No Vegan Claim Present,No Natural Claim Present,No Gmo Claim Present,No Organic Claim Present,No Plant based claim,No Preservative-Free Claim Present,Non BFY
0007570630531,0,0,0,Multi Serve,NA,NA,NA,NA,NA,NA,NA,NA,NA,NA,NA,NA,NA,NA,NA,NA,NA,NA,NA,NA,NA,NA,NA,NA
0002066200528,0,0,0,Multi Serve,NA,NA,NA,NA,NA,NA,NA,NA,NA,NA,NA,NA,NA,NA,NA,NA,NA,NA,NA,NA,NA,NA,NA,NA
0081350500500,12741.84176,2560.590663,0,Multi Serve,NA,NA,NA,NA,NA,NA,NA,NA,NA,NA,NA,NA,NA,NA,NA,NA,NA,NA,NA,NA,NA,NA,NA,NA
0007570630320,11185359.27,2014093.594,0,Multi Serve,Indulgent,Deluxe/Supreme,Deluxe/Supreme,Deluxe/Supreme/Meat Combo,Meat Combos,Non-Veg,Red Sauce,No Gluten Claim Present,Mid Tier,Thin,20.55 Oz,Medium (20-30 Oz),Conv Oven,Thin,Regular Crust,1 Ct,Box,No Vegan Claim Present,No Natural Claim Present,No Gmo Claim Present,No Organic Claim Present,No Plant based claim,No Preservative-Free Claim Present,Non BFY
0270070883342,0,0,0,Multi Serve,NA,NA,NA,NA,NA,NA,NA,NA,NA,NA,NA,NA,NA,NA,NA,NA,NA,NA,NA,NA,NA,NA,NA,NA
0007660152917,129849.8805,25405.66331,0,Multi Serve,NA,NA,NA,NA,NA,NA,NA,NA,NA,NA,NA,NA,NA,NA,NA,NA,NA,NA,NA,NA,NA,NA,NA,NA
0000064073560,0,0,0,Multi Serve,NA,NA,NA,NA,NA,NA,NA,NA,NA,NA,NA,NA,NA,NA,NA,NA,NA,NA,NA,NA,NA,NA,NA,NA
0061290012156,470.063321,35.34310684,0,Multi Serve,NA,NA,NA,NA,NA,NA,NA,NA,NA,NA,NA,NA,NA,NA,NA,NA,NA,NA,NA,NA,NA,NA,NA,NA
0000197301068,0,0,0,Multi Serve,NA,NA,NA,NA,NA,NA,NA,NA,NA,NA,NA,NA,NA,NA,NA,NA,NA,NA,NA,NA,NA,NA,NA,NA
0000141373087,1009854.633,327555.3371,0,Multi Serve,Non- Indulgent,Cheese/Plain,Others,Others,Cheese/Plain,PL,PL,No Gluten Claim Present,Value,Rising Crust,28.2 Oz,Medium (20-30 Oz),Conv Oven,PL,PL,1 Ct,Box,No Vegan Claim Present,No Natural Claim Present,No Gmo Claim Present,No Organic Claim Present,No Plant based claim,No Preservative-Free Claim Present,Non BFY
0085993500208,0,0,0,Multi Serve,NA,NA,NA,NA,NA,NA,NA,NA,NA,NA,NA,NA,NA,NA,NA,NA,NA,NA,NA,NA,NA,NA,NA,NA
0000104600090,0,0,0,Multi Serve,NA,NA,NA,NA,NA,NA,NA,NA,NA,NA,NA,NA,NA,NA,NA,NA,NA,NA,NA,NA,NA,NA,NA,NA
0062830829005,234984.9206,17211.49429,0,Multi Serve,NA,NA,NA,NA,NA,NA,NA,NA,NA,NA,NA,NA,NA,NA,NA,NA,NA,NA,NA,NA,NA,NA,NA,NA
0001220709974,867.447396,164.5497528,0,Multi Serve,NA,NA,NA,NA,NA,NA,NA,NA,NA,NA,NA,NA,NA,NA,NA,NA,NA,NA,NA,NA,NA,NA,NA,NA
0001101637232,5688903.874,720808.6016,0,Multi Serve,Non- Indulgent,Pepperoni,Others,Others,Pepperoni,Non-Veg,PL,No Gluten Claim Present,Premium,Thin,12.1 Oz,Small (<=20 Oz),Conv Oven,Thin,Healthy,1 Ct,Box,No Vegan Claim Present,No Natural Claim Present,No Gmo Claim Present,No Organic Claim Present,PL,No Preservative-Free Claim Present,Non BFY
0000439407823,113316.51,16436.75,0,Multi Serve,NA,NA,NA,NA,NA,NA,NA,NA,NA,NA,NA,NA,NA,NA,NA,NA,NA,NA,NA,NA,NA,NA,NA,NA
0003120505300,1331771.594,378133.0745,0,Multi Serve,Non- Indulgent,Sausage,Others,Others,Sausage,Non-Veg,NA,No Gluten Claim Present,Value,Regular Crust,31 Oz,Large (>= 30 Oz),Conv Oven,Thick/Original,NA,1 Ct,Box,No Vegan Claim Present,Natural Claim Present,No Gmo Claim Present,No Organic Claim Present,No Plant based claim,Preservative-Free Claim,BFY
0007390000013,17542.87644,4580.885705,0,Multi Serve,NA,NA,NA,NA,NA,NA,NA,NA,NA,NA,NA,NA,NA,NA,NA,NA,NA,NA,NA,NA,NA,NA,NA,NA
0000941267089,325107.2689,58541.55429,0,Multi Serve,NA,NA,NA,NA,NA,NA,NA,NA,NA,NA,NA,NA,NA,NA,NA,NA,NA,NA,NA,NA,NA,NA,NA,NA
0001205746449,108055.8889,19083.39298,0,Multi Serve,NA,NA,NA,NA,NA,NA,NA,NA,NA,NA,NA,NA,NA,NA,NA,NA,NA,NA,NA,NA,NA,NA,NA,NA
0085004649078,61827.01099,6293.396934,0,Multi Serve,NA,NA,NA,NA,NA,NA,NA,NA,NA,NA,NA,NA,NA,NA,NA,NA,NA,NA,NA,NA,NA,NA,NA,NA
0083041500881,614253.3972,82229.3785,0,Multi Serve,NA,NA,NA,NA,NA,NA,NA,NA,NA,NA,NA,NA,NA,NA,NA,NA,NA,NA,NA,NA,NA,NA,NA,NA
0086033500122,268.5439538,15.11399406,0,Multi Serve,NA,NA,NA,NA,NA,NA,NA,NA,NA,NA,NA,NA,NA,NA,NA,NA,NA,NA,NA,NA,NA,NA,NA,NA
0085955300419,0,0,0,Multi Serve,NA,NA,NA,NA,NA,NA,NA,NA,NA,NA,NA,NA,NA,NA,NA,NA,NA,NA,NA,NA,NA,NA,NA,NA
0007218074151,2689803.091,586140.791,0,Multi Serve,Non- Indulgent,Pepperoni,Others,Others,Pepperoni,Non-Veg,Red Sauce,No Gluten Claim Present,Value,Regular Crust,27.85 Oz,Medium (20-30 Oz),Conv Oven,Thick/Original,Regular Crust,1 Ct,Box,No Vegan Claim Present,No Natural Claim Present,No Gmo Claim Present,No Organic Claim Present,No Plant based claim,No Preservative-Free Claim Present,Non BFY
0085001610724,101743.9002,6092.52551,0,Multi Serve,NA,NA,NA,NA,NA,NA,NA,NA,NA,NA,NA,NA,NA,NA,NA,NA,NA,NA,NA,NA,NA,NA,NA,NA
0005073290525,429.1596005,102.8001573,0,Multi Serve,NA,NA,NA,NA,NA,NA,NA,NA,NA,NA,NA,NA,NA,NA,NA,NA,NA,NA,NA,NA,NA,NA,NA,NA
0007349013373,14052.08308,1825.03813,0,Multi Serve,NA,NA,NA,NA,NA,NA,NA,NA,NA,NA,NA,NA,NA,NA,NA,NA,NA,NA,NA,NA,NA,NA,NA,NA
0000730615123,0,0,0,Multi Serve,NA,NA,NA,NA,NA,NA,NA,NA,NA,NA,NA,NA,NA,NA,NA,NA,NA,NA,NA,NA,NA,NA,NA,NA
0009492256282,40809.24071,5564.557122,0,Multi Serve,NA,NA,NA,NA,NA,NA,NA,NA,NA,NA,NA,NA,NA,NA,NA,NA,NA,NA,NA,NA,NA,NA,NA,NA
0088570901224,616134.2828,91591.27283,0,Multi Serve,NA,NA,NA,NA,NA,NA,NA,NA,NA,NA,NA,NA,NA,NA,NA,NA,NA,NA,NA,NA,NA,NA,NA,NA
0004227200128,89585.82428,5648.684975,0,Multi Serve,NA,NA,NA,NA,NA,NA,NA,NA,NA,NA,NA,NA,NA,NA,NA,NA,NA,NA,NA,NA,NA,NA,NA,NA
0000881603891,953293.9093,204822.5976,0,Multi Serve,Non- Indulgent,Vegetarian,Others,Others,Vegetarian,Vegetarian,PL,No Gluten Claim Present,Value,Veggie Crust,16.5 Oz,Small (<=20 Oz),Conv Oven,Thick/Original,Healthy,1 Ct,Box,No Vegan Claim Present,No Natural Claim Present,No Gmo Claim Present,PL,No Plant based claim,No Preservative-Free Claim Present,Non BFY
0000480563402,1567479.464,674175.7748,0,Multi Serve,Non- Indulgent,Sausage,Others,Others,Sausage,Non-Veg,PL,No Gluten Claim Present,Value,Rising Crust,30.7 Oz,Large (>= 30 Oz),Conv Oven,Thick/Original,PL,1 Ct,Box,No Vegan Claim Present,No Natural Claim Present,No Gmo Claim Present,No Organic Claim Present,No Plant based claim,No Preservative-Free Claim Present,Non BFY
0009350602917,0,0,0,Multi Serve,NA,NA,NA,NA,NA,NA,NA,NA,NA,NA,NA,NA,NA,NA,NA,NA,NA,NA,NA,NA,NA,NA,NA,NA
0071812240309,0,0,0,Multi Serve,NA,NA,NA,NA,NA,NA,NA,NA,NA,NA,NA,NA,NA,NA,NA,NA,NA,NA,NA,NA,NA,NA,NA,NA
0067400700226,106009.4866,11637.06979,0,Multi Serve,NA,NA,NA,NA,NA,NA,NA,NA,NA,NA,NA,NA,NA,NA,NA,NA,NA,NA,NA,NA,NA,NA,NA,NA
0000035343603,156105.2482,39247.52195,0,Multi Serve,NA,NA,NA,NA,NA,NA,NA,NA,NA,NA,NA,NA,NA,NA,NA,NA,NA,NA,NA,NA,NA,NA,NA,NA
0000316213189,0,0,0,Multi Serve,NA,NA,NA,NA,NA,NA,NA,NA,NA,NA,NA,NA,NA,NA,NA,NA,NA,NA,NA,NA,NA,NA,NA,NA
0000000603698,0,0,0,Multi Serve,NA,NA,NA,NA,NA,NA,NA,NA,NA,NA,NA,NA,NA,NA,NA,NA,NA,NA,NA,NA,NA,NA,NA,NA
0000682915324,140765.55,40622.5461,0,Multi Serve,NA,NA,NA,NA,NA,NA,NA,NA,NA,NA,NA,NA,NA,NA,NA,NA,NA,NA,NA,NA,NA,NA,NA,NA
0000730340370,0,0,0,Multi Serve,NA,NA,NA,NA,NA,NA,NA,NA,NA,NA,NA,NA,NA,NA,NA,NA,NA,NA,NA,NA,NA,NA,NA,NA
0000266163923,0,0,0,Multi Serve,NA,NA,NA,NA,NA,NA,NA,NA,NA,NA,NA,NA,NA,NA,NA,NA,NA,NA,NA,NA,NA,NA,NA,NA
0000006185234,357542.8437,145488.7869,0,Multi Serve,NA,NA,NA,NA,NA,NA,NA,NA,NA,NA,NA,NA,NA,NA,NA,NA,NA,NA,NA,NA,NA,NA,NA,NA
0008355408812,1730271.683,222179.268,0,Multi Serve,NA,NA,NA,NA,NA,NA,NA,NA,NA,NA,NA,NA,NA,NA,NA,NA,NA,NA,NA,NA,NA,NA,NA,NA
0063759910009,190139.7228,32506.05562,0,Multi Serve,NA,NA,NA,NA,NA,NA,NA,NA,NA,NA,NA,NA,NA,NA,NA,NA,NA,NA,NA,NA,NA,NA,NA,NA
0000433549449,0,0,0,Multi Serve,NA,NA,NA,NA,NA,NA,NA,NA,NA,NA,NA,NA,NA,NA,NA,NA,NA,NA,NA,NA,NA,NA,NA,NA
0007192180535,51679.89,7243.75,1,Multi Serve,NA,NA,NA,NA,NA,NA,NA,NA,NA,NA,NA,NA,NA,NA,NA,NA,NA,NA,NA,NA,NA,NA,NA,NA
0073178912345,226939.0984,15902.21953,0,Multi Serve,NA,NA,NA,NA,NA,NA,NA,NA,NA,NA,NA,NA,NA,NA,NA,NA,NA,NA,NA,NA,NA,NA,NA,NA
0087282400824,0,0,0,Multi Serve,NA,NA,NA,NA,NA,NA,NA,NA,NA,NA,NA,NA,NA,NA,NA,NA,NA,NA,NA,NA,NA,NA,NA,NA
0085003208127,0,0,0,Multi Serve,NA,NA,NA,NA,NA,NA,NA,NA,NA,NA,NA,NA,NA,NA,NA,NA,NA,NA,NA,NA,NA,NA,NA,NA
0067400700228,14767.20947,1744.379311,0,Multi Serve,NA,NA,NA,NA,NA,NA,NA,NA,NA,NA,NA,NA,NA,NA,NA,NA,NA,NA,NA,NA,NA,NA,NA,NA
0000063198844,0,0,0,Multi Serve,NA,NA,NA,NA,NA,NA,NA,NA,NA,NA,NA,NA,NA,NA,NA,NA,NA,NA,NA,NA,NA,NA,NA,NA
0000155678152,0,0,0,Multi Serve,NA,NA,NA,NA,NA,NA,NA,NA,NA,NA,NA,NA,NA,NA,NA,NA,NA,NA,NA,NA,NA,NA,NA,NA
0064313010116,153421.0228,41008.79838,0,Multi Serve,NA,NA,NA,NA,NA,NA,NA,NA,NA,NA,NA,NA,NA,NA,NA,NA,NA,NA,NA,NA,NA,NA,NA,NA
0007218063471,102705377.7,31099118.47,0,Multi Serve,Non- Indulgent,Deluxe/Supreme,Deluxe/Supreme,Deluxe/Supreme/Meat Combo,Meat Combos,Non-Veg,Red Sauce,No Gluten Claim Present,Value,Regular Crust,23.45 Oz,Medium (20-30 Oz),Conv Oven,Thick/Original,Regular Crust,1 Ct,Box,No Vegan Claim Present,No Natural Claim Present,No Gmo Claim Present,No Organic Claim Present,No Plant based claim,No Preservative-Free Claim Present,Non BFY
0007192151310,0,0,1,Multi Serve,NA,NA,NA,NA,NA,NA,NA,NA,NA,NA,NA,NA,NA,NA,NA,NA,NA,NA,NA,NA,NA,NA,NA,NA
0089784600201,240015.8025,47696.09124,0,Multi Serve,NA,NA,NA,NA,NA,NA,NA,NA,NA,NA,NA,NA,NA,NA,NA,NA,NA,NA,NA,NA,NA,NA,NA,NA
0007192137189,0,0,1,Multi Serve,NA,NA,NA,NA,NA,NA,NA,NA,NA,NA,NA,NA,NA,NA,NA,NA,NA,NA,NA,NA,NA,NA,NA,NA
0007192169964,67710.01355,13812.25191,1,Multi Serve,NA,NA,NA,NA,NA,NA,NA,NA,NA,NA,NA,NA,NA,NA,NA,NA,NA,NA,NA,NA,NA,NA,NA,NA
0007192114644,0,0,1,Multi Serve,NA,NA,NA,NA,NA,NA,NA,NA,NA,NA,NA,NA,NA,NA,NA,NA,NA,NA,NA,NA,NA,NA,NA,NA
0000332781484,818567.6145,246388.4949,0,Multi Serve,Non- Indulgent,Ao Topping,Others,Others,Ao Topping,PL,PL,No Gluten Claim Present,Value,Regular Crust,12 Oz,Small (<=20 Oz),Conv Oven,Thick/Original,Regular Crust,1 Ct,Box,No Vegan Claim Present,No Natural Claim Present,No Gmo Claim Present,No Organic Claim Present,No Plant based claim,No Preservative-Free Claim Present,Non BFY
0000942643517,8554948.118,1765451.02,0,Multi Serve,Non- Indulgent,Pepperoni,Others,Others,Pepperoni,Non-Veg,PL,No Gluten Claim Present,Value,Thin,16.4 Oz,Small (<=20 Oz),Conv Oven,Thin,PL,1 Ct,Box,No Vegan Claim Present,No Natural Claim Present,No Gmo Claim Present,No Organic Claim Present,No Plant based claim,No Preservative-Free Claim Present,Non BFY
0004219700356,0,0,0,Multi Serve,NA,NA,NA,NA,NA,NA,NA,NA,NA,NA,NA,NA,NA,NA,NA,NA,NA,NA,NA,NA,NA,NA,NA,NA
0270070883240,0,0,1,Multi Serve,NA,NA,NA,NA,NA,NA,NA,NA,NA,NA,NA,NA,NA,NA,NA,NA,NA,NA,NA,NA,NA,NA,NA,NA
0004219700335,14.61983655,3.5975406,0,Multi Serve,NA,NA,NA,NA,NA,NA,NA,NA,NA,NA,NA,NA,NA,NA,NA,NA,NA,NA,NA,NA,NA,NA,NA,NA
0085084100203,259.6403825,43.55633871,0,Multi Serve,NA,NA,NA,NA,NA,NA,NA,NA,NA,NA,NA,NA,NA,NA,NA,NA,NA,NA,NA,NA,NA,NA,NA,NA
0001994946759,0,0,0,Multi Serve,NA,NA,NA,NA,NA,NA,NA,NA,NA,NA,NA,NA,NA,NA,NA,NA,NA,NA,NA,NA,NA,NA,NA,NA
0081536901155,7935.052943,824.7525132,0,Multi Serve,NA,NA,NA,NA,NA,NA,NA,NA,NA,NA,NA,NA,NA,NA,NA,NA,NA,NA,NA,NA,NA,NA,NA,NA
0000006093905,0,0,0,Multi Serve,NA,NA,NA,NA,NA,NA,NA,NA,NA,NA,NA,NA,NA,NA,NA,NA,NA,NA,NA,NA,NA,NA,NA,NA
0085493400761,0,0,0,Multi Serve,NA,NA,NA,NA,NA,NA,NA,NA,NA,NA,NA,NA,NA,NA,NA,NA,NA,NA,NA,NA,NA,NA,NA,NA
0081496700510,22.53826935,2.307147682,0,Multi Serve,NA,NA,NA,NA,NA,NA,NA,NA,NA,NA,NA,NA,NA,NA,NA,NA,NA,NA,NA,NA,NA,NA,NA,NA
0074446300015,120663.5495,14400.82217,0,Multi Serve,NA,NA,NA,NA,NA,NA,NA,NA,NA,NA,NA,NA,NA,NA,NA,NA,NA,NA,NA,NA,NA,NA,NA,NA
0000135544704,916497.4673,175856.2943,0,Multi Serve,Non- Indulgent,Cheese/Plain,Others,Others,Cheese/Plain,Vegetarian,PL,No Gluten Claim Present,Value,Ao Crust,9.9 Oz,Small (<=20 Oz),Mw Or Conv Oven,PL,PL,1 Ct,Box,No Vegan Claim Present,No Natural Claim Present,No Gmo Claim Present,No Organic Claim Present,No Plant based claim,No Preservative-Free Claim Present,Non BFY
0085164100302,12676.83999,2368.135659,0,Multi Serve,NA,NA,NA,NA,NA,NA,NA,NA,NA,NA,NA,NA,NA,NA,NA,NA,NA,NA,NA,NA,NA,NA,NA,NA
0000092547803,0,0,0,Multi Serve,NA,NA,NA,NA,NA,NA,NA,NA,NA,NA,NA,NA,NA,NA,NA,NA,NA,NA,NA,NA,NA,NA,NA,NA
0085164100301,45640.11609,6798.342471,0,Multi Serve,NA,NA,NA,NA,NA,NA,NA,NA,NA,NA,NA,NA,NA,NA,NA,NA,NA,NA,NA,NA,NA,NA,NA,NA
0079540413808,0,0,0,Multi Serve,NA,NA,NA,NA,NA,NA,NA,NA,NA,NA,NA,NA,NA,NA,NA,NA,NA,NA,NA,NA,NA,NA,NA,NA
0085493400791,8400378.319,726114.5013,0,Multi Serve,Non- Indulgent,Cheese/Plain,Others,Others,Cheese/Plain,Vegetarian,Red Sauce,Gluten Free Claim,Premium,Veggie Crust,11.1 Oz,Small (<=20 Oz),Conv Oven,Thick/Original,Healthy,1 Ct,Box,No Vegan Claim Present,No Natural Claim Present,No Gmo Claim Present,No Organic Claim Present,No Plant based claim,No Preservative-Free Claim Present,BFY
0270071739549,0,0,0,Multi Serve,NA,NA,NA,NA,NA,NA,NA,NA,NA,NA,NA,NA,NA,NA,NA,NA,NA,NA,NA,NA,NA,NA,NA,NA
0000197175443,477822.4182,69930.23282,0,Multi Serve,NA,NA,NA,NA,NA,NA,NA,NA,NA,NA,NA,NA,NA,NA,NA,NA,NA,NA,NA,NA,NA,NA,NA,NA
0061891520007,30237.85245,9322.20685,0,Multi Serve,NA,NA,NA,NA,NA,NA,NA,NA,NA,NA,NA,NA,NA,NA,NA,NA,NA,NA,NA,NA,NA,NA,NA,NA
0081350504522,0,0,0,Multi Serve,NA,NA,NA,NA,NA,NA,NA,NA,NA,NA,NA,NA,NA,NA,NA,NA,NA,NA,NA,NA,NA,NA,NA,NA
0000016094297,2.826259507,2.092737336,0,Multi Serve,NA,NA,NA,NA,NA,NA,NA,NA,NA,NA,NA,NA,NA,NA,NA,NA,NA,NA,NA,NA,NA,NA,NA,NA
0069899780623,0,0,0,Multi Serve,NA,NA,NA,NA,NA,NA,NA,NA,NA,NA,NA,NA,NA,NA,NA,NA,NA,NA,NA,NA,NA,NA,NA,NA
0004256360599,10997.00051,1110.696658,0,Multi Serve,NA,NA,NA,NA,NA,NA,NA,NA,NA,NA,NA,NA,NA,NA,NA,NA,NA,NA,NA,NA,NA,NA,NA,NA
0007570630611,0,0,0,Multi Serve,NA,NA,NA,NA,NA,NA,NA,NA,NA,NA,NA,NA,NA,NA,NA,NA,NA,NA,NA,NA,NA,NA,NA,NA
0000084975402,630846.741,131543.7781,0,Multi Serve,NA,NA,NA,NA,NA,NA,NA,NA,NA,NA,NA,NA,NA,NA,NA,NA,NA,NA,NA,NA,NA,NA,NA,NA
0085649700400,929133.8181,209369.9861,0,Multi Serve,NA,NA,NA,NA,NA,NA,NA,NA,NA,NA,NA,NA,NA,NA,NA,NA,NA,NA,NA,NA,NA,NA,NA,NA
0004219700375,0,0,0,Multi Serve,NA,NA,NA,NA,NA,NA,NA,NA,NA,NA,NA,NA,NA,NA,NA,NA,NA,NA,NA,NA,NA,NA,NA,NA
0007218076175,0,0,0,Multi Serve,NA,NA,NA,NA,NA,NA,NA,NA,NA,NA,NA,NA,NA,NA,NA,NA,NA,NA,NA,NA,NA,NA,NA,NA
0003952890126,19401.49284,2293.410811,0,Multi Serve,NA,NA,NA,NA,NA,NA,NA,NA,NA,NA,NA,NA,NA,NA,NA,NA,NA,NA,NA,NA,NA,NA,NA,NA
0000003370389,3948141.655,1670450.283,0,Multi Serve,Non- Indulgent,Pepperoni,Others,Others,Pepperoni,Non-Veg,PL,No Gluten Claim Present,Value,Rising Crust,27.7 Oz,Medium (20-30 Oz),Conv Oven,Thick/Original,PL,1 Ct,Box,No Vegan Claim Present,No Natural Claim Present,No Gmo Claim Present,No Organic Claim Present,No Plant based claim,No Preservative-Free Claim Present,Non BFY
0000303631030,0,0,0,Multi Serve,Non- Indulgent,Vegetarian,Others,Others,Vegetarian,Vegetarian,PL,No Gluten Claim Present,Value,Regular Crust,17.8 Oz,Small (<=20 Oz),Conv Oven,Thick/Original,Regular Crust,1 Ct,Box,No Vegan Claim Present,No Natural Claim Present,No Gmo Claim Present,Certified Organic Claim,No Plant based claim,No Preservative-Free Claim Present,BFY
0085001598274,842.8894079,78.58883545,0,Multi Serve,NA,NA,NA,NA,NA,NA,NA,NA,NA,NA,NA,NA,NA,NA,NA,NA,NA,NA,NA,NA,NA,NA,NA,NA
0086586800036,10.54656441,1.070493884,0,Multi Serve,NA,NA,NA,NA,NA,NA,NA,NA,NA,NA,NA,NA,NA,NA,NA,NA,NA,NA,NA,NA,NA,NA,NA,NA
0004227200199,22393105.19,1872034.596,0,Multi Serve,Non- Indulgent,Cheese/Plain,Others,Others,Cheese/Plain,Vegetarian,Red Sauce,No Gluten Claim Present,Premium,Regular Crust,13 Oz,Small (<=20 Oz),Conv Oven,Thick/Original,Regular Crust,1 Ct,Box,No Vegan Claim Present,No Natural Claim Present,Non-Gmo Claim,Certified Organic Claim,No Plant based claim,No Preservative-Free Claim Present,BFY
0000888474664,302094.4041,41292.3805,0,Multi Serve,NA,NA,NA,NA,NA,NA,NA,NA,NA,NA,NA,NA,NA,NA,NA,NA,NA,NA,NA,NA,NA,NA,NA,NA
0000035343604,176033.8251,37121.127,0,Multi Serve,NA,NA,NA,NA,NA,NA,NA,NA,NA,NA,NA,NA,NA,NA,NA,NA,NA,NA,NA,NA,NA,NA,NA,NA
0000480563422,0,0,0,Multi Serve,NA,NA,NA,NA,NA,NA,NA,NA,NA,NA,NA,NA,NA,NA,NA,NA,NA,NA,NA,NA,NA,NA,NA,NA
0007570630972,38833.98572,3412.390896,0,Multi Serve,NA,NA,NA,NA,NA,NA,NA,NA,NA,NA,NA,NA,NA,NA,NA,NA,NA,NA,NA,NA,NA,NA,NA,NA
0003913116850,3084427.478,504250.4934,0,Multi Serve,Non- Indulgent,Chicken,Others,Others,Ao Topping,Non-Veg,Red Sauce,No Gluten Claim Present,Premium,Thin,15.5 Oz,Small (<=20 Oz),Conv Oven,Thin,Regular Crust,1 Ct,Box,No Vegan Claim Present,No Natural Claim Present,No Gmo Claim Present,No Organic Claim Present,No Plant based claim,No Preservative-Free Claim Present,Non BFY
0000022241216,0,0,0,Multi Serve,NA,NA,NA,NA,NA,NA,NA,NA,NA,NA,NA,NA,NA,NA,NA,NA,NA,NA,NA,NA,NA,NA,NA,NA
0007465394155,6.173192314,1.230258485,1,Multi Serve,NA,NA,NA,NA,NA,NA,NA,NA,NA,NA,NA,NA,NA,NA,NA,NA,NA,NA,NA,NA,NA,NA,NA,NA
0000495980754,87334.75165,15155.79101,0,Multi Serve,NA,NA,NA,NA,NA,NA,NA,NA,NA,NA,NA,NA,NA,NA,NA,NA,NA,NA,NA,NA,NA,NA,NA,NA
0007192186375,18162751.28,2776645.57,1,Multi Serve,Non- Indulgent,Pepperoni,Others,Others,Ao Topping,Non-Veg,Red Sauce,No Gluten Claim Present,Mid Tier,Pan/Deep Dish Crust,21.3 Oz,Medium (20-30 Oz),Conv Oven,Thick/Original,Regular Crust,1 Ct,Box,No Vegan Claim Present,No Natural Claim Present,No Gmo Claim Present,No Organic Claim Present,No Plant based claim,No Preservative-Free Claim Present,Non BFY
0075234957419,71561.43933,10827.64573,0,Multi Serve,NA,NA,NA,NA,NA,NA,NA,NA,NA,NA,NA,NA,NA,NA,NA,NA,NA,NA,NA,NA,NA,NA,NA,NA
0079540419222,0,0,0,Multi Serve,NA,NA,NA,NA,NA,NA,NA,NA,NA,NA,NA,NA,NA,NA,NA,NA,NA,NA,NA,NA,NA,NA,NA,NA
0085004649059,189524.7122,18075.2348,0,Multi Serve,NA,NA,NA,NA,NA,NA,NA,NA,NA,NA,NA,NA,NA,NA,NA,NA,NA,NA,NA,NA,NA,NA,NA,NA
0068946613210,2915.044385,482.5413086,0,Multi Serve,NA,NA,NA,NA,NA,NA,NA,NA,NA,NA,NA,NA,NA,NA,NA,NA,NA,NA,NA,NA,NA,NA,NA,NA
0007738720627,0,0,0,Multi Serve,NA,NA,NA,NA,NA,NA,NA,NA,NA,NA,NA,NA,NA,NA,NA,NA,NA,NA,NA,NA,NA,NA,NA,NA
0000122960026,0,0,0,Multi Serve,NA,NA,NA,NA,NA,NA,NA,NA,NA,NA,NA,NA,NA,NA,NA,NA,NA,NA,NA,NA,NA,NA,NA,NA
0270071224691,0,0,0,Multi Serve,NA,NA,NA,NA,NA,NA,NA,NA,NA,NA,NA,NA,NA,NA,NA,NA,NA,NA,NA,NA,NA,NA,NA,NA
0085561600727,4759.301614,653.7782534,0,Multi Serve,NA,NA,NA,NA,NA,NA,NA,NA,NA,NA,NA,NA,NA,NA,NA,NA,NA,NA,NA,NA,NA,NA,NA,NA
0007192195259,11189093.85,1146432.684,1,Multi Serve,Non- Indulgent,Ao Topping,Others,Others,Ao Topping,Vegetarian,White,No Gluten Claim Present,Premium,Thin,12.6 Oz,Small (<=20 Oz),Conv Oven,Thin,Regular Crust,1 Ct,Box,No Vegan Claim Present,No Natural Claim Present,No Gmo Claim Present,No Organic Claim Present,No Plant based claim,No Preservative-Free Claim Present,Non BFY
0069899780860,0,0,0,Multi Serve,NA,NA,NA,NA,NA,NA,NA,NA,NA,NA,NA,NA,NA,NA,NA,NA,NA,NA,NA,NA,NA,NA,NA,NA
0000277768444,0,0,0,Multi Serve,NA,NA,NA,NA,NA,NA,NA,NA,NA,NA,NA,NA,NA,NA,NA,NA,NA,NA,NA,NA,NA,NA,NA,NA
0007192100331,96671.44569,28987.45387,1,Multi Serve,NA,NA,NA,NA,NA,NA,NA,NA,NA,NA,NA,NA,NA,NA,NA,NA,NA,NA,NA,NA,NA,NA,NA,NA
0085161400615,0,0,0,Multi Serve,NA,NA,NA,NA,NA,NA,NA,NA,NA,NA,NA,NA,NA,NA,NA,NA,NA,NA,NA,NA,NA,NA,NA,NA
0000646616900,0,0,0,Multi Serve,NA,NA,NA,NA,NA,NA,NA,NA,NA,NA,NA,NA,NA,NA,NA,NA,NA,NA,NA,NA,NA,NA,NA,NA
0000132225528,0,0,0,Multi Serve,NA,NA,NA,NA,NA,NA,NA,NA,NA,NA,NA,NA,NA,NA,NA,NA,NA,NA,NA,NA,NA,NA,NA,NA
0004309856322,261.7739627,51.33704281,0,Multi Serve,NA,NA,NA,NA,NA,NA,NA,NA,NA,NA,NA,NA,NA,NA,NA,NA,NA,NA,NA,NA,NA,NA,NA,NA
0068946613206,11451.46277,2025.784553,0,Multi Serve,NA,NA,NA,NA,NA,NA,NA,NA,NA,NA,NA,NA,NA,NA,NA,NA,NA,NA,NA,NA,NA,NA,NA,NA
0000328537983,19.93915858,10.34731707,0,Multi Serve,NA,NA,NA,NA,NA,NA,NA,NA,NA,NA,NA,NA,NA,NA,NA,NA,NA,NA,NA,NA,NA,NA,NA,NA
0000401276564,749762.6602,113564.3373,0,Multi Serve,NA,NA,NA,NA,NA,NA,NA,NA,NA,NA,NA,NA,NA,NA,NA,NA,NA,NA,NA,NA,NA,NA,NA,NA
0001742013832,0,0,0,Multi Serve,NA,NA,NA,NA,NA,NA,NA,NA,NA,NA,NA,NA,NA,NA,NA,NA,NA,NA,NA,NA,NA,NA,NA,NA
0000763061376,448687.1874,120167.1983,0,Multi Serve,NA,NA,NA,NA,NA,NA,NA,NA,NA,NA,NA,NA,NA,NA,NA,NA,NA,NA,NA,NA,NA,NA,NA,NA
0005843120452,0,0,0,Multi Serve,NA,NA,NA,NA,NA,NA,NA,NA,NA,NA,NA,NA,NA,NA,NA,NA,NA,NA,NA,NA,NA,NA,NA,NA
0007192149971,0,0,1,Multi Serve,NA,NA,NA,NA,NA,NA,NA,NA,NA,NA,NA,NA,NA,NA,NA,NA,NA,NA,NA,NA,NA,NA,NA,NA
0001202979833,160351.5648,30375.41964,0,Multi Serve,NA,NA,NA,NA,NA,NA,NA,NA,NA,NA,NA,NA,NA,NA,NA,NA,NA,NA,NA,NA,NA,NA,NA,NA
0086000498279,21583.78397,2081.422037,0,Multi Serve,NA,NA,NA,NA,NA,NA,NA,NA,NA,NA,NA,NA,NA,NA,NA,NA,NA,NA,NA,NA,NA,NA,NA,NA
0270071748171,222.25,74.834375,0,Multi Serve,NA,NA,NA,NA,NA,NA,NA,NA,NA,NA,NA,NA,NA,NA,NA,NA,NA,NA,NA,NA,NA,NA,NA,NA
0089245300139,796323.6996,78505.26572,0,Multi Serve,NA,NA,NA,NA,NA,NA,NA,NA,NA,NA,NA,NA,NA,NA,NA,NA,NA,NA,NA,NA,NA,NA,NA,NA
0003870895289,305691.5793,38879.86123,0,Multi Serve,NA,NA,NA,NA,NA,NA,NA,NA,NA,NA,NA,NA,NA,NA,NA,NA,NA,NA,NA,NA,NA,NA,NA,NA
0000503547141,264.8697375,70.79516127,0,Multi Serve,NA,NA,NA,NA,NA,NA,NA,NA,NA,NA,NA,NA,NA,NA,NA,NA,NA,NA,NA,NA,NA,NA,NA,NA
0003870895218,0,0,0,Multi Serve,NA,NA,NA,NA,NA,NA,NA,NA,NA,NA,NA,NA,NA,NA,NA,NA,NA,NA,NA,NA,NA,NA,NA,NA
0085692100602,306045.8095,48436.55927,0,Multi Serve,NA,NA,NA,NA,NA,NA,NA,NA,NA,NA,NA,NA,NA,NA,NA,NA,NA,NA,NA,NA,NA,NA,NA,NA
0085003208128,3865.37988,673.8285602,0,Multi Serve,NA,NA,NA,NA,NA,NA,NA,NA,NA,NA,NA,NA,NA,NA,NA,NA,NA,NA,NA,NA,NA,NA,NA,NA
0007218074201,9888403.053,2855003.208,0,Multi Serve,Non- Indulgent,Mexican,Others,Others,Mexican,Non-Veg,Red Sauce,No Gluten Claim Present,Value,Regular Crust,20.53 Oz,Medium (20-30 Oz),Conv Oven,Thick/Original,Regular Crust,1 Ct,Box,No Vegan Claim Present,No Natural Claim Present,No Gmo Claim Present,No Organic Claim Present,No Plant based claim,No Preservative-Free Claim Present,Non BFY
0085003870813,140559.739,19878.83749,0,Multi Serve,NA,NA,NA,NA,NA,NA,NA,NA,NA,NA,NA,NA,NA,NA,NA,NA,NA,NA,NA,NA,NA,NA,NA,NA
0000895467897,0,0,0,Multi Serve,NA,NA,NA,NA,NA,NA,NA,NA,NA,NA,NA,NA,NA,NA,NA,NA,NA,NA,NA,NA,NA,NA,NA,NA
0000000604100,1190593.992,358108.498,0,Multi Serve,Non- Indulgent,Cheese/Plain,Others,Others,Cheese/Plain,PL,PL,No Gluten Claim Present,Value,Rising Crust,29.43 Oz,Medium (20-30 Oz),Conv Oven,PL,PL,1 Ct,Box,No Vegan Claim Present,No Natural Claim Present,No Gmo Claim Present,No Organic Claim Present,No Plant based claim,No Preservative-Free Claim Present,Non BFY
0073415894090,739.3476313,76.06644607,0,Multi Serve,NA,NA,NA,NA,NA,NA,NA,NA,NA,NA,NA,NA,NA,NA,NA,NA,NA,NA,NA,NA,NA,NA,NA,NA
0061891540012,23368.8,4231.5,0,Multi Serve,NA,NA,NA,NA,NA,NA,NA,NA,NA,NA,NA,NA,NA,NA,NA,NA,NA,NA,NA,NA,NA,NA,NA,NA
0000346523289,430633.5487,45270.86057,0,Multi Serve,NA,NA,NA,NA,NA,NA,NA,NA,NA,NA,NA,NA,NA,NA,NA,NA,NA,NA,NA,NA,NA,NA,NA,NA
0085763000317,47154.74946,7891.458575,0,Multi Serve,NA,NA,NA,NA,NA,NA,NA,NA,NA,NA,NA,NA,NA,NA,NA,NA,NA,NA,NA,NA,NA,NA,NA,NA
0007192123298,64380157.24,18903901.16,1,Multi Serve,Non- Indulgent,Meat Combos,Others,Deluxe/Supreme/Meat Combo,Meat Combos,Non-Veg,Red Sauce,No Gluten Claim Present,Mid Tier,Rising Crust,27.1 Oz,Medium (20-30 Oz),Conv Oven,Thick/Original,Regular Crust,1 Ct,Box,No Vegan Claim Present,No Natural Claim Present,No Gmo Claim Present,No Organic Claim Present,No Plant based claim,No Preservative-Free Claim Present,Non BFY
0085161400619,0,0,0,Multi Serve,NA,NA,NA,NA,NA,NA,NA,NA,NA,NA,NA,NA,NA,NA,NA,NA,NA,NA,NA,NA,NA,NA,NA,NA
0085587300857,0,0,0,Multi Serve,NA,NA,NA,NA,NA,NA,NA,NA,NA,NA,NA,NA,NA,NA,NA,NA,NA,NA,NA,NA,NA,NA,NA,NA
0089245300126,126593.3951,9919.894684,0,Multi Serve,NA,NA,NA,NA,NA,NA,NA,NA,NA,NA,NA,NA,NA,NA,NA,NA,NA,NA,NA,NA,NA,NA,NA,NA
0002066200602,17090754,2756279.703,0,Multi Serve,Non- Indulgent,Deluxe/Supreme,Deluxe/Supreme,Deluxe/Supreme/Meat Combo,Meat Combos,Non-Veg,Red Sauce,No Gluten Claim Present,Premium,Thin,17 Oz,Small (<=20 Oz),Conv Oven,Thin,Regular Crust,1 Ct,Box,No Vegan Claim Present,No Natural Claim Present,No Gmo Claim Present,No Organic Claim Present,No Plant based claim,No Preservative-Free Claim Present,Non BFY
0000056181120,0,0,0,Multi Serve,NA,NA,NA,NA,NA,NA,NA,NA,NA,NA,NA,NA,NA,NA,NA,NA,NA,NA,NA,NA,NA,NA,NA,NA
0067635147741,24364.30722,1303.582815,0,Multi Serve,NA,NA,NA,NA,NA,NA,NA,NA,NA,NA,NA,NA,NA,NA,NA,NA,NA,NA,NA,NA,NA,NA,NA,NA
0000100577746,0,0,0,Multi Serve,NA,NA,NA,NA,NA,NA,NA,NA,NA,NA,NA,NA,NA,NA,NA,NA,NA,NA,NA,NA,NA,NA,NA,NA
0062830829003,257936.0629,19365.98516,0,Multi Serve,NA,NA,NA,NA,NA,NA,NA,NA,NA,NA,NA,NA,NA,NA,NA,NA,NA,NA,NA,NA,NA,NA,NA,NA
0000010922230,53112.23342,9961.579496,0,Multi Serve,NA,NA,NA,NA,NA,NA,NA,NA,NA,NA,NA,NA,NA,NA,NA,NA,NA,NA,NA,NA,NA,NA,NA,NA
0002066200609,0,0,0,Multi Serve,NA,NA,NA,NA,NA,NA,NA,NA,NA,NA,NA,NA,NA,NA,NA,NA,NA,NA,NA,NA,NA,NA,NA,NA
0089784600213,26352.80081,5548.502221,0,Multi Serve,NA,NA,NA,NA,NA,NA,NA,NA,NA,NA,NA,NA,NA,NA,NA,NA,NA,NA,NA,NA,NA,NA,NA,NA
0004227201140,38.44747421,3.896078013,0,Multi Serve,NA,NA,NA,NA,NA,NA,NA,NA,NA,NA,NA,NA,NA,NA,NA,NA,NA,NA,NA,NA,NA,NA,NA,NA
0003120505100,18969555.27,5219323.426,0,Multi Serve,Non- Indulgent,Meat Combos,Others,Deluxe/Supreme/Meat Combo,Meat Combos,Non-Veg,Red Sauce,No Gluten Claim Present,Mid Tier,Regular Crust,31 Oz,Large (>= 30 Oz),Conv Oven,Thick/Original,Regular Crust,1 Ct,Box,No Vegan Claim Present,Natural Claim Present,No Gmo Claim Present,No Organic Claim Present,No Plant based claim,No Preservative-Free Claim Present,BFY
0007192130669,3228305.988,650538.2174,1,Multi Serve,Non- Indulgent,Pepperoni,Others,Others,Pepperoni,Non-Veg,Red Sauce,No Gluten Claim Present,Mid Tier,Regular Crust,31.2 Oz,Large (>= 30 Oz),Conv Oven,Thick/Original,Regular Crust,1 Ct,Box,No Vegan Claim Present,No Natural Claim Present,No Gmo Claim Present,No Organic Claim Present,No Plant based claim,No Preservative-Free Claim Present,Non BFY
0001202973193,20513.56368,5840.792496,0,Multi Serve,NA,NA,NA,NA,NA,NA,NA,NA,NA,NA,NA,NA,NA,NA,NA,NA,NA,NA,NA,NA,NA,NA,NA,NA
0071812297802,24621.42311,4252.744601,0,Multi Serve,NA,NA,NA,NA,NA,NA,NA,NA,NA,NA,NA,NA,NA,NA,NA,NA,NA,NA,NA,NA,NA,NA,NA,NA
0003870895214,0,0,0,Multi Serve,NA,NA,NA,NA,NA,NA,NA,NA,NA,NA,NA,NA,NA,NA,NA,NA,NA,NA,NA,NA,NA,NA,NA,NA
0007465330890,47969818.6,10922552.16,1,Multi Serve,Non- Indulgent,Cheese/Plain,Others,Others,Cheese/Plain,Vegetarian,Red Sauce,No Gluten Claim Present,Value,Regular Crust,13.8 Oz,Small (<=20 Oz),Conv Oven,Thick/Original,Regular Crust,1 Ct,Over Wrap,No Vegan Claim Present,No Natural Claim Present,No Gmo Claim Present,No Organic Claim Present,No Plant based claim,No Preservative-Free Claim Present,Non BFY
0060654160115,1289425.25,97081.70461,0,Multi Serve,Non- Indulgent,Cheese/Plain,Others,Others,Cheese/Plain,Vegetarian,Red Sauce,Gluten Free Claim,Premium,Veggie Crust,11 Oz,Small (<=20 Oz),Conv Oven,Thin,Healthy,1 Ct,Box,No Vegan Claim Present,No Natural Claim Present,No Gmo Claim Present,No Organic Claim Present,No Plant based claim,No Preservative-Free Claim Present,BFY
0003870895079,0,0,0,Multi Serve,NA,NA,NA,NA,NA,NA,NA,NA,NA,NA,NA,NA,NA,NA,NA,NA,NA,NA,NA,NA,NA,NA,NA,NA
0000145644830,143701.5854,53178.75135,0,Multi Serve,NA,NA,NA,NA,NA,NA,NA,NA,NA,NA,NA,NA,NA,NA,NA,NA,NA,NA,NA,NA,NA,NA,NA,NA
0000032156123,0,0,0,Multi Serve,NA,NA,NA,NA,NA,NA,NA,NA,NA,NA,NA,NA,NA,NA,NA,NA,NA,NA,NA,NA,NA,NA,NA,NA
0270071327735,0,0,1,Multi Serve,NA,NA,NA,NA,NA,NA,NA,NA,NA,NA,NA,NA,NA,NA,NA,NA,NA,NA,NA,NA,NA,NA,NA,NA
0004219700395,715577.621,138690.1785,0,Multi Serve,Indulgent,Ao Topping,Others,Others,Ao Topping,Vegetarian,NA,No Gluten Claim Present,Mid Tier,Regular Crust,20.29 Oz,Medium (20-30 Oz),Conv Oven,Thick/Original,NA,1 Ct,Over Wrap,No Vegan Claim Present,No Natural Claim Present,No Gmo Claim Present,No Organic Claim Present,No Plant based claim,No Preservative-Free Claim Present,Non BFY
0003120536000,1988458.414,302152.4117,0,Multi Serve,Non- Indulgent,Cheese/Plain,Others,Others,Cheese/Plain,Vegetarian,NA,No Gluten Claim Present,Mid Tier,Thin,16.5 Oz,Small (<=20 Oz),Conv Oven,Thin,NA,1 Ct,Box,No Vegan Claim Present,Natural Claim Present,No Gmo Claim Present,No Organic Claim Present,No Plant based claim,Preservative-Free Claim,BFY
0065512220181,0,0,0,Multi Serve,NA,NA,NA,NA,NA,NA,NA,NA,NA,NA,NA,NA,NA,NA,NA,NA,NA,NA,NA,NA,NA,NA,NA,NA
0085001837012,0,0,0,Multi Serve,NA,NA,NA,NA,NA,NA,NA,NA,NA,NA,NA,NA,NA,NA,NA,NA,NA,NA,NA,NA,NA,NA,NA,NA
0009492222858,17131.55743,1373.965239,0,Multi Serve,NA,NA,NA,NA,NA,NA,NA,NA,NA,NA,NA,NA,NA,NA,NA,NA,NA,NA,NA,NA,NA,NA,NA,NA
0001477700503,7962.393326,1407.652844,0,Multi Serve,NA,NA,NA,NA,NA,NA,NA,NA,NA,NA,NA,NA,NA,NA,NA,NA,NA,NA,NA,NA,NA,NA,NA,NA
0085587300897,5.248239002,2.877199992,0,Multi Serve,NA,NA,NA,NA,NA,NA,NA,NA,NA,NA,NA,NA,NA,NA,NA,NA,NA,NA,NA,NA,NA,NA,NA,NA
0000595282033,282482.7374,86157.00058,0,Multi Serve,NA,NA,NA,NA,NA,NA,NA,NA,NA,NA,NA,NA,NA,NA,NA,NA,NA,NA,NA,NA,NA,NA,NA,NA
0002737001050,0,0,0,Multi Serve,NA,NA,NA,NA,NA,NA,NA,NA,NA,NA,NA,NA,NA,NA,NA,NA,NA,NA,NA,NA,NA,NA,NA,NA
0000942653697,7948443.477,1594140.177,0,Multi Serve,Non- Indulgent,Deluxe/Supreme,Deluxe/Supreme,Deluxe/Supreme/Meat Combo,Meat Combos,PL,PL,No Gluten Claim Present,Value,Stuffed Crust,24.55 Oz,Medium (20-30 Oz),Conv Oven,PL,PL,1 Ct,Box,No Vegan Claim Present,No Natural Claim Present,No Gmo Claim Present,No Organic Claim Present,No Plant based claim,No Preservative-Free Claim Present,Non BFY
0004219700342,2644269.504,576075.7493,0,Multi Serve,Indulgent,Cheese/Plain,Others,Others,Cheese/Plain,Vegetarian,NA,No Gluten Claim Present,Mid Tier,Regular Crust,23.62 Oz,Medium (20-30 Oz),Conv Oven,Thick/Original,NA,1 Ct,Over Wrap,No Vegan Claim Present,No Natural Claim Present,No Gmo Claim Present,No Organic Claim Present,No Plant based claim,No Preservative-Free Claim Present,Non BFY
0007986102355,24970.14474,4744.802425,0,Multi Serve,NA,NA,NA,NA,NA,NA,NA,NA,NA,NA,NA,NA,NA,NA,NA,NA,NA,NA,NA,NA,NA,NA,NA,NA
0000564672741,773.8798024,140.7466289,0,Multi Serve,NA,NA,NA,NA,NA,NA,NA,NA,NA,NA,NA,NA,NA,NA,NA,NA,NA,NA,NA,NA,NA,NA,NA,NA
0074825250341,0,0,0,Multi Serve,NA,NA,NA,NA,NA,NA,NA,NA,NA,NA,NA,NA,NA,NA,NA,NA,NA,NA,NA,NA,NA,NA,NA,NA
0085922500309,0,0,0,Multi Serve,NA,NA,NA,NA,NA,NA,NA,NA,NA,NA,NA,NA,NA,NA,NA,NA,NA,NA,NA,NA,NA,NA,NA,NA
0007218076268,2965182.472,333824.4297,0,Multi Serve,Non- Indulgent,Cheese/Plain,Others,Others,Cheese/Plain,Vegetarian,NA,Gluten Free Claim,Mid Tier,Regular Crust,35 Oz,Large (>= 30 Oz),Conv Oven,Thick/Original,Healthy,2 Ct,Bag In Box,No Vegan Claim Present,No Natural Claim Present,No Gmo Claim Present,No Organic Claim Present,No Plant based claim,No Preservative-Free Claim Present,BFY
0085001731565,0,0,0,Multi Serve,NA,NA,NA,NA,NA,NA,NA,NA,NA,NA,NA,NA,NA,NA,NA,NA,NA,NA,NA,NA,NA,NA,NA,NA
0086586800037,0,0,0,Multi Serve,NA,NA,NA,NA,NA,NA,NA,NA,NA,NA,NA,NA,NA,NA,NA,NA,NA,NA,NA,NA,NA,NA,NA,NA
0003120536600,1247381.918,196899.5035,0,Multi Serve,Non- Indulgent,Cheese/Plain,Others,Others,Cheese/Plain,Vegetarian,NA,No Gluten Claim Present,Mid Tier,Thin,16.5 Oz,Small (<=20 Oz),Conv Oven,Thin,NA,1 Ct,Box,No Vegan Claim Present,Natural Claim Present,No Gmo Claim Present,No Organic Claim Present,No Plant based claim,Preservative-Free Claim,BFY
0000141373086,2371778.366,794381.9777,0,Multi Serve,Non- Indulgent,Pepperoni,Others,Others,Pepperoni,Non-Veg,PL,No Gluten Claim Present,Value,Rising Crust,28.3 Oz,Medium (20-30 Oz),Conv Oven,Thick/Original,PL,1 Ct,Box,No Vegan Claim Present,No Natural Claim Present,No Gmo Claim Present,No Organic Claim Present,No Plant based claim,No Preservative-Free Claim Present,Non BFY
0085763000385,71030.04597,11404.35104,0,Multi Serve,NA,NA,NA,NA,NA,NA,NA,NA,NA,NA,NA,NA,NA,NA,NA,NA,NA,NA,NA,NA,NA,NA,NA,NA
0062845168433,2266.461101,241.9248497,0,Multi Serve,NA,NA,NA,NA,NA,NA,NA,NA,NA,NA,NA,NA,NA,NA,NA,NA,NA,NA,NA,NA,NA,NA,NA,NA
0000855365430,0,0,0,Multi Serve,NA,NA,NA,NA,NA,NA,NA,NA,NA,NA,NA,NA,NA,NA,NA,NA,NA,NA,NA,NA,NA,NA,NA,NA
0003913116980,0,0,0,Multi Serve,NA,NA,NA,NA,NA,NA,NA,NA,NA,NA,NA,NA,NA,NA,NA,NA,NA,NA,NA,NA,NA,NA,NA,NA
0270070883230,0,0,1,Multi Serve,NA,NA,NA,NA,NA,NA,NA,NA,NA,NA,NA,NA,NA,NA,NA,NA,NA,NA,NA,NA,NA,NA,NA,NA
0007570630384,0,0,0,Multi Serve,NA,NA,NA,NA,NA,NA,NA,NA,NA,NA,NA,NA,NA,NA,NA,NA,NA,NA,NA,NA,NA,NA,NA,NA
0003870895032,578343.3477,119661.3911,0,Multi Serve,NA,NA,NA,NA,NA,NA,NA,NA,NA,NA,NA,NA,NA,NA,NA,NA,NA,NA,NA,NA,NA,NA,NA,NA
0085350700897,2836.276778,623.9811991,0,Multi Serve,NA,NA,NA,NA,NA,NA,NA,NA,NA,NA,NA,NA,NA,NA,NA,NA,NA,NA,NA,NA,NA,NA,NA,NA
0000685144821,0,0,0,Multi Serve,NA,NA,NA,NA,NA,NA,NA,NA,NA,NA,NA,NA,NA,NA,NA,NA,NA,NA,NA,NA,NA,NA,NA,NA
0086486200030,689.4175737,125.5630546,0,Multi Serve,NA,NA,NA,NA,NA,NA,NA,NA,NA,NA,NA,NA,NA,NA,NA,NA,NA,NA,NA,NA,NA,NA,NA,NA
0009350602666,0,0,0,Multi Serve,NA,NA,NA,NA,NA,NA,NA,NA,NA,NA,NA,NA,NA,NA,NA,NA,NA,NA,NA,NA,NA,NA,NA,NA
0070510584736,5291.130004,1022.122125,0,Multi Serve,NA,NA,NA,NA,NA,NA,NA,NA,NA,NA,NA,NA,NA,NA,NA,NA,NA,NA,NA,NA,NA,NA,NA,NA
0064313031100,1280979.847,349469.7638,0,Multi Serve,Indulgent,Vegetarian,Others,Others,Vegetarian,Vegetarian,Red Sauce,No Gluten Claim Present,Mid Tier,Pan/Deep Dish Crust,32 Oz,Large (>= 30 Oz),Conv Oven,Thick/Original,Regular Crust,1 Ct,Box,No Vegan Claim Present,No Natural Claim Present,No Gmo Claim Present,No Organic Claim Present,No Plant based claim,No Preservative-Free Claim Present,Non BFY
0083041500974,0,0,0,Multi Serve,NA,NA,NA,NA,NA,NA,NA,NA,NA,NA,NA,NA,NA,NA,NA,NA,NA,NA,NA,NA,NA,NA,NA,NA
0069668520062,0,0,0,Multi Serve,NA,NA,NA,NA,NA,NA,NA,NA,NA,NA,NA,NA,NA,NA,NA,NA,NA,NA,NA,NA,NA,NA,NA,NA
0008805755840,15597.04019,1745.759343,0,Multi Serve,NA,NA,NA,NA,NA,NA,NA,NA,NA,NA,NA,NA,NA,NA,NA,NA,NA,NA,NA,NA,NA,NA,NA,NA
0272000021953,0,0,1,Multi Serve,NA,NA,NA,NA,NA,NA,NA,NA,NA,NA,NA,NA,NA,NA,NA,NA,NA,NA,NA,NA,NA,NA,NA,NA
0007570630880,425002.2073,74226.95068,0,Multi Serve,Indulgent,Sausage,Others,Others,Sausage,Non-Veg,NA,No Gluten Claim Present,Mid Tier,Ao Crust,18.45 Oz,Small (<=20 Oz),Conv Oven,Thin,NA,1 Ct,Over Wrap,No Vegan Claim Present,No Natural Claim Present,No Gmo Claim Present,No Organic Claim Present,No Plant based claim,No Preservative-Free Claim Present,Non BFY
0001131761626,169406.7073,50949.04589,0,Multi Serve,NA,NA,NA,NA,NA,NA,NA,NA,NA,NA,NA,NA,NA,NA,NA,NA,NA,NA,NA,NA,NA,NA,NA,NA
0000257615132,2426.385069,285.0617265,0,Multi Serve,NA,NA,NA,NA,NA,NA,NA,NA,NA,NA,NA,NA,NA,NA,NA,NA,NA,NA,NA,NA,NA,NA,NA,NA
0085264200626,236389.4648,35373.15531,0,Multi Serve,NA,NA,NA,NA,NA,NA,NA,NA,NA,NA,NA,NA,NA,NA,NA,NA,NA,NA,NA,NA,NA,NA,NA,NA
0000702665711,155.61,31.44375,0,Multi Serve,NA,NA,NA,NA,NA,NA,NA,NA,NA,NA,NA,NA,NA,NA,NA,NA,NA,NA,NA,NA,NA,NA,NA,NA
0004219700004,0,0,0,Multi Serve,NA,NA,NA,NA,NA,NA,NA,NA,NA,NA,NA,NA,NA,NA,NA,NA,NA,NA,NA,NA,NA,NA,NA,NA
0085493400718,309404.8241,39088.40972,0,Multi Serve,NA,NA,NA,NA,NA,NA,NA,NA,NA,NA,NA,NA,NA,NA,NA,NA,NA,NA,NA,NA,NA,NA,NA,NA
0007363001511,57465.63707,8691.493285,0,Multi Serve,NA,NA,NA,NA,NA,NA,NA,NA,NA,NA,NA,NA,NA,NA,NA,NA,NA,NA,NA,NA,NA,NA,NA,NA
0001130767568,1180608.488,165788.7348,0,Multi Serve,Non- Indulgent,Ao Topping,Others,Others,Ao Topping,PL,PL,No Gluten Claim Present,Premium,Wood Fired,17.1 Oz,Small (<=20 Oz),Conv Oven,PL,PL,1 Ct,Box,No Vegan Claim Present,No Natural Claim Present,No Gmo Claim Present,No Organic Claim Present,PL,No Preservative-Free Claim Present,Non BFY
0007570615100,16451748.93,3346526.038,0,Multi Serve,Indulgent,Cheese/Plain,Others,Others,Cheese/Plain,Vegetarian,Red Sauce,No Gluten Claim Present,Mid Tier,Regular Crust,20.8 Oz,Medium (20-30 Oz),Conv Oven,Thick/Original,Regular Crust,1 Ct,Box,No Vegan Claim Present,No Natural Claim Present,No Gmo Claim Present,No Organic Claim Present,No Plant based claim,No Preservative-Free Claim Present,Non BFY
0086001296524,52541.86292,10565.36697,0,Multi Serve,NA,NA,NA,NA,NA,NA,NA,NA,NA,NA,NA,NA,NA,NA,NA,NA,NA,NA,NA,NA,NA,NA,NA,NA
0001180836300,466228.9279,56173.36515,0,Multi Serve,Non- Indulgent,Vegetarian,Others,Others,Vegetarian,PL,PL,No Gluten Claim Present,Premium,Hand Tossed/Pizzeria Style,14.46 Oz,Small (<=20 Oz),Conv Oven,PL,PL,1 Ct,Box,No Vegan Claim Present,No Natural Claim Present,No Gmo Claim Present,No Organic Claim Present,PL,No Preservative-Free Claim Present,Non BFY
0000268015760,7.225982062,1.647554923,0,Multi Serve,NA,NA,NA,NA,NA,NA,NA,NA,NA,NA,NA,NA,NA,NA,NA,NA,NA,NA,NA,NA,NA,NA,NA,NA
0087037500514,0,0,0,Multi Serve,NA,NA,NA,NA,NA,NA,NA,NA,NA,NA,NA,NA,NA,NA,NA,NA,NA,NA,NA,NA,NA,NA,NA,NA
0007192194544,419612.9677,83871.56057,1,Multi Serve,Non- Indulgent,Ao Topping,Others,Others,Ao Topping,Non-Veg,NA,No Gluten Claim Present,Value,Ao Crust,18.8 Oz,Small (<=20 Oz),Conv Oven,Thick/Original,NA,1 Ct,Box,No Vegan Claim Present,No Natural Claim Present,No Gmo Claim Present,No Organic Claim Present,No Plant based claim,No Preservative-Free Claim Present,Non BFY
0061604367794,815057.2116,155927.2299,0,Multi Serve,NA,NA,NA,NA,NA,NA,NA,NA,NA,NA,NA,NA,NA,NA,NA,NA,NA,NA,NA,NA,NA,NA,NA,NA
0003870895003,2875677.595,631943.8312,0,Multi Serve,Indulgent,Ao Topping,Others,Others,Ao Topping,Non-Veg,NA,No Gluten Claim Present,Mid Tier,Regular Crust,33.6 Oz,Large (>= 30 Oz),Conv Oven,Thick/Original,NA,1 Ct,Over Wrap,No Vegan Claim Present,No Natural Claim Present,No Gmo Claim Present,No Organic Claim Present,No Plant based claim,No Preservative-Free Claim Present,Non BFY
0069899781015,0,0,0,Multi Serve,NA,NA,NA,NA,NA,NA,NA,NA,NA,NA,NA,NA,NA,NA,NA,NA,NA,NA,NA,NA,NA,NA,NA,NA
0000006875910,0,0,0,Multi Serve,NA,NA,NA,NA,NA,NA,NA,NA,NA,NA,NA,NA,NA,NA,NA,NA,NA,NA,NA,NA,NA,NA,NA,NA
0007660112918,5793.076014,1085.211732,0,Multi Serve,NA,NA,NA,NA,NA,NA,NA,NA,NA,NA,NA,NA,NA,NA,NA,NA,NA,NA,NA,NA,NA,NA,NA,NA
0007192137760,313.3,80.4375,1,Multi Serve,NA,NA,NA,NA,NA,NA,NA,NA,NA,NA,NA,NA,NA,NA,NA,NA,NA,NA,NA,NA,NA,NA,NA,NA
0004570900032,0,0,0,Multi Serve,NA,NA,NA,NA,NA,NA,NA,NA,NA,NA,NA,NA,NA,NA,NA,NA,NA,NA,NA,NA,NA,NA,NA,NA
0000197308219,0,0,0,Multi Serve,NA,NA,NA,NA,NA,NA,NA,NA,NA,NA,NA,NA,NA,NA,NA,NA,NA,NA,NA,NA,NA,NA,NA,NA
0085001925802,737456.0276,130317.3221,0,Multi Serve,NA,NA,NA,NA,NA,NA,NA,NA,NA,NA,NA,NA,NA,NA,NA,NA,NA,NA,NA,NA,NA,NA,NA,NA
0270070883017,0,0,0,Multi Serve,NA,NA,NA,NA,NA,NA,NA,NA,NA,NA,NA,NA,NA,NA,NA,NA,NA,NA,NA,NA,NA,NA,NA,NA
0000000604524,0,0,0,Multi Serve,NA,NA,NA,NA,NA,NA,NA,NA,NA,NA,NA,NA,NA,NA,NA,NA,NA,NA,NA,NA,NA,NA,NA,NA
0007192112230,0,0,1,Multi Serve,NA,NA,NA,NA,NA,NA,NA,NA,NA,NA,NA,NA,NA,NA,NA,NA,NA,NA,NA,NA,NA,NA,NA,NA
0086000931961,708.3523266,246.0336633,0,Multi Serve,NA,NA,NA,NA,NA,NA,NA,NA,NA,NA,NA,NA,NA,NA,NA,NA,NA,NA,NA,NA,NA,NA,NA,NA
0007680805028,570.3240987,207.2673374,0,Multi Serve,NA,NA,NA,NA,NA,NA,NA,NA,NA,NA,NA,NA,NA,NA,NA,NA,NA,NA,NA,NA,NA,NA,NA,NA
0089784600203,51201.67026,11191.09068,0,Multi Serve,NA,NA,NA,NA,NA,NA,NA,NA,NA,NA,NA,NA,NA,NA,NA,NA,NA,NA,NA,NA,NA,NA,NA,NA
0000427036471,0,0,0,Multi Serve,NA,NA,NA,NA,NA,NA,NA,NA,NA,NA,NA,NA,NA,NA,NA,NA,NA,NA,NA,NA,NA,NA,NA,NA
0007570630519,0,0,0,Multi Serve,NA,NA,NA,NA,NA,NA,NA,NA,NA,NA,NA,NA,NA,NA,NA,NA,NA,NA,NA,NA,NA,NA,NA,NA
0004309820162,1613.685584,280.4117562,0,Multi Serve,NA,NA,NA,NA,NA,NA,NA,NA,NA,NA,NA,NA,NA,NA,NA,NA,NA,NA,NA,NA,NA,NA,NA,NA
0007218053640,0,0,0,Multi Serve,NA,NA,NA,NA,NA,NA,NA,NA,NA,NA,NA,NA,NA,NA,NA,NA,NA,NA,NA,NA,NA,NA,NA,NA
0003870895266,73758.18191,12720.68912,0,Multi Serve,NA,NA,NA,NA,NA,NA,NA,NA,NA,NA,NA,NA,NA,NA,NA,NA,NA,NA,NA,NA,NA,NA,NA,NA
0003913116851,0,0,0,Multi Serve,NA,NA,NA,NA,NA,NA,NA,NA,NA,NA,NA,NA,NA,NA,NA,NA,NA,NA,NA,NA,NA,NA,NA,NA
0001202254348,13458.50044,2331.972952,0,Multi Serve,NA,NA,NA,NA,NA,NA,NA,NA,NA,NA,NA,NA,NA,NA,NA,NA,NA,NA,NA,NA,NA,NA,NA,NA
0001996224721,0,0,0,Multi Serve,NA,NA,NA,NA,NA,NA,NA,NA,NA,NA,NA,NA,NA,NA,NA,NA,NA,NA,NA,NA,NA,NA,NA,NA
0005833618009,1020539.032,170271.6188,0,Multi Serve,Non- Indulgent,Pepperoni,Others,Others,Pepperoni,Non-Veg,NA,No Gluten Claim Present,Premium,Thin,12.7 Oz,Small (<=20 Oz),Conv Oven,Thin,NA,1 Ct,Box,No Vegan Claim Present,No Natural Claim Present,No Gmo Claim Present,No Organic Claim Present,No Plant based claim,No Preservative-Free Claim Present,Non BFY
0002870444600,2713983.812,439847.2366,0,Multi Serve,NA,NA,NA,NA,NA,NA,NA,NA,NA,NA,NA,NA,NA,NA,NA,NA,NA,NA,NA,NA,NA,NA,NA,NA
0000910056849,1573426.604,356242.0747,0,Multi Serve,Non- Indulgent,Pepperoni,Others,Others,Pepperoni,PL,PL,No Gluten Claim Present,Value,Regular Crust,10.54 Oz,Small (<=20 Oz),Conv Oven,PL,PL,1 Ct,Over Wrap,No Vegan Claim Present,No Natural Claim Present,No Gmo Claim Present,No Organic Claim Present,No Plant based claim,No Preservative-Free Claim Present,Non BFY
0000643815979,0,0,0,Multi Serve,NA,NA,NA,NA,NA,NA,NA,NA,NA,NA,NA,NA,NA,NA,NA,NA,NA,NA,NA,NA,NA,NA,NA,NA
0001109641975,42569.01509,13288.18263,0,Multi Serve,NA,NA,NA,NA,NA,NA,NA,NA,NA,NA,NA,NA,NA,NA,NA,NA,NA,NA,NA,NA,NA,NA,NA,NA
0083746400093,0,0,0,Multi Serve,NA,NA,NA,NA,NA,NA,NA,NA,NA,NA,NA,NA,NA,NA,NA,NA,NA,NA,NA,NA,NA,NA,NA,NA
0071375771640,0,0,0,Multi Serve,NA,NA,NA,NA,NA,NA,NA,NA,NA,NA,NA,NA,NA,NA,NA,NA,NA,NA,NA,NA,NA,NA,NA,NA
0000644853728,0,0,0,Multi Serve,NA,NA,NA,NA,NA,NA,NA,NA,NA,NA,NA,NA,NA,NA,NA,NA,NA,NA,NA,NA,NA,NA,NA,NA
0003952890125,15433.5842,1794.247967,0,Multi Serve,NA,NA,NA,NA,NA,NA,NA,NA,NA,NA,NA,NA,NA,NA,NA,NA,NA,NA,NA,NA,NA,NA,NA,NA
0007192194203,0,0,0,Multi Serve,NA,NA,NA,NA,NA,NA,NA,NA,NA,NA,NA,NA,NA,NA,NA,NA,NA,NA,NA,NA,NA,NA,NA,NA
0000589732780,0,0,0,Multi Serve,Non- Indulgent,Pepperoni,Others,Others,Pepperoni,Non-Veg,PL,No Gluten Claim Present,Value,Regular Crust,15.2 Oz,Small (<=20 Oz),Conv Oven,Thick/Original,Regular Crust,1 Ct,Box,No Vegan Claim Present,No Natural Claim Present,No Gmo Claim Present,No Organic Claim Present,No Plant based claim,No Preservative-Free Claim Present,Non BFY
0007465336720,9896.116417,2146.700096,1,Multi Serve,NA,NA,NA,NA,NA,NA,NA,NA,NA,NA,NA,NA,NA,NA,NA,NA,NA,NA,NA,NA,NA,NA,NA,NA
0083464800161,20932.21024,3449.865951,0,Multi Serve,NA,NA,NA,NA,NA,NA,NA,NA,NA,NA,NA,NA,NA,NA,NA,NA,NA,NA,NA,NA,NA,NA,NA,NA
0007570630807,53891.97428,10336.4504,0,Multi Serve,NA,NA,NA,NA,NA,NA,NA,NA,NA,NA,NA,NA,NA,NA,NA,NA,NA,NA,NA,NA,NA,NA,NA,NA
0003120535500,667229.2545,149781.7224,0,Multi Serve,Non- Indulgent,Sausage,Others,Others,Sausage,Non-Veg,NA,No Gluten Claim Present,Mid Tier,Thin,23.5 Oz,Medium (20-30 Oz),Conv Oven,Thin,NA,1 Ct,Box,No Vegan Claim Present,No Natural Claim Present,No Gmo Claim Present,No Organic Claim Present,No Plant based claim,No Preservative-Free Claim Present,BFY
0000750733217,0,0,0,Multi Serve,NA,NA,NA,NA,NA,NA,NA,NA,NA,NA,NA,NA,NA,NA,NA,NA,NA,NA,NA,NA,NA,NA,NA,NA
0085993500213,0,0,0,Multi Serve,NA,NA,NA,NA,NA,NA,NA,NA,NA,NA,NA,NA,NA,NA,NA,NA,NA,NA,NA,NA,NA,NA,NA,NA
0081496700501,179.4320516,17.38446656,0,Multi Serve,NA,NA,NA,NA,NA,NA,NA,NA,NA,NA,NA,NA,NA,NA,NA,NA,NA,NA,NA,NA,NA,NA,NA,NA
0000277770420,1019851.247,136669.3828,0,Multi Serve,Non- Indulgent,Cheese/Plain,Others,Others,Cheese/Plain,PL,PL,Gluten Free Claim,Premium,Veggie Crust,11.64 Oz,Small (<=20 Oz),Conv Oven,PL,PL,1 Ct,Box,No Vegan Claim Present,No Natural Claim Present,No Gmo Claim Present,No Organic Claim Present,No Plant based claim,No Preservative-Free Claim Present,BFY
0004309856300,20013.305,3925.06234,0,Multi Serve,NA,NA,NA,NA,NA,NA,NA,NA,NA,NA,NA,NA,NA,NA,NA,NA,NA,NA,NA,NA,NA,NA,NA,NA
0007192151320,930365.7582,272199.4711,1,Multi Serve,Non- Indulgent,Mexican,Others,Others,Mexican,Non-Veg,Red Sauce,No Gluten Claim Present,Mid Tier,Regular Crust,21 Oz,Medium (20-30 Oz),Conv Oven,Thick/Original,Regular Crust,1 Ct,Box,No Vegan Claim Present,No Natural Claim Present,No Gmo Claim Present,No Organic Claim Present,No Plant based claim,No Preservative-Free Claim Present,Non BFY
0000029489255,11.96,3.75,0,Multi Serve,NA,NA,NA,NA,NA,NA,NA,NA,NA,NA,NA,NA,NA,NA,NA,NA,NA,NA,NA,NA,NA,NA,NA,NA
0085493400763,4881133.709,426254.8093,0,Multi Serve,Non- Indulgent,Chicken,Others,Others,Chicken,Non-Veg,Red Sauce,Gluten Free Claim,Premium,Veggie Crust,10.9 Oz,Small (<=20 Oz),Conv Oven,Thick/Original,Healthy,1 Ct,Box,No Vegan Claim Present,No Natural Claim Present,No Gmo Claim Present,No Organic Claim Present,No Plant based claim,No Preservative-Free Claim Present,BFY
0000440147726,3230931.998,1388308.847,0,Multi Serve,Non- Indulgent,Meat Combos,Others,Deluxe/Supreme/Meat Combo,Meat Combos,Non-Veg,PL,No Gluten Claim Present,Value,Rising Crust,30.75 Oz,Large (>= 30 Oz),Conv Oven,Thick/Original,PL,1 Ct,Box,No Vegan Claim Present,No Natural Claim Present,No Gmo Claim Present,No Organic Claim Present,No Plant based claim,No Preservative-Free Claim Present,Non BFY
0072180634719,0,0,0,Multi Serve,NA,NA,NA,NA,NA,NA,NA,NA,NA,NA,NA,NA,NA,NA,NA,NA,NA,NA,NA,NA,NA,NA,NA,NA
0086001140411,691232.6289,104039.7539,0,Multi Serve,NA,NA,NA,NA,NA,NA,NA,NA,NA,NA,NA,NA,NA,NA,NA,NA,NA,NA,NA,NA,NA,NA,NA,NA
0085003208129,694.95,146.61,0,Multi Serve,NA,NA,NA,NA,NA,NA,NA,NA,NA,NA,NA,NA,NA,NA,NA,NA,NA,NA,NA,NA,NA,NA,NA,NA
0000353775132,463485.5849,79481.58579,0,Multi Serve,NA,NA,NA,NA,NA,NA,NA,NA,NA,NA,NA,NA,NA,NA,NA,NA,NA,NA,NA,NA,NA,NA,NA,NA
0000057413869,0,0,0,Multi Serve,NA,NA,NA,NA,NA,NA,NA,NA,NA,NA,NA,NA,NA,NA,NA,NA,NA,NA,NA,NA,NA,NA,NA,NA
0005073206465,35796.24562,9276.690058,0,Multi Serve,NA,NA,NA,NA,NA,NA,NA,NA,NA,NA,NA,NA,NA,NA,NA,NA,NA,NA,NA,NA,NA,NA,NA,NA
0086287100031,87459.94246,6569.277369,0,Multi Serve,NA,NA,NA,NA,NA,NA,NA,NA,NA,NA,NA,NA,NA,NA,NA,NA,NA,NA,NA,NA,NA,NA,NA,NA
0083041500984,41.88,6.70875,0,Multi Serve,NA,NA,NA,NA,NA,NA,NA,NA,NA,NA,NA,NA,NA,NA,NA,NA,NA,NA,NA,NA,NA,NA,NA,NA
0000268720219,29155.69256,5008.928327,0,Multi Serve,NA,NA,NA,NA,NA,NA,NA,NA,NA,NA,NA,NA,NA,NA,NA,NA,NA,NA,NA,NA,NA,NA,NA,NA
0001674121527,7276.042785,487.4071331,1,Multi Serve,NA,NA,NA,NA,NA,NA,NA,NA,NA,NA,NA,NA,NA,NA,NA,NA,NA,NA,NA,NA,NA,NA,NA,NA
0000408177960,320241.9856,62168.20128,0,Multi Serve,NA,NA,NA,NA,NA,NA,NA,NA,NA,NA,NA,NA,NA,NA,NA,NA,NA,NA,NA,NA,NA,NA,NA,NA
0001477700502,81725.41638,19489.46831,0,Multi Serve,NA,NA,NA,NA,NA,NA,NA,NA,NA,NA,NA,NA,NA,NA,NA,NA,NA,NA,NA,NA,NA,NA,NA,NA
0007570630741,898787.7483,190686.8803,0,Multi Serve,NA,NA,NA,NA,NA,NA,NA,NA,NA,NA,NA,NA,NA,NA,NA,NA,NA,NA,NA,NA,NA,NA,NA,NA
0000006671622,0,0,0,Multi Serve,NA,NA,NA,NA,NA,NA,NA,NA,NA,NA,NA,NA,NA,NA,NA,NA,NA,NA,NA,NA,NA,NA,NA,NA
0000592935841,0,0,0,Multi Serve,NA,NA,NA,NA,NA,NA,NA,NA,NA,NA,NA,NA,NA,NA,NA,NA,NA,NA,NA,NA,NA,NA,NA,NA
0003007456703,0,0,0,Multi Serve,NA,NA,NA,NA,NA,NA,NA,NA,NA,NA,NA,NA,NA,NA,NA,NA,NA,NA,NA,NA,NA,NA,NA,NA
0003870882450,0,0,0,Multi Serve,NA,NA,NA,NA,NA,NA,NA,NA,NA,NA,NA,NA,NA,NA,NA,NA,NA,NA,NA,NA,NA,NA,NA,NA
0000029194796,44.64151323,6.702929914,0,Multi Serve,NA,NA,NA,NA,NA,NA,NA,NA,NA,NA,NA,NA,NA,NA,NA,NA,NA,NA,NA,NA,NA,NA,NA,NA
0000678298617,0,0,0,Multi Serve,NA,NA,NA,NA,NA,NA,NA,NA,NA,NA,NA,NA,NA,NA,NA,NA,NA,NA,NA,NA,NA,NA,NA,NA
0085692100615,2621676.91,486378.9181,0,Multi Serve,Non- Indulgent,Pepperoni,Others,Others,Pepperoni,Non-Veg,NA,No Gluten Claim Present,Premium,Regular Crust,18.55 Oz,Small (<=20 Oz),Conv Oven,Thick/Original,NA,1 Ct,Box,No Vegan Claim Present,No Natural Claim Present,No Gmo Claim Present,No Organic Claim Present,No Plant based claim,No Preservative-Free Claim Present,Non BFY
0000106108483,82.0696081,26.1037217,0,Multi Serve,NA,NA,NA,NA,NA,NA,NA,NA,NA,NA,NA,NA,NA,NA,NA,NA,NA,NA,NA,NA,NA,NA,NA,NA
0439904071300,5888.23,1287.34375,1,Multi Serve,NA,NA,NA,NA,NA,NA,NA,NA,NA,NA,NA,NA,NA,NA,NA,NA,NA,NA,NA,NA,NA,NA,NA,NA
0005833618000,2830034.541,414575.5655,0,Multi Serve,Non- Indulgent,Cheese/Plain,Others,Others,Cheese/Plain,Vegetarian,Pesto,No Gluten Claim Present,Premium,Thin,11.5 Oz,Small (<=20 Oz),Conv Oven,Thin,Regular Crust,1 Ct,Box,No Vegan Claim Present,No Natural Claim Present,No Gmo Claim Present,No Organic Claim Present,No Plant based claim,No Preservative-Free Claim Present,Non BFY
0001196014374,229034.704,100828.2218,0,Multi Serve,NA,NA,NA,NA,NA,NA,NA,NA,NA,NA,NA,NA,NA,NA,NA,NA,NA,NA,NA,NA,NA,NA,NA,NA
0000000603075,0,0,0,Multi Serve,NA,NA,NA,NA,NA,NA,NA,NA,NA,NA,NA,NA,NA,NA,NA,NA,NA,NA,NA,NA,NA,NA,NA,NA
0085993500217,0,0,0,Multi Serve,NA,NA,NA,NA,NA,NA,NA,NA,NA,NA,NA,NA,NA,NA,NA,NA,NA,NA,NA,NA,NA,NA,NA,NA
0085001598240,323.4844598,61.15149995,0,Multi Serve,NA,NA,NA,NA,NA,NA,NA,NA,NA,NA,NA,NA,NA,NA,NA,NA,NA,NA,NA,NA,NA,NA,NA,NA
0083041500903,0,0,0,Multi Serve,NA,NA,NA,NA,NA,NA,NA,NA,NA,NA,NA,NA,NA,NA,NA,NA,NA,NA,NA,NA,NA,NA,NA,NA
0007192127510,10485553.41,1875029.573,1,Multi Serve,Non- Indulgent,Cheese/Plain,Others,Others,Cheese/Plain,Vegetarian,Red Sauce,No Gluten Claim Present,Mid Tier,Hand Tossed/Pizzeria Style,16.9 Oz,Small (<=20 Oz),Conv Oven,Thick/Original,Regular Crust,1 Ct,Box,No Vegan Claim Present,No Natural Claim Present,No Gmo Claim Present,No Organic Claim Present,No Plant based claim,No Preservative-Free Claim Present,Non BFY
0000193340086,97822.25889,33247.7071,0,Multi Serve,NA,NA,NA,NA,NA,NA,NA,NA,NA,NA,NA,NA,NA,NA,NA,NA,NA,NA,NA,NA,NA,NA,NA,NA
0002100007392,0,0,0,Multi Serve,NA,NA,NA,NA,NA,NA,NA,NA,NA,NA,NA,NA,NA,NA,NA,NA,NA,NA,NA,NA,NA,NA,NA,NA
0007192120616,54410613.66,8336459.673,1,Multi Serve,Non- Indulgent,Cheese/Plain,Others,Others,Cheese/Plain,Vegetarian,Red Sauce,No Gluten Claim Present,Mid Tier,Stuffed Crust,22.2 Oz,Medium (20-30 Oz),Conv Oven,Thick/Original,Regular Crust,1 Ct,Box,No Vegan Claim Present,No Natural Claim Present,No Gmo Claim Present,No Organic Claim Present,No Plant based claim,No Preservative-Free Claim Present,Non BFY
0004219700396,602169.972,137216.9762,0,Multi Serve,Indulgent,Ao Topping,Others,Others,Ao Topping,Non-Veg,NA,No Gluten Claim Present,Mid Tier,Regular Crust,23.75 Oz,Medium (20-30 Oz),Conv Oven,Thin,NA,1 Ct,Over Wrap,No Vegan Claim Present,No Natural Claim Present,No Gmo Claim Present,No Organic Claim Present,No Plant based claim,No Preservative-Free Claim Present,Non BFY
0007570630496,0,0,0,Multi Serve,NA,NA,NA,NA,NA,NA,NA,NA,NA,NA,NA,NA,NA,NA,NA,NA,NA,NA,NA,NA,NA,NA,NA,NA
0086000022550,0,0,0,Multi Serve,NA,NA,NA,NA,NA,NA,NA,NA,NA,NA,NA,NA,NA,NA,NA,NA,NA,NA,NA,NA,NA,NA,NA,NA
0000066033031,0,0,0,Multi Serve,NA,NA,NA,NA,NA,NA,NA,NA,NA,NA,NA,NA,NA,NA,NA,NA,NA,NA,NA,NA,NA,NA,NA,NA
0003033311332,380335.4932,56186.54564,0,Multi Serve,NA,NA,NA,NA,NA,NA,NA,NA,NA,NA,NA,NA,NA,NA,NA,NA,NA,NA,NA,NA,NA,NA,NA,NA
0004712400120,112616.1925,18188.44014,0,Multi Serve,NA,NA,NA,NA,NA,NA,NA,NA,NA,NA,NA,NA,NA,NA,NA,NA,NA,NA,NA,NA,NA,NA,NA,NA
0009350602881,2479.921289,362.1860095,0,Multi Serve,NA,NA,NA,NA,NA,NA,NA,NA,NA,NA,NA,NA,NA,NA,NA,NA,NA,NA,NA,NA,NA,NA,NA,NA
0003952890123,85288.12846,17418.24247,0,Multi Serve,NA,NA,NA,NA,NA,NA,NA,NA,NA,NA,NA,NA,NA,NA,NA,NA,NA,NA,NA,NA,NA,NA,NA,NA
0000212317019,500295.8051,89862.86648,0,Multi Serve,Non- Indulgent,Ao Topping,Others,Others,Ao Topping,PL,PL,No Gluten Claim Present,Value,Ao Crust,14 Oz,Small (<=20 Oz),Conv Oven,PL,PL,1 Ct,Box,No Vegan Claim Present,No Natural Claim Present,No Gmo Claim Present,No Organic Claim Present,No Plant based claim,No Preservative-Free Claim Present,Non BFY
0007738711504,0,0,0,Multi Serve,NA,NA,NA,NA,NA,NA,NA,NA,NA,NA,NA,NA,NA,NA,NA,NA,NA,NA,NA,NA,NA,NA,NA,NA
0003913117502,130897.0622,25194.71344,0,Multi Serve,NA,NA,NA,NA,NA,NA,NA,NA,NA,NA,NA,NA,NA,NA,NA,NA,NA,NA,NA,NA,NA,NA,NA,NA
0085452700425,0,0,0,Multi Serve,NA,NA,NA,NA,NA,NA,NA,NA,NA,NA,NA,NA,NA,NA,NA,NA,NA,NA,NA,NA,NA,NA,NA,NA
0065216001568,0,0,0,Multi Serve,NA,NA,NA,NA,NA,NA,NA,NA,NA,NA,NA,NA,NA,NA,NA,NA,NA,NA,NA,NA,NA,NA,NA,NA
0007192135320,0,0,1,Multi Serve,NA,NA,NA,NA,NA,NA,NA,NA,NA,NA,NA,NA,NA,NA,NA,NA,NA,NA,NA,NA,NA,NA,NA,NA
0085164100306,1061.157141,185.980031,0,Multi Serve,NA,NA,NA,NA,NA,NA,NA,NA,NA,NA,NA,NA,NA,NA,NA,NA,NA,NA,NA,NA,NA,NA,NA,NA
0062858629212,877.1665852,128.822863,0,Multi Serve,NA,NA,NA,NA,NA,NA,NA,NA,NA,NA,NA,NA,NA,NA,NA,NA,NA,NA,NA,NA,NA,NA,NA,NA
0085704900403,0,0,0,Multi Serve,NA,NA,NA,NA,NA,NA,NA,NA,NA,NA,NA,NA,NA,NA,NA,NA,NA,NA,NA,NA,NA,NA,NA,NA
0003120535000,2317424.618,425003.881,0,Multi Serve,Non- Indulgent,Sausage,Others,Others,Sausage,Non-Veg,Red Sauce,No Gluten Claim Present,Mid Tier,Thin,19 Oz,Small (<=20 Oz),Conv Oven,Thin,NA,1 Ct,Box,No Vegan Claim Present,Natural Claim Present,No Gmo Claim Present,No Organic Claim Present,No Plant based claim,Preservative-Free Claim,BFY
0081005208006,1846.29696,252.8440962,0,Multi Serve,NA,NA,NA,NA,NA,NA,NA,NA,NA,NA,NA,NA,NA,NA,NA,NA,NA,NA,NA,NA,NA,NA,NA,NA
0000533145809,450811.716,67812.92913,0,Multi Serve,NA,NA,NA,NA,NA,NA,NA,NA,NA,NA,NA,NA,NA,NA,NA,NA,NA,NA,NA,NA,NA,NA,NA,NA
0007192182154,0,0,1,Multi Serve,NA,NA,NA,NA,NA,NA,NA,NA,NA,NA,NA,NA,NA,NA,NA,NA,NA,NA,NA,NA,NA,NA,NA,NA
0000141373104,1359298.284,320568.796,0,Multi Serve,Non- Indulgent,Pepperoni,Others,Others,Pepperoni,PL,PL,No Gluten Claim Present,Value,Regular Crust,15.4 Oz,Small (<=20 Oz),Conv Oven,PL,PL,1 Ct,Over Wrap,No Vegan Claim Present,No Natural Claim Present,No Gmo Claim Present,No Organic Claim Present,No Plant based claim,No Preservative-Free Claim Present,Non BFY
0081475700002,0,0,0,Multi Serve,NA,NA,NA,NA,NA,NA,NA,NA,NA,NA,NA,NA,NA,NA,NA,NA,NA,NA,NA,NA,NA,NA,NA,NA
0000913640856,6359.519483,2591.944059,0,Multi Serve,NA,NA,NA,NA,NA,NA,NA,NA,NA,NA,NA,NA,NA,NA,NA,NA,NA,NA,NA,NA,NA,NA,NA,NA
0000562493976,0,0,0,Multi Serve,NA,NA,NA,NA,NA,NA,NA,NA,NA,NA,NA,NA,NA,NA,NA,NA,NA,NA,NA,NA,NA,NA,NA,NA
0007192101879,13.62,4.14375,1,Multi Serve,NA,NA,NA,NA,NA,NA,NA,NA,NA,NA,NA,NA,NA,NA,NA,NA,NA,NA,NA,NA,NA,NA,NA,NA
0007192198111,0,0,1,Multi Serve,NA,NA,NA,NA,NA,NA,NA,NA,NA,NA,NA,NA,NA,NA,NA,NA,NA,NA,NA,NA,NA,NA,NA,NA
0007864230200,0,0,0,Multi Serve,NA,NA,NA,NA,NA,NA,NA,NA,NA,NA,NA,NA,NA,NA,NA,NA,NA,NA,NA,NA,NA,NA,NA,NA
0005073207013,0,0,0,Multi Serve,NA,NA,NA,NA,NA,NA,NA,NA,NA,NA,NA,NA,NA,NA,NA,NA,NA,NA,NA,NA,NA,NA,NA,NA
0001558229256,0,0,0,Multi Serve,NA,NA,NA,NA,NA,NA,NA,NA,NA,NA,NA,NA,NA,NA,NA,NA,NA,NA,NA,NA,NA,NA,NA,NA
0007570630472,0,0,0,Multi Serve,NA,NA,NA,NA,NA,NA,NA,NA,NA,NA,NA,NA,NA,NA,NA,NA,NA,NA,NA,NA,NA,NA,NA,NA
0000427142060,0,0,0,Multi Serve,NA,NA,NA,NA,NA,NA,NA,NA,NA,NA,NA,NA,NA,NA,NA,NA,NA,NA,NA,NA,NA,NA,NA,NA
0085005273947,23954.75238,3976.164592,0,Multi Serve,NA,NA,NA,NA,NA,NA,NA,NA,NA,NA,NA,NA,NA,NA,NA,NA,NA,NA,NA,NA,NA,NA,NA,NA
0000016095385,0,0,0,Multi Serve,NA,NA,NA,NA,NA,NA,NA,NA,NA,NA,NA,NA,NA,NA,NA,NA,NA,NA,NA,NA,NA,NA,NA,NA
0000114502504,0,0,0,Multi Serve,NA,NA,NA,NA,NA,NA,NA,NA,NA,NA,NA,NA,NA,NA,NA,NA,NA,NA,NA,NA,NA,NA,NA,NA
0088570901217,720430.6084,65245.52568,0,Multi Serve,NA,NA,NA,NA,NA,NA,NA,NA,NA,NA,NA,NA,NA,NA,NA,NA,NA,NA,NA,NA,NA,NA,NA,NA
0004219700372,310093.6404,67904.97907,0,Multi Serve,NA,NA,NA,NA,NA,NA,NA,NA,NA,NA,NA,NA,NA,NA,NA,NA,NA,NA,NA,NA,NA,NA,NA,NA
0081475700004,0,0,0,Multi Serve,NA,NA,NA,NA,NA,NA,NA,NA,NA,NA,NA,NA,NA,NA,NA,NA,NA,NA,NA,NA,NA,NA,NA,NA
0081217703127,0,0,0,Multi Serve,NA,NA,NA,NA,NA,NA,NA,NA,NA,NA,NA,NA,NA,NA,NA,NA,NA,NA,NA,NA,NA,NA,NA,NA
0067400711411,0,0,0,Multi Serve,NA,NA,NA,NA,NA,NA,NA,NA,NA,NA,NA,NA,NA,NA,NA,NA,NA,NA,NA,NA,NA,NA,NA,NA
0082657011210,0,0,0,Multi Serve,NA,NA,NA,NA,NA,NA,NA,NA,NA,NA,NA,NA,NA,NA,NA,NA,NA,NA,NA,NA,NA,NA,NA,NA
0086000022552,262734.4787,25862.47902,0,Multi Serve,NA,NA,NA,NA,NA,NA,NA,NA,NA,NA,NA,NA,NA,NA,NA,NA,NA,NA,NA,NA,NA,NA,NA,NA
0060654160140,301328.3718,21139.07003,0,Multi Serve,NA,NA,NA,NA,NA,NA,NA,NA,NA,NA,NA,NA,NA,NA,NA,NA,NA,NA,NA,NA,NA,NA,NA,NA
0007192165937,69.28070949,17.2510137,1,Multi Serve,NA,NA,NA,NA,NA,NA,NA,NA,NA,NA,NA,NA,NA,NA,NA,NA,NA,NA,NA,NA,NA,NA,NA,NA
0000137508546,0,0,0,Multi Serve,NA,NA,NA,NA,NA,NA,NA,NA,NA,NA,NA,NA,NA,NA,NA,NA,NA,NA,NA,NA,NA,NA,NA,NA
0000028767004,1114610.555,134206.9232,0,Multi Serve,Non- Indulgent,Ao Topping,Others,Others,Ao Topping,PL,PL,No Gluten Claim Present,Premium,Thin,11.9 Oz,Small (<=20 Oz),Conv Oven,PL,PL,1 Ct,Box,No Vegan Claim Present,No Natural Claim Present,No Gmo Claim Present,No Organic Claim Present,No Plant based claim,No Preservative-Free Claim Present,Non BFY
0085955300440,25312.55974,2133.609684,0,Multi Serve,NA,NA,NA,NA,NA,NA,NA,NA,NA,NA,NA,NA,NA,NA,NA,NA,NA,NA,NA,NA,NA,NA,NA,NA
0009492222857,14287.60875,1167.53994,0,Multi Serve,NA,NA,NA,NA,NA,NA,NA,NA,NA,NA,NA,NA,NA,NA,NA,NA,NA,NA,NA,NA,NA,NA,NA,NA
0074446300016,86970.96975,12903.32704,0,Multi Serve,NA,NA,NA,NA,NA,NA,NA,NA,NA,NA,NA,NA,NA,NA,NA,NA,NA,NA,NA,NA,NA,NA,NA,NA
0085056400435,115.4165899,14.51881398,0,Multi Serve,NA,NA,NA,NA,NA,NA,NA,NA,NA,NA,NA,NA,NA,NA,NA,NA,NA,NA,NA,NA,NA,NA,NA,NA
0079540418111,0,0,0,Multi Serve,NA,NA,NA,NA,NA,NA,NA,NA,NA,NA,NA,NA,NA,NA,NA,NA,NA,NA,NA,NA,NA,NA,NA,NA
0085003616839,0,0,0,Multi Serve,NA,NA,NA,NA,NA,NA,NA,NA,NA,NA,NA,NA,NA,NA,NA,NA,NA,NA,NA,NA,NA,NA,NA,NA
0001118969854,449778.1989,149746.218,0,Multi Serve,Non- Indulgent,Vegetarian,Others,Others,Vegetarian,PL,PL,No Gluten Claim Present,Value,Regular Crust,19.65 Oz,Small (<=20 Oz),Conv Oven,PL,PL,1 Ct,Box,No Vegan Claim Present,No Natural Claim Present,No Gmo Claim Present,No Organic Claim Present,No Plant based claim,No Preservative-Free Claim Present,Non BFY
0000678298612,0,0,0,Multi Serve,NA,NA,NA,NA,NA,NA,NA,NA,NA,NA,NA,NA,NA,NA,NA,NA,NA,NA,NA,NA,NA,NA,NA,NA
0086000596331,24141.43313,1956.119411,0,Multi Serve,NA,NA,NA,NA,NA,NA,NA,NA,NA,NA,NA,NA,NA,NA,NA,NA,NA,NA,NA,NA,NA,NA,NA,NA
0001070953131,225834.3547,39094.89456,0,Multi Serve,NA,NA,NA,NA,NA,NA,NA,NA,NA,NA,NA,NA,NA,NA,NA,NA,NA,NA,NA,NA,NA,NA,NA,NA
0007192192580,142436795.2,21156685.72,1,Multi Serve,Non- Indulgent,Pepperoni,Others,Others,Pepperoni,Non-Veg,Red Sauce,No Gluten Claim Present,Mid Tier,Stuffed Crust,22.2 Oz,Medium (20-30 Oz),Conv Oven,Thick/Original,Regular Crust,1 Ct,Box,No Vegan Claim Present,No Natural Claim Present,No Gmo Claim Present,No Organic Claim Present,No Plant based claim,No Preservative-Free Claim Present,Non BFY
0003870833233,2172.935941,451.4847523,0,Multi Serve,NA,NA,NA,NA,NA,NA,NA,NA,NA,NA,NA,NA,NA,NA,NA,NA,NA,NA,NA,NA,NA,NA,NA,NA
0085720800302,572748.4893,89716.32351,0,Multi Serve,NA,NA,NA,NA,NA,NA,NA,NA,NA,NA,NA,NA,NA,NA,NA,NA,NA,NA,NA,NA,NA,NA,NA,NA
0001049324767,925921.9107,139632.0996,0,Multi Serve,Non- Indulgent,Vegetarian,Others,Others,Vegetarian,PL,PL,PL,Value,Thin,15.94 Oz,Small (<=20 Oz),Conv Oven,PL,PL,1 Ct,Box,No Vegan Claim Present,No Natural Claim Present,No Gmo Claim Present,No Organic Claim Present,No Plant based claim,No Preservative-Free Claim Present,Non BFY
0007570616500,2928855.042,471368.4729,0,Multi Serve,Non- Indulgent,Cheese/Plain,Others,Others,Cheese/Plain,Vegetarian,Red Sauce,No Gluten Claim Present,Premium,Regular Crust,13 Oz,Small (<=20 Oz),Conv Oven,Thick/Original,Regular Crust,1 Ct,Box,No Vegan Claim Present,No Natural Claim Present,No Gmo Claim Present,No Organic Claim Present,No Plant based claim,No Preservative-Free Claim Present,Non BFY
0085350700812,0,0,0,Multi Serve,NA,NA,NA,NA,NA,NA,NA,NA,NA,NA,NA,NA,NA,NA,NA,NA,NA,NA,NA,NA,NA,NA,NA,NA
0007218056372,0,0,0,Multi Serve,NA,NA,NA,NA,NA,NA,NA,NA,NA,NA,NA,NA,NA,NA,NA,NA,NA,NA,NA,NA,NA,NA,NA,NA
0089784600202,21444.53555,3268.425491,0,Multi Serve,NA,NA,NA,NA,NA,NA,NA,NA,NA,NA,NA,NA,NA,NA,NA,NA,NA,NA,NA,NA,NA,NA,NA,NA
0002113035039,612507.1742,81202.11299,0,Multi Serve,NA,NA,NA,NA,NA,NA,NA,NA,NA,NA,NA,NA,NA,NA,NA,NA,NA,NA,NA,NA,NA,NA,NA,NA
0009350602476,0,0,0,Multi Serve,NA,NA,NA,NA,NA,NA,NA,NA,NA,NA,NA,NA,NA,NA,NA,NA,NA,NA,NA,NA,NA,NA,NA,NA
0009350602891,3074.828763,538.0841289,0,Multi Serve,NA,NA,NA,NA,NA,NA,NA,NA,NA,NA,NA,NA,NA,NA,NA,NA,NA,NA,NA,NA,NA,NA,NA,NA
0086889800032,332003.9866,21658.54624,0,Multi Serve,NA,NA,NA,NA,NA,NA,NA,NA,NA,NA,NA,NA,NA,NA,NA,NA,NA,NA,NA,NA,NA,NA,NA,NA
0007192100764,5.500434697,0.88131965,1,Multi Serve,NA,NA,NA,NA,NA,NA,NA,NA,NA,NA,NA,NA,NA,NA,NA,NA,NA,NA,NA,NA,NA,NA,NA,NA
0085720800303,124113.4463,16826.6128,0,Multi Serve,NA,NA,NA,NA,NA,NA,NA,NA,NA,NA,NA,NA,NA,NA,NA,NA,NA,NA,NA,NA,NA,NA,NA,NA
0085448400817,0,0,0,Multi Serve,NA,NA,NA,NA,NA,NA,NA,NA,NA,NA,NA,NA,NA,NA,NA,NA,NA,NA,NA,NA,NA,NA,NA,NA
0000942740230,0,0,0,Multi Serve,NA,NA,NA,NA,NA,NA,NA,NA,NA,NA,NA,NA,NA,NA,NA,NA,NA,NA,NA,NA,NA,NA,NA,NA
0007192153484,467.3850959,67.56180573,1,Multi Serve,NA,NA,NA,NA,NA,NA,NA,NA,NA,NA,NA,NA,NA,NA,NA,NA,NA,NA,NA,NA,NA,NA,NA,NA
0002066200631,3074250.872,297422.0324,0,Multi Serve,Non- Indulgent,Cheese/Plain,Others,Others,Ao Topping,Vegetarian,NA,No Gluten Claim Present,Premium,Wood Fired,13.6 Oz,Small (<=20 Oz),Conv Oven,Thin,NA,1 Ct,Box,No Vegan Claim Present,No Natural Claim Present,No Gmo Claim Present,No Organic Claim Present,No Plant based claim,No Preservative-Free Claim Present,Non BFY
0007570631080,112875.5235,27429.26925,0,Multi Serve,NA,NA,NA,NA,NA,NA,NA,NA,NA,NA,NA,NA,NA,NA,NA,NA,NA,NA,NA,NA,NA,NA,NA,NA
0003913116973,0,0,0,Multi Serve,NA,NA,NA,NA,NA,NA,NA,NA,NA,NA,NA,NA,NA,NA,NA,NA,NA,NA,NA,NA,NA,NA,NA,NA
0007192117677,0,0,1,Multi Serve,NA,NA,NA,NA,NA,NA,NA,NA,NA,NA,NA,NA,NA,NA,NA,NA,NA,NA,NA,NA,NA,NA,NA,NA
0085856600303,0,0,0,Multi Serve,NA,NA,NA,NA,NA,NA,NA,NA,NA,NA,NA,NA,NA,NA,NA,NA,NA,NA,NA,NA,NA,NA,NA,NA
0085649700403,189155.2623,55333.76575,0,Multi Serve,NA,NA,NA,NA,NA,NA,NA,NA,NA,NA,NA,NA,NA,NA,NA,NA,NA,NA,NA,NA,NA,NA,NA,NA
0060654160109,4152939.107,333506.2718,0,Multi Serve,Non- Indulgent,Cheese/Plain,Others,Others,Cheese/Plain,Vegetarian,Red Sauce,Gluten Free Claim,Premium,Veggie Crust,11 Oz,Small (<=20 Oz),Conv Oven,Thin,Healthy,1 Ct,Box,No Vegan Claim Present,No Natural Claim Present,No Gmo Claim Present,No Organic Claim Present,No Plant based claim,No Preservative-Free Claim Present,BFY
0074853507774,0,0,0,Multi Serve,NA,NA,NA,NA,NA,NA,NA,NA,NA,NA,NA,NA,NA,NA,NA,NA,NA,NA,NA,NA,NA,NA,NA,NA
0000079122973,5979998.84,1205760.73,0,Multi Serve,Non- Indulgent,Meat Combos,Others,Deluxe/Supreme/Meat Combo,Meat Combos,Non-Veg,PL,No Gluten Claim Present,Value,Thin,15.1 Oz,Small (<=20 Oz),Conv Oven,Thin,PL,1 Ct,Box,No Vegan Claim Present,No Natural Claim Present,No Gmo Claim Present,No Organic Claim Present,No Plant based claim,No Preservative-Free Claim Present,Non BFY
0000894522299,1445.31,611.8,0,Multi Serve,NA,NA,NA,NA,NA,NA,NA,NA,NA,NA,NA,NA,NA,NA,NA,NA,NA,NA,NA,NA,NA,NA,NA,NA
0000501505842,16.92759708,5.964357122,0,Multi Serve,NA,NA,NA,NA,NA,NA,NA,NA,NA,NA,NA,NA,NA,NA,NA,NA,NA,NA,NA,NA,NA,NA,NA,NA
0000276156718,0,0,0,Multi Serve,NA,NA,NA,NA,NA,NA,NA,NA,NA,NA,NA,NA,NA,NA,NA,NA,NA,NA,NA,NA,NA,NA,NA,NA
0007218076068,28499626.79,9232213.313,0,Multi Serve,Non- Indulgent,Pepperoni,Others,Others,Pepperoni,Non-Veg,Red Sauce,No Gluten Claim Present,Value,Regular Crust,66 Oz,Large (>= 30 Oz),Conv Oven,Thick/Original,Regular Crust,3 Ct,Bag In Box,No Vegan Claim Present,No Natural Claim Present,No Gmo Claim Present,No Organic Claim Present,No Plant based claim,No Preservative-Free Claim Present,Non BFY
0000428637313,490136.756,152652.1537,0,Multi Serve,NA,NA,NA,NA,NA,NA,NA,NA,NA,NA,NA,NA,NA,NA,NA,NA,NA,NA,NA,NA,NA,NA,NA,NA
0007570616549,0,0,0,Multi Serve,NA,NA,NA,NA,NA,NA,NA,NA,NA,NA,NA,NA,NA,NA,NA,NA,NA,NA,NA,NA,NA,NA,NA,NA
0007218063718,28187945.37,8538624.012,0,Multi Serve,Non- Indulgent,Cheese/Plain,Others,Others,Cheese/Plain,Vegetarian,Red Sauce,No Gluten Claim Present,Value,Hand Tossed/Pizzeria Style,18.9 Oz,Small (<=20 Oz),Conv Oven,Thick/Original,NA,1 Ct,Box,No Vegan Claim Present,No Natural Claim Present,No Gmo Claim Present,No Organic Claim Present,No Plant based claim,No Preservative-Free Claim Present,Non BFY
0000750003389,0,0,0,Multi Serve,NA,NA,NA,NA,NA,NA,NA,NA,NA,NA,NA,NA,NA,NA,NA,NA,NA,NA,NA,NA,NA,NA,NA,NA
0000160578743,0,0,0,Multi Serve,NA,NA,NA,NA,NA,NA,NA,NA,NA,NA,NA,NA,NA,NA,NA,NA,NA,NA,NA,NA,NA,NA,NA,NA
0000769601006,424175.005,61358.28601,0,Multi Serve,NA,NA,NA,NA,NA,NA,NA,NA,NA,NA,NA,NA,NA,NA,NA,NA,NA,NA,NA,NA,NA,NA,NA,NA
0000003996290,0,0,0,Multi Serve,NA,NA,NA,NA,NA,NA,NA,NA,NA,NA,NA,NA,NA,NA,NA,NA,NA,NA,NA,NA,NA,NA,NA,NA
0002066200630,14118711.07,1377504.981,0,Multi Serve,Non- Indulgent,Cheese/Plain,Others,Others,Cheese/Plain,Vegetarian,Red Sauce,No Gluten Claim Present,Premium,Wood Fired,13.1 Oz,Small (<=20 Oz),Conv Oven,Thick/Original,Regular Crust,1 Ct,Box,No Vegan Claim Present,No Natural Claim Present,No Gmo Claim Present,No Organic Claim Present,No Plant based claim,Preservative-Free Claim,BFY
0086000162415,483649.054,111394.6045,0,Multi Serve,NA,NA,NA,NA,NA,NA,NA,NA,NA,NA,NA,NA,NA,NA,NA,NA,NA,NA,NA,NA,NA,NA,NA,NA
0001024999931,0,0,0,Multi Serve,Non- Indulgent,Deluxe/Supreme,Deluxe/Supreme,Deluxe/Supreme/Meat Combo,Meat Combos,PL,PL,No Gluten Claim Present,Value,Regular Crust,16.9 Oz,Small (<=20 Oz),Conv Oven,PL,PL,1 Ct,Over Wrap,No Vegan Claim Present,No Natural Claim Present,No Gmo Claim Present,No Organic Claim Present,No Plant based claim,No Preservative-Free Claim Present,Non BFY
0003913116983,0,0,0,Multi Serve,NA,NA,NA,NA,NA,NA,NA,NA,NA,NA,NA,NA,NA,NA,NA,NA,NA,NA,NA,NA,NA,NA,NA,NA
0007570630713,255.2177413,62.07639334,0,Multi Serve,NA,NA,NA,NA,NA,NA,NA,NA,NA,NA,NA,NA,NA,NA,NA,NA,NA,NA,NA,NA,NA,NA,NA,NA
0009194596853,189507.4551,26531.74313,0,Multi Serve,NA,NA,NA,NA,NA,NA,NA,NA,NA,NA,NA,NA,NA,NA,NA,NA,NA,NA,NA,NA,NA,NA,NA,NA
0000299011893,62923.75468,11726.60406,0,Multi Serve,NA,NA,NA,NA,NA,NA,NA,NA,NA,NA,NA,NA,NA,NA,NA,NA,NA,NA,NA,NA,NA,NA,NA,NA
0003870895237,0,0,0,Multi Serve,NA,NA,NA,NA,NA,NA,NA,NA,NA,NA,NA,NA,NA,NA,NA,NA,NA,NA,NA,NA,NA,NA,NA,NA
0085452700401,0,0,0,Multi Serve,NA,NA,NA,NA,NA,NA,NA,NA,NA,NA,NA,NA,NA,NA,NA,NA,NA,NA,NA,NA,NA,NA,NA,NA
0000948231308,0,0,0,Multi Serve,Non- Indulgent,Cheese/Plain,Others,Others,Cheese/Plain,PL,PL,No Gluten Claim Present,Value,Rising Crust,28.2 Oz,Medium (20-30 Oz),Conv Oven,PL,PL,1 Ct,Box,No Vegan Claim Present,No Natural Claim Present,No Gmo Claim Present,No Organic Claim Present,No Plant based claim,No Preservative-Free Claim Present,Non BFY
0000262906269,0,0,0,Multi Serve,NA,NA,NA,NA,NA,NA,NA,NA,NA,NA,NA,NA,NA,NA,NA,NA,NA,NA,NA,NA,NA,NA,NA,NA
0001076866200,49.94,11.55,0,Multi Serve,NA,NA,NA,NA,NA,NA,NA,NA,NA,NA,NA,NA,NA,NA,NA,NA,NA,NA,NA,NA,NA,NA,NA,NA
0081267902020,0,0,0,Multi Serve,NA,NA,NA,NA,NA,NA,NA,NA,NA,NA,NA,NA,NA,NA,NA,NA,NA,NA,NA,NA,NA,NA,NA,NA
0000350518545,481293.6617,73195.0997,0,Multi Serve,NA,NA,NA,NA,NA,NA,NA,NA,NA,NA,NA,NA,NA,NA,NA,NA,NA,NA,NA,NA,NA,NA,NA,NA
0085763000305,104434.7349,24246.43282,0,Multi Serve,NA,NA,NA,NA,NA,NA,NA,NA,NA,NA,NA,NA,NA,NA,NA,NA,NA,NA,NA,NA,NA,NA,NA,NA
0003913116852,9311840.908,1702725.506,0,Multi Serve,Non- Indulgent,Pepperoni,Others,Others,Pepperoni,Non-Veg,Red Sauce,No Gluten Claim Present,Premium,Thin,17.31 Oz,Small (<=20 Oz),Conv Oven,Thin,Regular Crust,1 Ct,Box,No Vegan Claim Present,No Natural Claim Present,No Gmo Claim Present,No Organic Claim Present,No Plant based claim,No Preservative-Free Claim Present,Non BFY
0001118962717,413152.3441,49942.48643,0,Multi Serve,NA,NA,NA,NA,NA,NA,NA,NA,NA,NA,NA,NA,NA,NA,NA,NA,NA,NA,NA,NA,NA,NA,NA,NA
0003913116370,0,0,0,Multi Serve,NA,NA,NA,NA,NA,NA,NA,NA,NA,NA,NA,NA,NA,NA,NA,NA,NA,NA,NA,NA,NA,NA,NA,NA
0000950692889,0,0,0,Multi Serve,Non- Indulgent,Pepperoni,Others,Others,Pepperoni,PL,PL,No Gluten Claim Present,Value,Rising Crust,28.3 Oz,Medium (20-30 Oz),Conv Oven,PL,PL,1 Ct,Box,No Vegan Claim Present,No Natural Claim Present,No Gmo Claim Present,No Organic Claim Present,No Plant based claim,No Preservative-Free Claim Present,Non BFY
0085164100310,0,0,0,Multi Serve,NA,NA,NA,NA,NA,NA,NA,NA,NA,NA,NA,NA,NA,NA,NA,NA,NA,NA,NA,NA,NA,NA,NA,NA
0089784600224,54103.89372,9877.498303,0,Multi Serve,NA,NA,NA,NA,NA,NA,NA,NA,NA,NA,NA,NA,NA,NA,NA,NA,NA,NA,NA,NA,NA,NA,NA,NA
0000955078889,268230.125,29399.06616,0,Multi Serve,NA,NA,NA,NA,NA,NA,NA,NA,NA,NA,NA,NA,NA,NA,NA,NA,NA,NA,NA,NA,NA,NA,NA,NA
0067652527168,100028.0472,12590.02566,0,Multi Serve,NA,NA,NA,NA,NA,NA,NA,NA,NA,NA,NA,NA,NA,NA,NA,NA,NA,NA,NA,NA,NA,NA,NA,NA
0085000446802,79519.85349,9750.928063,0,Multi Serve,NA,NA,NA,NA,NA,NA,NA,NA,NA,NA,NA,NA,NA,NA,NA,NA,NA,NA,NA,NA,NA,NA,NA,NA
0001132411561,1040052.183,347820.6,0,Multi Serve,Non- Indulgent,Ao Topping,Others,Others,Ao Topping,PL,PL,No Gluten Claim Present,Value,Rising Crust,25.95 Oz,Medium (20-30 Oz),Conv Oven,Thick/Original,PL,1 Ct,Box,No Vegan Claim Present,No Natural Claim Present,No Gmo Claim Present,No Organic Claim Present,PL,No Preservative-Free Claim Present,Non BFY
0000008563964,537.57,126.29375,0,Multi Serve,NA,NA,NA,NA,NA,NA,NA,NA,NA,NA,NA,NA,NA,NA,NA,NA,NA,NA,NA,NA,NA,NA,NA,NA
0068946613214,3162.242395,596.1076597,0,Multi Serve,NA,NA,NA,NA,NA,NA,NA,NA,NA,NA,NA,NA,NA,NA,NA,NA,NA,NA,NA,NA,NA,NA,NA,NA
0089245300158,0,0,0,Multi Serve,NA,NA,NA,NA,NA,NA,NA,NA,NA,NA,NA,NA,NA,NA,NA,NA,NA,NA,NA,NA,NA,NA,NA,NA
0002737001060,0,0,0,Multi Serve,NA,NA,NA,NA,NA,NA,NA,NA,NA,NA,NA,NA,NA,NA,NA,NA,NA,NA,NA,NA,NA,NA,NA,NA
0085852000322,0,0,0,Multi Serve,NA,NA,NA,NA,NA,NA,NA,NA,NA,NA,NA,NA,NA,NA,NA,NA,NA,NA,NA,NA,NA,NA,NA,NA
0000350384260,0,0,0,Multi Serve,NA,NA,NA,NA,NA,NA,NA,NA,NA,NA,NA,NA,NA,NA,NA,NA,NA,NA,NA,NA,NA,NA,NA,NA
0000734072813,0,0,0,Multi Serve,NA,NA,NA,NA,NA,NA,NA,NA,NA,NA,NA,NA,NA,NA,NA,NA,NA,NA,NA,NA,NA,NA,NA,NA
0085002387524,0,0,0,Multi Serve,NA,NA,NA,NA,NA,NA,NA,NA,NA,NA,NA,NA,NA,NA,NA,NA,NA,NA,NA,NA,NA,NA,NA,NA
0086073800020,0,0,0,Multi Serve,NA,NA,NA,NA,NA,NA,NA,NA,NA,NA,NA,NA,NA,NA,NA,NA,NA,NA,NA,NA,NA,NA,NA,NA
0005073205660,3140.957573,281.4785357,0,Multi Serve,NA,NA,NA,NA,NA,NA,NA,NA,NA,NA,NA,NA,NA,NA,NA,NA,NA,NA,NA,NA,NA,NA,NA,NA
0085452700408,0,0,0,Multi Serve,NA,NA,NA,NA,NA,NA,NA,NA,NA,NA,NA,NA,NA,NA,NA,NA,NA,NA,NA,NA,NA,NA,NA,NA
0004309856284,12998.33092,2418.722155,0,Multi Serve,NA,NA,NA,NA,NA,NA,NA,NA,NA,NA,NA,NA,NA,NA,NA,NA,NA,NA,NA,NA,NA,NA,NA,NA
0001201698260,23373.27829,3450.631825,0,Multi Serve,NA,NA,NA,NA,NA,NA,NA,NA,NA,NA,NA,NA,NA,NA,NA,NA,NA,NA,NA,NA,NA,NA,NA,NA
0439913742700,583070.13,72786.8625,1,Multi Serve,NA,NA,NA,NA,NA,NA,NA,NA,NA,NA,NA,NA,NA,NA,NA,NA,NA,NA,NA,NA,NA,NA,NA,NA
0086033500120,0,0,0,Multi Serve,NA,NA,NA,NA,NA,NA,NA,NA,NA,NA,NA,NA,NA,NA,NA,NA,NA,NA,NA,NA,NA,NA,NA,NA
0001103760635,959154.5378,253382.7301,0,Multi Serve,Non- Indulgent,Vegetarian,Others,Others,Vegetarian,PL,PL,PL,Value,Thin,29.51 Oz,Medium (20-30 Oz),Conv Oven,PL,PL,1 Ct,Box,No Vegan Claim Present,No Natural Claim Present,No Gmo Claim Present,No Organic Claim Present,No Plant based claim,No Preservative-Free Claim Present,Non BFY
0003870895292,341251.1136,46002.12812,0,Multi Serve,NA,NA,NA,NA,NA,NA,NA,NA,NA,NA,NA,NA,NA,NA,NA,NA,NA,NA,NA,NA,NA,NA,NA,NA
0003870894907,78871.90887,19036.8057,0,Multi Serve,NA,NA,NA,NA,NA,NA,NA,NA,NA,NA,NA,NA,NA,NA,NA,NA,NA,NA,NA,NA,NA,NA,NA,NA
0001153669527,0,0,0,Multi Serve,NA,NA,NA,NA,NA,NA,NA,NA,NA,NA,NA,NA,NA,NA,NA,NA,NA,NA,NA,NA,NA,NA,NA,NA
0001137797140,1432894.927,140766.6854,0,Multi Serve,Non- Indulgent,Deluxe/Supreme,Deluxe/Supreme,Deluxe/Supreme/Meat Combo,Meat Combos,PL,PL,Gluten Free Claim,Premium,Veggie Crust,11.8 Oz,Small (<=20 Oz),Conv Oven,PL,PL,1 Ct,Box,No Vegan Claim Present,No Natural Claim Present,No Gmo Claim Present,No Organic Claim Present,PL,No Preservative-Free Claim Present,BFY
0002182112234,209723.2367,47833.31972,0,Multi Serve,NA,NA,NA,NA,NA,NA,NA,NA,NA,NA,NA,NA,NA,NA,NA,NA,NA,NA,NA,NA,NA,NA,NA,NA
0007986102320,15247.04989,2847.730446,0,Multi Serve,NA,NA,NA,NA,NA,NA,NA,NA,NA,NA,NA,NA,NA,NA,NA,NA,NA,NA,NA,NA,NA,NA,NA,NA
0073178903516,374910.3834,41056.50098,0,Multi Serve,NA,NA,NA,NA,NA,NA,NA,NA,NA,NA,NA,NA,NA,NA,NA,NA,NA,NA,NA,NA,NA,NA,NA,NA
0003870895235,93316.97122,18889.28675,0,Multi Serve,NA,NA,NA,NA,NA,NA,NA,NA,NA,NA,NA,NA,NA,NA,NA,NA,NA,NA,NA,NA,NA,NA,NA,NA
0001034020854,85130.19502,17459.59043,0,Multi Serve,NA,NA,NA,NA,NA,NA,NA,NA,NA,NA,NA,NA,NA,NA,NA,NA,NA,NA,NA,NA,NA,NA,NA,NA
0005843120455,0,0,0,Multi Serve,NA,NA,NA,NA,NA,NA,NA,NA,NA,NA,NA,NA,NA,NA,NA,NA,NA,NA,NA,NA,NA,NA,NA,NA
0005833618002,2349128.081,417556.2611,0,Multi Serve,Non- Indulgent,Vegetarian,Others,Others,Vegetarian,Vegetarian,White,No Gluten Claim Present,Premium,Thin,13.8 Oz,Small (<=20 Oz),Conv Oven,Thin,Regular Crust,1 Ct,Box,No Vegan Claim Present,No Natural Claim Present,No Gmo Claim Present,No Organic Claim Present,No Plant based claim,No Preservative-Free Claim Present,Non BFY
0000431545115,0,0,0,Multi Serve,Non- Indulgent,Ao Topping,Others,Others,Ao Topping,PL,PL,No Gluten Claim Present,Value,Ao Crust,14.1 Oz,Small (<=20 Oz),Conv Oven,Thick/Original,PL,1 Ct,Box,No Vegan Claim Present,No Natural Claim Present,No Gmo Claim Present,No Organic Claim Present,No Plant based claim,No Preservative-Free Claim Present,Non BFY
0000016232745,430.761549,72.98951701,0,Multi Serve,NA,NA,NA,NA,NA,NA,NA,NA,NA,NA,NA,NA,NA,NA,NA,NA,NA,NA,NA,NA,NA,NA,NA,NA
0004219700353,0,0,0,Multi Serve,NA,NA,NA,NA,NA,NA,NA,NA,NA,NA,NA,NA,NA,NA,NA,NA,NA,NA,NA,NA,NA,NA,NA,NA
0004219700332,0,0,0,Multi Serve,NA,NA,NA,NA,NA,NA,NA,NA,NA,NA,NA,NA,NA,NA,NA,NA,NA,NA,NA,NA,NA,NA,NA,NA
0067400700234,15694.08818,1983.779005,0,Multi Serve,NA,NA,NA,NA,NA,NA,NA,NA,NA,NA,NA,NA,NA,NA,NA,NA,NA,NA,NA,NA,NA,NA,NA,NA
0081001297004,0,0,0,Multi Serve,NA,NA,NA,NA,NA,NA,NA,NA,NA,NA,NA,NA,NA,NA,NA,NA,NA,NA,NA,NA,NA,NA,NA,NA
0071375771680,0,0,0,Multi Serve,NA,NA,NA,NA,NA,NA,NA,NA,NA,NA,NA,NA,NA,NA,NA,NA,NA,NA,NA,NA,NA,NA,NA,NA
0002069120023,32763.21623,6528.982109,0,Multi Serve,NA,NA,NA,NA,NA,NA,NA,NA,NA,NA,NA,NA,NA,NA,NA,NA,NA,NA,NA,NA,NA,NA,NA,NA
0000000604273,0,0,0,Multi Serve,NA,NA,NA,NA,NA,NA,NA,NA,NA,NA,NA,NA,NA,NA,NA,NA,NA,NA,NA,NA,NA,NA,NA,NA
0000423377585,0,0,0,Multi Serve,NA,NA,NA,NA,NA,NA,NA,NA,NA,NA,NA,NA,NA,NA,NA,NA,NA,NA,NA,NA,NA,NA,NA,NA
0000303128279,194.26,51.975,0,Multi Serve,NA,NA,NA,NA,NA,NA,NA,NA,NA,NA,NA,NA,NA,NA,NA,NA,NA,NA,NA,NA,NA,NA,NA,NA
0070287465953,58824.97809,7407.064426,0,Multi Serve,NA,NA,NA,NA,NA,NA,NA,NA,NA,NA,NA,NA,NA,NA,NA,NA,NA,NA,NA,NA,NA,NA,NA,NA
0270071327739,0,0,1,Multi Serve,NA,NA,NA,NA,NA,NA,NA,NA,NA,NA,NA,NA,NA,NA,NA,NA,NA,NA,NA,NA,NA,NA,NA,NA
0007192186938,292270.1042,34623.9422,1,Multi Serve,Non- Indulgent,Ao Topping,Others,Others,Ao Topping,Vegetarian,Red Sauce,No Gluten Claim Present,Premium,Thin,13.5 Oz,Small (<=20 Oz),Conv Oven,Thin,NA,1 Ct,Box,No Vegan Claim Present,No Natural Claim Present,No Gmo Claim Present,No Organic Claim Present,No Plant based claim,No Preservative-Free Claim Present,Non BFY
0004219700407,475133.4226,72405.44396,0,Multi Serve,Indulgent,Pepperoni,Others,Others,Pepperoni,Non-Veg,NA,No Gluten Claim Present,Mid Tier,Regular Crust,17.4 Oz,Small (<=20 Oz),Conv Oven,Thick/Original,NA,1 Ct,Box,No Vegan Claim Present,No Natural Claim Present,No Gmo Claim Present,No Organic Claim Present,No Plant based claim,No Preservative-Free Claim Present,Non BFY
0007218010136,4985.459422,2297.355913,0,Multi Serve,NA,NA,NA,NA,NA,NA,NA,NA,NA,NA,NA,NA,NA,NA,NA,NA,NA,NA,NA,NA,NA,NA,NA,NA
0000194402384,0,0,0,Multi Serve,NA,NA,NA,NA,NA,NA,NA,NA,NA,NA,NA,NA,NA,NA,NA,NA,NA,NA,NA,NA,NA,NA,NA,NA
0004219700322,0,0,0,Multi Serve,NA,NA,NA,NA,NA,NA,NA,NA,NA,NA,NA,NA,NA,NA,NA,NA,NA,NA,NA,NA,NA,NA,NA,NA
0002025448881,503400.41,203582.8788,0,Multi Serve,Non- Indulgent,Ao Topping,Others,Others,Ao Topping,PL,PL,No Gluten Claim Present,Value,Rising Crust,29.9 Oz,Medium (20-30 Oz),Conv Oven,PL,PL,1 Ct,Box,No Vegan Claim Present,No Natural Claim Present,No Gmo Claim Present,No Organic Claim Present,No Plant based claim,No Preservative-Free Claim Present,Non BFY
0000195584473,303702.7229,73812.12052,0,Multi Serve,NA,NA,NA,NA,NA,NA,NA,NA,NA,NA,NA,NA,NA,NA,NA,NA,NA,NA,NA,NA,NA,NA,NA,NA
0001202980029,79609.02583,13901.51328,0,Multi Serve,NA,NA,NA,NA,NA,NA,NA,NA,NA,NA,NA,NA,NA,NA,NA,NA,NA,NA,NA,NA,NA,NA,NA,NA
0000268015756,12.89223487,2.999758323,0,Multi Serve,NA,NA,NA,NA,NA,NA,NA,NA,NA,NA,NA,NA,NA,NA,NA,NA,NA,NA,NA,NA,NA,NA,NA,NA
0005073205840,6672.0518,907.1934529,0,Multi Serve,NA,NA,NA,NA,NA,NA,NA,NA,NA,NA,NA,NA,NA,NA,NA,NA,NA,NA,NA,NA,NA,NA,NA,NA
0007192182588,42868635.78,7686544.671,1,Multi Serve,Non- Indulgent,Deluxe/Supreme,Deluxe/Supreme,Deluxe/Supreme/Meat Combo,Meat Combos,Non-Veg,Red Sauce,No Gluten Claim Present,Mid Tier,Stuffed Crust,26.4 Oz,Medium (20-30 Oz),Conv Oven,Thick/Original,Regular Crust,1 Ct,Box,No Vegan Claim Present,No Natural Claim Present,No Gmo Claim Present,No Organic Claim Present,No Plant based claim,No Preservative-Free Claim Present,Non BFY
0000431546336,118.5069415,23.43682943,0,Multi Serve,NA,NA,NA,NA,NA,NA,NA,NA,NA,NA,NA,NA,NA,NA,NA,NA,NA,NA,NA,NA,NA,NA,NA,NA
0003870895236,0,0,0,Multi Serve,NA,NA,NA,NA,NA,NA,NA,NA,NA,NA,NA,NA,NA,NA,NA,NA,NA,NA,NA,NA,NA,NA,NA,NA
0000081322036,745712.6257,155085.1107,0,Multi Serve,NA,NA,NA,NA,NA,NA,NA,NA,NA,NA,NA,NA,NA,NA,NA,NA,NA,NA,NA,NA,NA,NA,NA,NA
0003870895252,286415.9779,42613.4586,0,Multi Serve,NA,NA,NA,NA,NA,NA,NA,NA,NA,NA,NA,NA,NA,NA,NA,NA,NA,NA,NA,NA,NA,NA,NA,NA
0083041500948,0,0,0,Multi Serve,NA,NA,NA,NA,NA,NA,NA,NA,NA,NA,NA,NA,NA,NA,NA,NA,NA,NA,NA,NA,NA,NA,NA,NA
0003870895259,331.1837992,44.07245736,0,Multi Serve,NA,NA,NA,NA,NA,NA,NA,NA,NA,NA,NA,NA,NA,NA,NA,NA,NA,NA,NA,NA,NA,NA,NA,NA
0000171878030,0,0,0,Multi Serve,NA,NA,NA,NA,NA,NA,NA,NA,NA,NA,NA,NA,NA,NA,NA,NA,NA,NA,NA,NA,NA,NA,NA,NA
0000006658054,0,0,0,Multi Serve,NA,NA,NA,NA,NA,NA,NA,NA,NA,NA,NA,NA,NA,NA,NA,NA,NA,NA,NA,NA,NA,NA,NA,NA
0000316213186,0,0,0,Multi Serve,NA,NA,NA,NA,NA,NA,NA,NA,NA,NA,NA,NA,NA,NA,NA,NA,NA,NA,NA,NA,NA,NA,NA,NA
0007192180020,372573.4904,103227.8805,1,Multi Serve,NA,NA,NA,NA,NA,NA,NA,NA,NA,NA,NA,NA,NA,NA,NA,NA,NA,NA,NA,NA,NA,NA,NA,NA
0007192123500,0,0,1,Multi Serve,NA,NA,NA,NA,NA,NA,NA,NA,NA,NA,NA,NA,NA,NA,NA,NA,NA,NA,NA,NA,NA,NA,NA,NA
0272000021992,8.47,1.34375,1,Multi Serve,NA,NA,NA,NA,NA,NA,NA,NA,NA,NA,NA,NA,NA,NA,NA,NA,NA,NA,NA,NA,NA,NA,NA,NA
0001205746475,213915.3679,86028.69589,0,Multi Serve,NA,NA,NA,NA,NA,NA,NA,NA,NA,NA,NA,NA,NA,NA,NA,NA,NA,NA,NA,NA,NA,NA,NA,NA
0089903900287,51411.26519,6130.265401,0,Multi Serve,NA,NA,NA,NA,NA,NA,NA,NA,NA,NA,NA,NA,NA,NA,NA,NA,NA,NA,NA,NA,NA,NA,NA,NA
0085922500307,0,0,0,Multi Serve,NA,NA,NA,NA,NA,NA,NA,NA,NA,NA,NA,NA,NA,NA,NA,NA,NA,NA,NA,NA,NA,NA,NA,NA
0000480563401,3000902.371,1210430.451,0,Multi Serve,Non- Indulgent,Vegetarian,Others,Others,Vegetarian,Vegetarian,PL,No Gluten Claim Present,Value,Rising Crust,30.3 Oz,Large (>= 30 Oz),Conv Oven,Thick/Original,PL,1 Ct,Box,No Vegan Claim Present,No Natural Claim Present,No Gmo Claim Present,No Organic Claim Present,No Plant based claim,No Preservative-Free Claim Present,Non BFY
0001202973593,54258.61248,14024.34626,0,Multi Serve,NA,NA,NA,NA,NA,NA,NA,NA,NA,NA,NA,NA,NA,NA,NA,NA,NA,NA,NA,NA,NA,NA,NA,NA
0007218050129,471645.8844,123395.1171,0,Multi Serve,Non- Indulgent,Sausage,Others,Others,Sausage,Non-Veg,Red Sauce,No Gluten Claim Present,Mid Tier,Regular Crust,20.35 Oz,Medium (20-30 Oz),Conv Oven,Thick/Original,Regular Crust,1 Ct,Box,No Vegan Claim Present,No Natural Claim Present,No Gmo Claim Present,No Organic Claim Present,No Plant based claim,No Preservative-Free Claim Present,Non BFY
0000006469002,1132125.909,334041.539,0,Multi Serve,NA,NA,NA,NA,NA,NA,NA,NA,NA,NA,NA,NA,NA,NA,NA,NA,NA,NA,NA,NA,NA,NA,NA,NA
0005073211085,700.3312849,127.5648971,0,Multi Serve,NA,NA,NA,NA,NA,NA,NA,NA,NA,NA,NA,NA,NA,NA,NA,NA,NA,NA,NA,NA,NA,NA,NA,NA
0801429430348,0,0,0,Multi Serve,NA,NA,NA,NA,NA,NA,NA,NA,NA,NA,NA,NA,NA,NA,NA,NA,NA,NA,NA,NA,NA,NA,NA,NA
0086001128210,587040.265,67813.73128,0,Multi Serve,NA,NA,NA,NA,NA,NA,NA,NA,NA,NA,NA,NA,NA,NA,NA,NA,NA,NA,NA,NA,NA,NA,NA,NA
0000060215557,0,0,0,Multi Serve,NA,NA,NA,NA,NA,NA,NA,NA,NA,NA,NA,NA,NA,NA,NA,NA,NA,NA,NA,NA,NA,NA,NA,NA
0000035922440,4.46,1.76875,0,Multi Serve,NA,NA,NA,NA,NA,NA,NA,NA,NA,NA,NA,NA,NA,NA,NA,NA,NA,NA,NA,NA,NA,NA,NA,NA
0081006772547,1114576.496,157929.2757,0,Multi Serve,Non- Indulgent,Ao Topping,Others,Others,Ao Topping,Non-Veg,NA,No Gluten Claim Present,Premium,Regular Crust,21.05 Oz,Medium (20-30 Oz),Conv Oven,Thick/Original,NA,1 Ct,Box,No Vegan Claim Present,No Natural Claim Present,No Gmo Claim Present,No Organic Claim Present,No Plant based claim,No Preservative-Free Claim Present,Non BFY
0000203094742,0,0,0,Multi Serve,NA,NA,NA,NA,NA,NA,NA,NA,NA,NA,NA,NA,NA,NA,NA,NA,NA,NA,NA,NA,NA,NA,NA,NA
0007570630879,758372.7258,122206.1169,0,Multi Serve,NA,NA,NA,NA,NA,NA,NA,NA,NA,NA,NA,NA,NA,NA,NA,NA,NA,NA,NA,NA,NA,NA,NA,NA
0001076625439,1440573.791,622692.4663,0,Multi Serve,Non- Indulgent,Chicken,Others,Others,Chicken,Non-Veg,PL,No Gluten Claim Present,Value,Rising Crust,28.15 Oz,Medium (20-30 Oz),Conv Oven,Thick/Original,PL,1 Ct,Box,No Vegan Claim Present,No Natural Claim Present,No Gmo Claim Present,No Organic Claim Present,No Plant based claim,No Preservative-Free Claim Present,Non BFY
0067400702214,142289.2456,15464.99182,0,Multi Serve,NA,NA,NA,NA,NA,NA,NA,NA,NA,NA,NA,NA,NA,NA,NA,NA,NA,NA,NA,NA,NA,NA,NA,NA
0003913116890,4995001.3,859724.0913,0,Multi Serve,Non- Indulgent,Cheese/Plain,Others,Others,Cheese/Plain,Vegetarian,Red Sauce,No Gluten Claim Present,Premium,Thin,16.03 Oz,Small (<=20 Oz),Conv Oven,Thin,Regular Crust,1 Ct,Box,No Vegan Claim Present,No Natural Claim Present,No Gmo Claim Present,No Organic Claim Present,No Plant based claim,No Preservative-Free Claim Present,Non BFY
0000644883678,386550.8181,89827.31477,0,Multi Serve,Non- Indulgent,Cheese/Plain,Others,Others,Cheese/Plain,PL,PL,No Gluten Claim Present,Value,Wood Fired,15.17 Oz,Small (<=20 Oz),Conv Oven,PL,PL,1 Ct,Box,No Vegan Claim Present,No Natural Claim Present,No Gmo Claim Present,No Organic Claim Present,No Plant based claim,No Preservative-Free Claim Present,Non BFY
0003870895006,553705.6086,123891.2099,0,Multi Serve,NA,NA,NA,NA,NA,NA,NA,NA,NA,NA,NA,NA,NA,NA,NA,NA,NA,NA,NA,NA,NA,NA,NA,NA
0005833619000,0,0,0,Multi Serve,NA,NA,NA,NA,NA,NA,NA,NA,NA,NA,NA,NA,NA,NA,NA,NA,NA,NA,NA,NA,NA,NA,NA,NA
0081350500582,482.9829132,76.3756009,0,Multi Serve,NA,NA,NA,NA,NA,NA,NA,NA,NA,NA,NA,NA,NA,NA,NA,NA,NA,NA,NA,NA,NA,NA,NA,NA
0000197211919,6.303364871,1.580941027,0,Multi Serve,NA,NA,NA,NA,NA,NA,NA,NA,NA,NA,NA,NA,NA,NA,NA,NA,NA,NA,NA,NA,NA,NA,NA,NA
0000022109322,464104.851,122900.6758,0,Multi Serve,NA,NA,NA,NA,NA,NA,NA,NA,NA,NA,NA,NA,NA,NA,NA,NA,NA,NA,NA,NA,NA,NA,NA,NA
0079033460202,0,0,0,Multi Serve,NA,NA,NA,NA,NA,NA,NA,NA,NA,NA,NA,NA,NA,NA,NA,NA,NA,NA,NA,NA,NA,NA,NA,NA
0000350384258,0,0,0,Multi Serve,NA,NA,NA,NA,NA,NA,NA,NA,NA,NA,NA,NA,NA,NA,NA,NA,NA,NA,NA,NA,NA,NA,NA,NA
0000024380989,5.99,0.875,0,Multi Serve,NA,NA,NA,NA,NA,NA,NA,NA,NA,NA,NA,NA,NA,NA,NA,NA,NA,NA,NA,NA,NA,NA,NA,NA
0003120507000,14345759.68,3461156.422,0,Multi Serve,Non- Indulgent,Uncured Pepperoni,Others,Others,Pepperoni,Non-Veg,Red Sauce,No Gluten Claim Present,Mid Tier,Regular Crust,28 Oz,Medium (20-30 Oz),Conv Oven,Thick/Original,Regular Crust,1 Ct,Box,No Vegan Claim Present,Natural Claim Present,No Gmo Claim Present,No Organic Claim Present,No Plant based claim,Preservative-Free Claim,BFY
0000907196429,244774.6713,59373.24776,0,Multi Serve,NA,NA,NA,NA,NA,NA,NA,NA,NA,NA,NA,NA,NA,NA,NA,NA,NA,NA,NA,NA,NA,NA,NA,NA
0074446300019,31692.27368,3396.444604,0,Multi Serve,NA,NA,NA,NA,NA,NA,NA,NA,NA,NA,NA,NA,NA,NA,NA,NA,NA,NA,NA,NA,NA,NA,NA,NA
0000003924409,354042.5407,148830.6765,0,Multi Serve,Non- Indulgent,Chicken,Others,Others,Chicken,PL,PL,No Gluten Claim Present,Value,Rising Crust,28.15 Oz,Medium (20-30 Oz),Conv Oven,PL,PL,1 Ct,Box,No Vegan Claim Present,No Natural Claim Present,No Gmo Claim Present,No Organic Claim Present,No Plant based claim,No Preservative-Free Claim Present,Non BFY
0070287465950,118927.2232,15912.40148,0,Multi Serve,NA,NA,NA,NA,NA,NA,NA,NA,NA,NA,NA,NA,NA,NA,NA,NA,NA,NA,NA,NA,NA,NA,NA,NA
0086099700264,0,0,0,Multi Serve,NA,NA,NA,NA,NA,NA,NA,NA,NA,NA,NA,NA,NA,NA,NA,NA,NA,NA,NA,NA,NA,NA,NA,NA
0000855365433,106320.44,42816.4125,0,Multi Serve,NA,NA,NA,NA,NA,NA,NA,NA,NA,NA,NA,NA,NA,NA,NA,NA,NA,NA,NA,NA,NA,NA,NA,NA
0063759910002,312312.0694,37842.87395,0,Multi Serve,NA,NA,NA,NA,NA,NA,NA,NA,NA,NA,NA,NA,NA,NA,NA,NA,NA,NA,NA,NA,NA,NA,NA,NA
0003870833202,0,0,0,Multi Serve,NA,NA,NA,NA,NA,NA,NA,NA,NA,NA,NA,NA,NA,NA,NA,NA,NA,NA,NA,NA,NA,NA,NA,NA
0002182112789,84314.89595,17952.4222,0,Multi Serve,NA,NA,NA,NA,NA,NA,NA,NA,NA,NA,NA,NA,NA,NA,NA,NA,NA,NA,NA,NA,NA,NA,NA,NA
0086000601693,256401.6723,60311.41057,0,Multi Serve,NA,NA,NA,NA,NA,NA,NA,NA,NA,NA,NA,NA,NA,NA,NA,NA,NA,NA,NA,NA,NA,NA,NA,NA
0007570630720,1424928.73,235834.285,0,Multi Serve,NA,NA,NA,NA,NA,NA,NA,NA,NA,NA,NA,NA,NA,NA,NA,NA,NA,NA,NA,NA,NA,NA,NA,NA
0005073241294,131334.2091,24138.25693,0,Multi Serve,NA,NA,NA,NA,NA,NA,NA,NA,NA,NA,NA,NA,NA,NA,NA,NA,NA,NA,NA,NA,NA,NA,NA,NA
0007465335649,0,0,1,Multi Serve,NA,NA,NA,NA,NA,NA,NA,NA,NA,NA,NA,NA,NA,NA,NA,NA,NA,NA,NA,NA,NA,NA,NA,NA
0088570912281,743069.1948,117987.8134,0,Multi Serve,NA,NA,NA,NA,NA,NA,NA,NA,NA,NA,NA,NA,NA,NA,NA,NA,NA,NA,NA,NA,NA,NA,NA,NA
0000796858336,0,0,0,Multi Serve,NA,NA,NA,NA,NA,NA,NA,NA,NA,NA,NA,NA,NA,NA,NA,NA,NA,NA,NA,NA,NA,NA,NA,NA
0085620600820,3477.624962,700.9173295,0,Multi Serve,NA,NA,NA,NA,NA,NA,NA,NA,NA,NA,NA,NA,NA,NA,NA,NA,NA,NA,NA,NA,NA,NA,NA,NA
0061290009920,0,0,0,Multi Serve,NA,NA,NA,NA,NA,NA,NA,NA,NA,NA,NA,NA,NA,NA,NA,NA,NA,NA,NA,NA,NA,NA,NA,NA
0000019634563,5.666833613,1.660870573,0,Multi Serve,NA,NA,NA,NA,NA,NA,NA,NA,NA,NA,NA,NA,NA,NA,NA,NA,NA,NA,NA,NA,NA,NA,NA,NA
0007864220503,299754.0892,70098.51847,0,Multi Serve,NA,NA,NA,NA,NA,NA,NA,NA,NA,NA,NA,NA,NA,NA,NA,NA,NA,NA,NA,NA,NA,NA,NA,NA
0081459801008,0,0,0,Multi Serve,NA,NA,NA,NA,NA,NA,NA,NA,NA,NA,NA,NA,NA,NA,NA,NA,NA,NA,NA,NA,NA,NA,NA,NA
0089784600204,350319.5904,62461.97197,0,Multi Serve,NA,NA,NA,NA,NA,NA,NA,NA,NA,NA,NA,NA,NA,NA,NA,NA,NA,NA,NA,NA,NA,NA,NA,NA
0007192191198,96.98471367,27.52981688,1,Multi Serve,NA,NA,NA,NA,NA,NA,NA,NA,NA,NA,NA,NA,NA,NA,NA,NA,NA,NA,NA,NA,NA,NA,NA,NA
0085001925801,566980.2479,97268.94522,0,Multi Serve,NA,NA,NA,NA,NA,NA,NA,NA,NA,NA,NA,NA,NA,NA,NA,NA,NA,NA,NA,NA,NA,NA,NA,NA
0067400700214,9797.546378,1070.781458,0,Multi Serve,NA,NA,NA,NA,NA,NA,NA,NA,NA,NA,NA,NA,NA,NA,NA,NA,NA,NA,NA,NA,NA,NA,NA,NA
0000266163940,0,0,0,Multi Serve,NA,NA,NA,NA,NA,NA,NA,NA,NA,NA,NA,NA,NA,NA,NA,NA,NA,NA,NA,NA,NA,NA,NA,NA
0000092704407,71046.17956,12268.71672,0,Multi Serve,NA,NA,NA,NA,NA,NA,NA,NA,NA,NA,NA,NA,NA,NA,NA,NA,NA,NA,NA,NA,NA,NA,NA,NA
0007192161263,1122893.458,294486.5739,1,Multi Serve,Non- Indulgent,Meat Combos,Others,Deluxe/Supreme/Meat Combo,Meat Combos,Non-Veg,Red Sauce,No Gluten Claim Present,Mid Tier,Regular Crust,18.9 Oz,Small (<=20 Oz),Conv Oven,Thick/Original,Regular Crust,1 Ct,Box,No Vegan Claim Present,No Natural Claim Present,No Gmo Claim Present,No Organic Claim Present,No Plant based claim,No Preservative-Free Claim Present,Non BFY
0086001228251,368253.3916,49719.14448,0,Multi Serve,NA,NA,NA,NA,NA,NA,NA,NA,NA,NA,NA,NA,NA,NA,NA,NA,NA,NA,NA,NA,NA,NA,NA,NA
0001132401690,0,0,0,Multi Serve,NA,NA,NA,NA,NA,NA,NA,NA,NA,NA,NA,NA,NA,NA,NA,NA,NA,NA,NA,NA,NA,NA,NA,NA
0003033311336,7735.42288,1362.505602,0,Multi Serve,NA,NA,NA,NA,NA,NA,NA,NA,NA,NA,NA,NA,NA,NA,NA,NA,NA,NA,NA,NA,NA,NA,NA,NA
0000397321104,0,0,0,Multi Serve,NA,NA,NA,NA,NA,NA,NA,NA,NA,NA,NA,NA,NA,NA,NA,NA,NA,NA,NA,NA,NA,NA,NA,NA
0000119272530,0,0,0,Multi Serve,NA,NA,NA,NA,NA,NA,NA,NA,NA,NA,NA,NA,NA,NA,NA,NA,NA,NA,NA,NA,NA,NA,NA,NA
0009350602484,0,0,0,Multi Serve,NA,NA,NA,NA,NA,NA,NA,NA,NA,NA,NA,NA,NA,NA,NA,NA,NA,NA,NA,NA,NA,NA,NA,NA
0088570901230,4812694.056,763522.0954,0,Multi Serve,NA,NA,NA,NA,NA,NA,NA,NA,NA,NA,NA,NA,NA,NA,NA,NA,NA,NA,NA,NA,NA,NA,NA,NA
0000465092634,0,0,0,Multi Serve,NA,NA,NA,NA,NA,NA,NA,NA,NA,NA,NA,NA,NA,NA,NA,NA,NA,NA,NA,NA,NA,NA,NA,NA
0080487934900,0,0,0,Multi Serve,NA,NA,NA,NA,NA,NA,NA,NA,NA,NA,NA,NA,NA,NA,NA,NA,NA,NA,NA,NA,NA,NA,NA,NA
0007192187883,0,0,0,Multi Serve,NA,NA,NA,NA,NA,NA,NA,NA,NA,NA,NA,NA,NA,NA,NA,NA,NA,NA,NA,NA,NA,NA,NA,NA
0007192147763,19581517.25,2395392.286,1,Multi Serve,Non- Indulgent,Meat Combos,Others,Deluxe/Supreme/Meat Combo,Meat Combos,Non-Veg,Red Sauce,No Gluten Claim Present,Premium,Thin,15.5 Oz,Small (<=20 Oz),Conv Oven,Thin,Regular Crust,1 Ct,Box,No Vegan Claim Present,No Natural Claim Present,No Gmo Claim Present,No Organic Claim Present,No Plant based claim,No Preservative-Free Claim Present,Non BFY
0000480563397,7350402.74,2885586.516,0,Multi Serve,Non- Indulgent,Cheese/Plain,Others,Others,Cheese/Plain,Vegetarian,PL,No Gluten Claim Present,Value,Rising Crust,29 Oz,Medium (20-30 Oz),Conv Oven,Thick/Original,PL,1 Ct,Box,No Vegan Claim Present,No Natural Claim Present,No Gmo Claim Present,No Organic Claim Present,No Plant based claim,No Preservative-Free Claim Present,Non BFY
0071812297772,4487.27337,597.966776,0,Multi Serve,NA,NA,NA,NA,NA,NA,NA,NA,NA,NA,NA,NA,NA,NA,NA,NA,NA,NA,NA,NA,NA,NA,NA,NA
0007192152166,110.0039983,11.22815575,1,Multi Serve,NA,NA,NA,NA,NA,NA,NA,NA,NA,NA,NA,NA,NA,NA,NA,NA,NA,NA,NA,NA,NA,NA,NA,NA
0082900600010,375857.2297,67992.06722,0,Multi Serve,NA,NA,NA,NA,NA,NA,NA,NA,NA,NA,NA,NA,NA,NA,NA,NA,NA,NA,NA,NA,NA,NA,NA,NA
0004219701201,1220526.038,179646.4163,0,Multi Serve,NA,NA,NA,NA,NA,NA,NA,NA,NA,NA,NA,NA,NA,NA,NA,NA,NA,NA,NA,NA,NA,NA,NA,NA
0000855365437,0,0,0,Multi Serve,NA,NA,NA,NA,NA,NA,NA,NA,NA,NA,NA,NA,NA,NA,NA,NA,NA,NA,NA,NA,NA,NA,NA,NA
0001126207299,945877.2581,225800.6341,0,Multi Serve,Non- Indulgent,Meat Combos,Others,Deluxe/Supreme/Meat Combo,Meat Combos,PL,PL,PL,Value,Regular Crust,21 Oz,Medium (20-30 Oz),Conv Oven,PL,PL,1 Ct,Over Wrap,No Vegan Claim Present,No Natural Claim Present,No Gmo Claim Present,PL,PL,No Preservative-Free Claim Present,Non BFY
0007218076293,1218.318189,138.1117633,0,Multi Serve,NA,NA,NA,NA,NA,NA,NA,NA,NA,NA,NA,NA,NA,NA,NA,NA,NA,NA,NA,NA,NA,NA,NA,NA
0078510412655,94204.09998,15200.59221,0,Multi Serve,NA,NA,NA,NA,NA,NA,NA,NA,NA,NA,NA,NA,NA,NA,NA,NA,NA,NA,NA,NA,NA,NA,NA,NA
0085695200166,0,0,0,Multi Serve,NA,NA,NA,NA,NA,NA,NA,NA,NA,NA,NA,NA,NA,NA,NA,NA,NA,NA,NA,NA,NA,NA,NA,NA
0008355408448,600033.5694,111315.5019,0,Multi Serve,NA,NA,NA,NA,NA,NA,NA,NA,NA,NA,NA,NA,NA,NA,NA,NA,NA,NA,NA,NA,NA,NA,NA,NA
0000922358791,1052555.755,119343.1209,0,Multi Serve,Non- Indulgent,Vegetarian,Others,Others,Vegetarian,PL,PL,No Gluten Claim Present,Premium,Thin,11.9 Oz,Small (<=20 Oz),Conv Oven,PL,PL,1 Ct,Box,No Vegan Claim Present,No Natural Claim Present,Non-Gmo Claim,PL,No Plant based claim,No Preservative-Free Claim Present,BFY
0002066200606,7235406.142,1144527.833,0,Multi Serve,Non- Indulgent,Meat Combos,Others,Deluxe/Supreme/Meat Combo,Meat Combos,Non-Veg,Red Sauce,No Gluten Claim Present,Premium,Thin,16.5 Oz,Small (<=20 Oz),Conv Oven,Thin,Regular Crust,1 Ct,Box,No Vegan Claim Present,No Natural Claim Present,No Gmo Claim Present,No Organic Claim Present,No Plant based claim,No Preservative-Free Claim Present,Non BFY
0001477700480,0,0,0,Multi Serve,NA,NA,NA,NA,NA,NA,NA,NA,NA,NA,NA,NA,NA,NA,NA,NA,NA,NA,NA,NA,NA,NA,NA,NA
0003952890157,76667.42244,7996.926037,0,Multi Serve,NA,NA,NA,NA,NA,NA,NA,NA,NA,NA,NA,NA,NA,NA,NA,NA,NA,NA,NA,NA,NA,NA,NA,NA
0001674113403,0,0,1,Multi Serve,NA,NA,NA,NA,NA,NA,NA,NA,NA,NA,NA,NA,NA,NA,NA,NA,NA,NA,NA,NA,NA,NA,NA,NA
0000200500480,6002.837265,1494.072652,0,Multi Serve,NA,NA,NA,NA,NA,NA,NA,NA,NA,NA,NA,NA,NA,NA,NA,NA,NA,NA,NA,NA,NA,NA,NA,NA
0074747930020,14757688.66,1656219.842,0,Multi Serve,Non- Indulgent,Cheese/Plain,Others,Others,Cheese/Plain,Vegetarian,Red Sauce,No Gluten Claim Present,Premium,Wood Fired,19 Oz,Small (<=20 Oz),Conv Oven,Thick/Original,Regular Crust,1 Ct,Box,No Vegan Claim Present,No Natural Claim Present,No Gmo Claim Present,No Organic Claim Present,No Plant based claim,No Preservative-Free Claim Present,Non BFY
0008355408433,2665.61012,422.8117105,0,Multi Serve,NA,NA,NA,NA,NA,NA,NA,NA,NA,NA,NA,NA,NA,NA,NA,NA,NA,NA,NA,NA,NA,NA,NA,NA
0073178903523,0,0,0,Multi Serve,NA,NA,NA,NA,NA,NA,NA,NA,NA,NA,NA,NA,NA,NA,NA,NA,NA,NA,NA,NA,NA,NA,NA,NA
0007570615104,970909.7219,237880.3222,0,Multi Serve,Indulgent,Sausage,Others,Others,Sausage,Non-Veg,NA,No Gluten Claim Present,Mid Tier,Regular Crust,25.05 Oz,Medium (20-30 Oz),Conv Oven,Thick/Original,NA,1 Ct,Box,No Vegan Claim Present,No Natural Claim Present,No Gmo Claim Present,No Organic Claim Present,No Plant based claim,No Preservative-Free Claim Present,Non BFY
0085493400736,59.52,6,0,Multi Serve,NA,NA,NA,NA,NA,NA,NA,NA,NA,NA,NA,NA,NA,NA,NA,NA,NA,NA,NA,NA,NA,NA,NA,NA
0009350602674,1164.938694,290.7205762,0,Multi Serve,NA,NA,NA,NA,NA,NA,NA,NA,NA,NA,NA,NA,NA,NA,NA,NA,NA,NA,NA,NA,NA,NA,NA,NA
0000334194700,0,0,0,Multi Serve,NA,NA,NA,NA,NA,NA,NA,NA,NA,NA,NA,NA,NA,NA,NA,NA,NA,NA,NA,NA,NA,NA,NA,NA
0007192117476,2313561.872,661634.3632,1,Multi Serve,Non- Indulgent,Sausage,Others,Others,Sausage,Non-Veg,Red Sauce,No Gluten Claim Present,Value,Regular Crust,21.3 Oz,Medium (20-30 Oz),Conv Oven,Thick/Original,Regular Crust,1 Ct,Over Wrap,No Vegan Claim Present,No Natural Claim Present,No Gmo Claim Present,No Organic Claim Present,No Plant based claim,No Preservative-Free Claim Present,Non BFY
0085000446806,0,0,0,Multi Serve,NA,NA,NA,NA,NA,NA,NA,NA,NA,NA,NA,NA,NA,NA,NA,NA,NA,NA,NA,NA,NA,NA,NA,NA
0005070609903,15733.5397,2406.409019,0,Multi Serve,NA,NA,NA,NA,NA,NA,NA,NA,NA,NA,NA,NA,NA,NA,NA,NA,NA,NA,NA,NA,NA,NA,NA,NA
0083041500997,0,0,0,Multi Serve,NA,NA,NA,NA,NA,NA,NA,NA,NA,NA,NA,NA,NA,NA,NA,NA,NA,NA,NA,NA,NA,NA,NA,NA
0082623400004,0,0,0,Multi Serve,NA,NA,NA,NA,NA,NA,NA,NA,NA,NA,NA,NA,NA,NA,NA,NA,NA,NA,NA,NA,NA,NA,NA,NA
0000008564328,3.26,0.8125,0,Multi Serve,NA,NA,NA,NA,NA,NA,NA,NA,NA,NA,NA,NA,NA,NA,NA,NA,NA,NA,NA,NA,NA,NA,NA,NA
0007864240002,490149.5925,119232.5983,0,Multi Serve,Non- Indulgent,Deluxe/Supreme,Deluxe/Supreme,Deluxe/Supreme/Meat Combo,Meat Combos,Non-Veg,NA,No Gluten Claim Present,Value,Regular Crust,15.35 OZ,Small (<=20 Oz),Conv Oven,Thick/Original,NA,1 Ct,Box,No Vegan Claim Present,Natural Claim Present,No Gmo Claim Present,No Organic Claim Present,No Plant based claim,No Preservative-Free Claim Present,BFY
0000467399808,0,0,0,Multi Serve,NA,NA,NA,NA,NA,NA,NA,NA,NA,NA,NA,NA,NA,NA,NA,NA,NA,NA,NA,NA,NA,NA,NA,NA
0000196035780,0,0,0,Multi Serve,NA,NA,NA,NA,NA,NA,NA,NA,NA,NA,NA,NA,NA,NA,NA,NA,NA,NA,NA,NA,NA,NA,NA,NA
0000372301961,0,0,0,Multi Serve,NA,NA,NA,NA,NA,NA,NA,NA,NA,NA,NA,NA,NA,NA,NA,NA,NA,NA,NA,NA,NA,NA,NA,NA
0000044243607,0,0,0,Multi Serve,NA,NA,NA,NA,NA,NA,NA,NA,NA,NA,NA,NA,NA,NA,NA,NA,NA,NA,NA,NA,NA,NA,NA,NA
0007192187955,0,0,0,Multi Serve,NA,NA,NA,NA,NA,NA,NA,NA,NA,NA,NA,NA,NA,NA,NA,NA,NA,NA,NA,NA,NA,NA,NA,NA
0007192100336,17.46469447,3.921327896,1,Multi Serve,NA,NA,NA,NA,NA,NA,NA,NA,NA,NA,NA,NA,NA,NA,NA,NA,NA,NA,NA,NA,NA,NA,NA,NA
0000797006206,215840.8446,35983.61079,0,Multi Serve,NA,NA,NA,NA,NA,NA,NA,NA,NA,NA,NA,NA,NA,NA,NA,NA,NA,NA,NA,NA,NA,NA,NA,NA
0067763600009,775961.1046,112181.67,0,Multi Serve,NA,NA,NA,NA,NA,NA,NA,NA,NA,NA,NA,NA,NA,NA,NA,NA,NA,NA,NA,NA,NA,NA,NA,NA
0000000604178,0,0,0,Multi Serve,NA,NA,NA,NA,NA,NA,NA,NA,NA,NA,NA,NA,NA,NA,NA,NA,NA,NA,NA,NA,NA,NA,NA,NA
0000734072817,0,0,0,Multi Serve,NA,NA,NA,NA,NA,NA,NA,NA,NA,NA,NA,NA,NA,NA,NA,NA,NA,NA,NA,NA,NA,NA,NA,NA
0000604157113,0,0,0,Multi Serve,NA,NA,NA,NA,NA,NA,NA,NA,NA,NA,NA,NA,NA,NA,NA,NA,NA,NA,NA,NA,NA,NA,NA,NA
0801429430350,0,0,0,Multi Serve,NA,NA,NA,NA,NA,NA,NA,NA,NA,NA,NA,NA,NA,NA,NA,NA,NA,NA,NA,NA,NA,NA,NA,NA
0007390000000,40073.23812,12013.82078,0,Multi Serve,NA,NA,NA,NA,NA,NA,NA,NA,NA,NA,NA,NA,NA,NA,NA,NA,NA,NA,NA,NA,NA,NA,NA,NA
0000100577744,0,0,0,Multi Serve,NA,NA,NA,NA,NA,NA,NA,NA,NA,NA,NA,NA,NA,NA,NA,NA,NA,NA,NA,NA,NA,NA,NA,NA
0000437972853,220.2643993,52.74332273,0,Multi Serve,NA,NA,NA,NA,NA,NA,NA,NA,NA,NA,NA,NA,NA,NA,NA,NA,NA,NA,NA,NA,NA,NA,NA,NA
0008355408408,16.67924786,4.169811964,0,Multi Serve,NA,NA,NA,NA,NA,NA,NA,NA,NA,NA,NA,NA,NA,NA,NA,NA,NA,NA,NA,NA,NA,NA,NA,NA
0087145900202,489.3789133,47.76536604,0,Multi Serve,NA,NA,NA,NA,NA,NA,NA,NA,NA,NA,NA,NA,NA,NA,NA,NA,NA,NA,NA,NA,NA,NA,NA,NA
0001674164328,14.82130918,1.709954415,1,Multi Serve,NA,NA,NA,NA,NA,NA,NA,NA,NA,NA,NA,NA,NA,NA,NA,NA,NA,NA,NA,NA,NA,NA,NA,NA
0000462437505,0,0,0,Multi Serve,NA,NA,NA,NA,NA,NA,NA,NA,NA,NA,NA,NA,NA,NA,NA,NA,NA,NA,NA,NA,NA,NA,NA,NA
0004309820166,7908.103642,1432.716218,0,Multi Serve,NA,NA,NA,NA,NA,NA,NA,NA,NA,NA,NA,NA,NA,NA,NA,NA,NA,NA,NA,NA,NA,NA,NA,NA
0069899781033,3993048.066,422363.886,0,Multi Serve,Non- Indulgent,Uncured Pepperoni,Others,Others,Pepperoni,Non-Veg,NA,Gluten Free Claim,Premium,Thin,18.39 Oz,Small (<=20 Oz),Conv Oven,Thin,Healthy,1 Ct,Box,No Vegan Claim Present,No Natural Claim Present,No Gmo Claim Present,No Organic Claim Present,No Plant based claim,No Preservative-Free Claim Present,BFY
0001742013831,0,0,0,Multi Serve,NA,NA,NA,NA,NA,NA,NA,NA,NA,NA,NA,NA,NA,NA,NA,NA,NA,NA,NA,NA,NA,NA,NA,NA
0007218063074,7405589.635,1842300.559,0,Multi Serve,Non- Indulgent,Vegetarian,Others,Others,Vegetarian,Vegetarian,Red Sauce,No Gluten Claim Present,Mid Tier,Wood Fired,22.52 Oz,Medium (20-30 Oz),Conv Oven,Thick/Original,Regular Crust,1 Ct,Box,No Vegan Claim Present,No Natural Claim Present,No Gmo Claim Present,No Organic Claim Present,No Plant based claim,No Preservative-Free Claim Present,Non BFY
0086000162411,1034258.732,256818.9987,0,Multi Serve,Non- Indulgent,Sausage,Others,Others,Sausage,Non-Veg,NA,No Gluten Claim Present,Mid Tier,Regular Crust,28.91 Oz,Medium (20-30 Oz),Conv Oven,Thin,NA,1 Ct,Box,No Vegan Claim Present,No Natural Claim Present,No Gmo Claim Present,No Organic Claim Present,No Plant based claim,Preservative-Free Claim,BFY
0000604157115,23.94,7.74375,0,Multi Serve,NA,NA,NA,NA,NA,NA,NA,NA,NA,NA,NA,NA,NA,NA,NA,NA,NA,NA,NA,NA,NA,NA,NA,NA
0004219700401,1315002.235,241721.9437,0,Multi Serve,Indulgent,Ao Topping,Others,Others,Ao Topping,Vegetarian,NA,No Gluten Claim Present,Mid Tier,Regular Crust,20.58 Oz,Medium (20-30 Oz),Conv Oven,Thick/Original,NA,1 Ct,Box,No Vegan Claim Present,No Natural Claim Present,No Gmo Claim Present,No Organic Claim Present,No Plant based claim,No Preservative-Free Claim Present,Non BFY
0001070877648,2552012.729,625601.008,0,Multi Serve,Non- Indulgent,Deluxe/Supreme,Deluxe/Supreme,Deluxe/Supreme/Meat Combo,Meat Combos,PL,PL,No Gluten Claim Present,Value,Pan/Deep Dish Crust,25.7 Oz,Medium (20-30 Oz),Conv Oven,Thick/Original,PL,1 Ct,Box,No Vegan Claim Present,No Natural Claim Present,No Gmo Claim Present,No Organic Claim Present,No Plant based claim,No Preservative-Free Claim Present,Non BFY
0000102166412,0,0,0,Multi Serve,NA,NA,NA,NA,NA,NA,NA,NA,NA,NA,NA,NA,NA,NA,NA,NA,NA,NA,NA,NA,NA,NA,NA,NA
0007192119954,21335366.17,5832035.488,1,Multi Serve,Non- Indulgent,Deluxe/Supreme,Deluxe/Supreme,Deluxe/Supreme/Meat Combo,Meat Combos,Non-Veg,Red Sauce,No Gluten Claim Present,Value,Regular Crust,20.8 Oz,Medium (20-30 Oz),Conv Oven,Thick/Original,Regular Crust,1 Ct,Over Wrap,No Vegan Claim Present,No Natural Claim Present,No Gmo Claim Present,No Organic Claim Present,No Plant based claim,No Preservative-Free Claim Present,Non BFY
0000395093525,1027763.546,332863.2164,0,Multi Serve,Non- Indulgent,Cheese/Plain,Others,Others,Cheese/Plain,Vegetarian,PL,No Gluten Claim Present,Value,Regular Crust,34.92 Oz,Large (>= 30 Oz),Conv Oven,Thick/Original,Regular Crust,3 Ct,Bag In Box,No Vegan Claim Present,No Natural Claim Present,No Gmo Claim Present,No Organic Claim Present,No Plant based claim,No Preservative-Free Claim Present,Non BFY
0001477700605,6395.919549,1556.11379,0,Multi Serve,NA,NA,NA,NA,NA,NA,NA,NA,NA,NA,NA,NA,NA,NA,NA,NA,NA,NA,NA,NA,NA,NA,NA,NA
0001996224711,0,0,0,Multi Serve,NA,NA,NA,NA,NA,NA,NA,NA,NA,NA,NA,NA,NA,NA,NA,NA,NA,NA,NA,NA,NA,NA,NA,NA
0007570631087,810595.9414,169385.0735,0,Multi Serve,Non- Indulgent,Pepperoni,Others,Others,Pepperoni,Non-Veg,NA,No Gluten Claim Present,Mid Tier,Hand Tossed/Pizzeria Style,23 Oz,Medium (20-30 Oz),Conv Oven,Thick/Original,NA,1 Ct,Box,No Vegan Claim Present,No Natural Claim Present,No Gmo Claim Present,No Organic Claim Present,No Plant based claim,No Preservative-Free Claim Present,Non BFY
0072031083172,15877.97674,1194.935431,0,Multi Serve,NA,NA,NA,NA,NA,NA,NA,NA,NA,NA,NA,NA,NA,NA,NA,NA,NA,NA,NA,NA,NA,NA,NA,NA
0000008558608,364.08,65.6375,0,Multi Serve,NA,NA,NA,NA,NA,NA,NA,NA,NA,NA,NA,NA,NA,NA,NA,NA,NA,NA,NA,NA,NA,NA,NA,NA
0073178913101,221.6527845,13.16629809,0,Multi Serve,NA,NA,NA,NA,NA,NA,NA,NA,NA,NA,NA,NA,NA,NA,NA,NA,NA,NA,NA,NA,NA,NA,NA,NA
0007527893570,0,0,0,Multi Serve,NA,NA,NA,NA,NA,NA,NA,NA,NA,NA,NA,NA,NA,NA,NA,NA,NA,NA,NA,NA,NA,NA,NA,NA
0067652523351,71051.08673,8543.351968,0,Multi Serve,NA,NA,NA,NA,NA,NA,NA,NA,NA,NA,NA,NA,NA,NA,NA,NA,NA,NA,NA,NA,NA,NA,NA,NA
0007570612751,0,0,0,Multi Serve,NA,NA,NA,NA,NA,NA,NA,NA,NA,NA,NA,NA,NA,NA,NA,NA,NA,NA,NA,NA,NA,NA,NA,NA
0007192182379,143242435,36799351.6,1,Multi Serve,Non- Indulgent,Pepperoni,Others,Others,Pepperoni,Non-Veg,Red Sauce,No Gluten Claim Present,Mid Tier,Rising Crust,24.7 Oz,Medium (20-30 Oz),Conv Oven,Thick/Original,Regular Crust,1 Ct,Box,No Vegan Claim Present,No Natural Claim Present,No Gmo Claim Present,No Organic Claim Present,No Plant based claim,No Preservative-Free Claim Present,Non BFY
0007527893571,0,0,0,Multi Serve,NA,NA,NA,NA,NA,NA,NA,NA,NA,NA,NA,NA,NA,NA,NA,NA,NA,NA,NA,NA,NA,NA,NA,NA
0000000604149,0,0,0,Multi Serve,NA,NA,NA,NA,NA,NA,NA,NA,NA,NA,NA,NA,NA,NA,NA,NA,NA,NA,NA,NA,NA,NA,NA,NA
0272110582691,0,0,0,Multi Serve,NA,NA,NA,NA,NA,NA,NA,NA,NA,NA,NA,NA,NA,NA,NA,NA,NA,NA,NA,NA,NA,NA,NA,NA
0000948231326,0,0,0,Multi Serve,Non- Indulgent,Meat Combos,Others,Deluxe/Supreme/Meat Combo,Meat Combos,PL,PL,No Gluten Claim Present,Value,Thin,14.2 Oz,Small (<=20 Oz),Conv Oven,PL,PL,1 Ct,Box,No Vegan Claim Present,No Natural Claim Present,No Gmo Claim Present,No Organic Claim Present,No Plant based claim,No Preservative-Free Claim Present,Non BFY
0009194596854,338451.1359,64988.34026,0,Multi Serve,NA,NA,NA,NA,NA,NA,NA,NA,NA,NA,NA,NA,NA,NA,NA,NA,NA,NA,NA,NA,NA,NA,NA,NA
0086039600130,0,0,0,Multi Serve,NA,NA,NA,NA,NA,NA,NA,NA,NA,NA,NA,NA,NA,NA,NA,NA,NA,NA,NA,NA,NA,NA,NA,NA
0001136599406,20591.23114,4683.066991,0,Multi Serve,NA,NA,NA,NA,NA,NA,NA,NA,NA,NA,NA,NA,NA,NA,NA,NA,NA,NA,NA,NA,NA,NA,NA,NA
0080487958308,130161.6879,7715.161983,0,Multi Serve,NA,NA,NA,NA,NA,NA,NA,NA,NA,NA,NA,NA,NA,NA,NA,NA,NA,NA,NA,NA,NA,NA,NA,NA
0007192163593,72975.2469,13743.22353,1,Multi Serve,NA,NA,NA,NA,NA,NA,NA,NA,NA,NA,NA,NA,NA,NA,NA,NA,NA,NA,NA,NA,NA,NA,NA,NA
0003120535100,2411253.906,447121.8971,0,Multi Serve,Non- Indulgent,Meat Combos,Others,Deluxe/Supreme/Meat Combo,Meat Combos,Non-Veg,NA,No Gluten Claim Present,Mid Tier,Thin,19.5 Oz,Small (<=20 Oz),Conv Oven,Thin,NA,1 Ct,Box,No Vegan Claim Present,Natural Claim Present,No Gmo Claim Present,No Organic Claim Present,No Plant based claim,Preservative-Free Claim,BFY
0005843120461,0,0,0,Multi Serve,NA,NA,NA,NA,NA,NA,NA,NA,NA,NA,NA,NA,NA,NA,NA,NA,NA,NA,NA,NA,NA,NA,NA,NA
0000000604355,0,0,0,Multi Serve,NA,NA,NA,NA,NA,NA,NA,NA,NA,NA,NA,NA,NA,NA,NA,NA,NA,NA,NA,NA,NA,NA,NA,NA
0064313030800,4124359.227,1069242.488,0,Multi Serve,Indulgent,Cheese/Plain,Others,Others,Cheese/Plain,Vegetarian,Red Sauce,No Gluten Claim Present,Mid Tier,Pan/Deep Dish Crust,32 Oz,Large (>= 30 Oz),Conv Oven,Thick/Original,Regular Crust,1 Ct,Box,No Vegan Claim Present,No Natural Claim Present,No Gmo Claim Present,No Organic Claim Present,No Plant based claim,No Preservative-Free Claim Present,Non BFY
0003120505500,4342188.069,1276476.225,0,Multi Serve,Non- Indulgent,Deluxe/Supreme,Deluxe/Supreme,Deluxe/Supreme/Meat Combo,Sausage,Non-Veg,Red Sauce,No Gluten Claim Present,Value,Regular Crust,33 Oz,Large (>= 30 Oz),Conv Oven,Thick/Original,Regular Crust,1 Ct,Box,No Vegan Claim Present,Natural Claim Present,No Gmo Claim Present,No Organic Claim Present,No Plant based claim,No Preservative-Free Claim Present,BFY
0002100007389,0,0,0,Multi Serve,NA,NA,NA,NA,NA,NA,NA,NA,NA,NA,NA,NA,NA,NA,NA,NA,NA,NA,NA,NA,NA,NA,NA,NA
0003870895080,0,0,0,Multi Serve,NA,NA,NA,NA,NA,NA,NA,NA,NA,NA,NA,NA,NA,NA,NA,NA,NA,NA,NA,NA,NA,NA,NA,NA
0002066200639,9.290829059,2.277938531,0,Multi Serve,NA,NA,NA,NA,NA,NA,NA,NA,NA,NA,NA,NA,NA,NA,NA,NA,NA,NA,NA,NA,NA,NA,NA,NA
0081459801002,137891.6753,43270.07516,0,Multi Serve,NA,NA,NA,NA,NA,NA,NA,NA,NA,NA,NA,NA,NA,NA,NA,NA,NA,NA,NA,NA,NA,NA,NA,NA
0085561600728,0,0,0,Multi Serve,NA,NA,NA,NA,NA,NA,NA,NA,NA,NA,NA,NA,NA,NA,NA,NA,NA,NA,NA,NA,NA,NA,NA,NA
0000685159493,109244.0639,17667.37644,0,Multi Serve,NA,NA,NA,NA,NA,NA,NA,NA,NA,NA,NA,NA,NA,NA,NA,NA,NA,NA,NA,NA,NA,NA,NA,NA
0000857305831,114631.5,53061.88125,0,Multi Serve,NA,NA,NA,NA,NA,NA,NA,NA,NA,NA,NA,NA,NA,NA,NA,NA,NA,NA,NA,NA,NA,NA,NA,NA
0000936541914,88.89080525,25.7360169,0,Multi Serve,NA,NA,NA,NA,NA,NA,NA,NA,NA,NA,NA,NA,NA,NA,NA,NA,NA,NA,NA,NA,NA,NA,NA,NA
0007192117118,9643407.059,2477713.971,1,Multi Serve,Non- Indulgent,Meat Combos,Others,Deluxe/Supreme/Meat Combo,Meat Combos,Non-Veg,Red Sauce,No Gluten Claim Present,Value,Regular Crust,19.4 Oz,Small (<=20 Oz),Conv Oven,Thick/Original,Regular Crust,1 Ct,Over Wrap,No Vegan Claim Present,No Natural Claim Present,No Gmo Claim Present,No Organic Claim Present,No Plant based claim,No Preservative-Free Claim Present,Non BFY
0074517845001,0,0,0,Multi Serve,NA,NA,NA,NA,NA,NA,NA,NA,NA,NA,NA,NA,NA,NA,NA,NA,NA,NA,NA,NA,NA,NA,NA,NA
0007465316646,1565646.691,367721.9663,1,Multi Serve,NA,NA,NA,NA,NA,NA,NA,NA,NA,NA,NA,NA,NA,NA,NA,NA,NA,NA,NA,NA,NA,NA,NA,NA
0068946613201,7148.918604,1176.573486,0,Multi Serve,NA,NA,NA,NA,NA,NA,NA,NA,NA,NA,NA,NA,NA,NA,NA,NA,NA,NA,NA,NA,NA,NA,NA,NA
0007465311321,0,0,1,Multi Serve,NA,NA,NA,NA,NA,NA,NA,NA,NA,NA,NA,NA,NA,NA,NA,NA,NA,NA,NA,NA,NA,NA,NA,NA
0000358332799,659.7921667,77.73363401,0,Multi Serve,NA,NA,NA,NA,NA,NA,NA,NA,NA,NA,NA,NA,NA,NA,NA,NA,NA,NA,NA,NA,NA,NA,NA,NA
0007192124584,0,0,1,Multi Serve,NA,NA,NA,NA,NA,NA,NA,NA,NA,NA,NA,NA,NA,NA,NA,NA,NA,NA,NA,NA,NA,NA,NA,NA
0001202254766,15966.52755,2196.835116,0,Multi Serve,NA,NA,NA,NA,NA,NA,NA,NA,NA,NA,NA,NA,NA,NA,NA,NA,NA,NA,NA,NA,NA,NA,NA,NA
0009194596796,250014.7033,45937.34339,0,Multi Serve,NA,NA,NA,NA,NA,NA,NA,NA,NA,NA,NA,NA,NA,NA,NA,NA,NA,NA,NA,NA,NA,NA,NA,NA
0000359418087,0,0,0,Multi Serve,NA,NA,NA,NA,NA,NA,NA,NA,NA,NA,NA,NA,NA,NA,NA,NA,NA,NA,NA,NA,NA,NA,NA,NA
0086000162414,438633.3636,72260.89756,0,Multi Serve,NA,NA,NA,NA,NA,NA,NA,NA,NA,NA,NA,NA,NA,NA,NA,NA,NA,NA,NA,NA,NA,NA,NA,NA
0004158100131,14435.02815,5782.212979,0,Multi Serve,NA,NA,NA,NA,NA,NA,NA,NA,NA,NA,NA,NA,NA,NA,NA,NA,NA,NA,NA,NA,NA,NA,NA,NA
0000041203274,0,0,0,Multi Serve,NA,NA,NA,NA,NA,NA,NA,NA,NA,NA,NA,NA,NA,NA,NA,NA,NA,NA,NA,NA,NA,NA,NA,NA
0000033562511,5736.295981,674.6691891,0,Multi Serve,NA,NA,NA,NA,NA,NA,NA,NA,NA,NA,NA,NA,NA,NA,NA,NA,NA,NA,NA,NA,NA,NA,NA,NA
0062830829004,8032.356381,624.9526963,0,Multi Serve,NA,NA,NA,NA,NA,NA,NA,NA,NA,NA,NA,NA,NA,NA,NA,NA,NA,NA,NA,NA,NA,NA,NA,NA
0001202980327,234447.2798,74276.05784,0,Multi Serve,NA,NA,NA,NA,NA,NA,NA,NA,NA,NA,NA,NA,NA,NA,NA,NA,NA,NA,NA,NA,NA,NA,NA,NA
0000000640441,138.5738366,38.58072229,1,Multi Serve,NA,NA,NA,NA,NA,NA,NA,NA,NA,NA,NA,NA,NA,NA,NA,NA,NA,NA,NA,NA,NA,NA,NA,NA
0082900600017,0,0,0,Multi Serve,NA,NA,NA,NA,NA,NA,NA,NA,NA,NA,NA,NA,NA,NA,NA,NA,NA,NA,NA,NA,NA,NA,NA,NA
0000907196381,272694.5555,59195.26971,0,Multi Serve,NA,NA,NA,NA,NA,NA,NA,NA,NA,NA,NA,NA,NA,NA,NA,NA,NA,NA,NA,NA,NA,NA,NA,NA
0007218050133,2983528.865,575990.7446,0,Multi Serve,Non- Indulgent,Cheese/Plain,Others,Others,Cheese/Plain,Vegetarian,Red Sauce,No Gluten Claim Present,Value,Stuffed Crust,22.74 Oz,Medium (20-30 Oz),Conv Oven,Thick/Original,Regular Crust,1 Ct,Box,No Vegan Claim Present,No Natural Claim Present,No Gmo Claim Present,No Organic Claim Present,No Plant based claim,No Preservative-Free Claim Present,Non BFY
0007660132918,5987.522635,1159.164001,0,Multi Serve,NA,NA,NA,NA,NA,NA,NA,NA,NA,NA,NA,NA,NA,NA,NA,NA,NA,NA,NA,NA,NA,NA,NA,NA
0007192100338,900846.8772,202414.1439,1,Multi Serve,NA,NA,NA,NA,NA,NA,NA,NA,NA,NA,NA,NA,NA,NA,NA,NA,NA,NA,NA,NA,NA,NA,NA,NA
0000643815980,16.82379162,3.803250765,0,Multi Serve,NA,NA,NA,NA,NA,NA,NA,NA,NA,NA,NA,NA,NA,NA,NA,NA,NA,NA,NA,NA,NA,NA,NA,NA
0087282400982,0,0,0,Multi Serve,NA,NA,NA,NA,NA,NA,NA,NA,NA,NA,NA,NA,NA,NA,NA,NA,NA,NA,NA,NA,NA,NA,NA,NA
0000264449924,855303.6595,304329.9301,0,Multi Serve,Non- Indulgent,Cheese/Plain,Others,Others,Cheese/Plain,PL,PL,No Gluten Claim Present,Value,Rising Crust,28.2 Oz,Medium (20-30 Oz),Conv Oven,PL,PL,1 Ct,Box,No Vegan Claim Present,No Natural Claim Present,No Gmo Claim Present,No Organic Claim Present,No Plant based claim,No Preservative-Free Claim Present,Non BFY
0000701517139,0,0,0,Multi Serve,NA,NA,NA,NA,NA,NA,NA,NA,NA,NA,NA,NA,NA,NA,NA,NA,NA,NA,NA,NA,NA,NA,NA,NA
0081496700040,128.2590274,24.65637597,0,Multi Serve,NA,NA,NA,NA,NA,NA,NA,NA,NA,NA,NA,NA,NA,NA,NA,NA,NA,NA,NA,NA,NA,NA,NA,NA
0000452840951,8867.208544,1279.638423,0,Multi Serve,NA,NA,NA,NA,NA,NA,NA,NA,NA,NA,NA,NA,NA,NA,NA,NA,NA,NA,NA,NA,NA,NA,NA,NA
0007192143601,0,0,1,Multi Serve,NA,NA,NA,NA,NA,NA,NA,NA,NA,NA,NA,NA,NA,NA,NA,NA,NA,NA,NA,NA,NA,NA,NA,NA
0007660122918,60224.55452,13100.29473,0,Multi Serve,NA,NA,NA,NA,NA,NA,NA,NA,NA,NA,NA,NA,NA,NA,NA,NA,NA,NA,NA,NA,NA,NA,NA,NA
0085763000331,134589.4683,31255.26471,0,Multi Serve,NA,NA,NA,NA,NA,NA,NA,NA,NA,NA,NA,NA,NA,NA,NA,NA,NA,NA,NA,NA,NA,NA,NA,NA
0086073800028,0,0,0,Multi Serve,NA,NA,NA,NA,NA,NA,NA,NA,NA,NA,NA,NA,NA,NA,NA,NA,NA,NA,NA,NA,NA,NA,NA,NA
0001076625419,3339595.652,1523514.798,0,Multi Serve,Non- Indulgent,Meat Combos,Others,Deluxe/Supreme/Meat Combo,Meat Combos,Non-Veg,PL,No Gluten Claim Present,Value,Rising Crust,29.8 Oz,Medium (20-30 Oz),Conv Oven,Thick/Original,PL,1 Ct,Box,No Vegan Claim Present,No Natural Claim Present,No Gmo Claim Present,No Organic Claim Present,No Plant based claim,No Preservative-Free Claim Present,Non BFY
0009350602117,3443.390708,469.0259814,0,Multi Serve,NA,NA,NA,NA,NA,NA,NA,NA,NA,NA,NA,NA,NA,NA,NA,NA,NA,NA,NA,NA,NA,NA,NA,NA
0085584000604,4150.355435,625.1082859,0,Multi Serve,NA,NA,NA,NA,NA,NA,NA,NA,NA,NA,NA,NA,NA,NA,NA,NA,NA,NA,NA,NA,NA,NA,NA,NA
0000606167654,0,0,0,Multi Serve,Non- Indulgent,Ao Topping,Others,Others,Ao Topping,PL,PL,No Gluten Claim Present,Value,Regular Crust,18.2 Oz,Small (<=20 Oz),Conv Oven,Thick/Original,Regular Crust,1 Ct,Box,No Vegan Claim Present,No Natural Claim Present,No Gmo Claim Present,No Organic Claim Present,No Plant based claim,No Preservative-Free Claim Present,Non BFY
0000855365435,146391.36,62883.375,0,Multi Serve,NA,NA,NA,NA,NA,NA,NA,NA,NA,NA,NA,NA,NA,NA,NA,NA,NA,NA,NA,NA,NA,NA,NA,NA
0007390000516,40419.88999,8795.504512,0,Multi Serve,NA,NA,NA,NA,NA,NA,NA,NA,NA,NA,NA,NA,NA,NA,NA,NA,NA,NA,NA,NA,NA,NA,NA,NA
0009350602887,0,0,0,Multi Serve,NA,NA,NA,NA,NA,NA,NA,NA,NA,NA,NA,NA,NA,NA,NA,NA,NA,NA,NA,NA,NA,NA,NA,NA
0000114502509,0,0,0,Multi Serve,NA,NA,NA,NA,NA,NA,NA,NA,NA,NA,NA,NA,NA,NA,NA,NA,NA,NA,NA,NA,NA,NA,NA,NA
0000425667514,0,0,0,Multi Serve,NA,NA,NA,NA,NA,NA,NA,NA,NA,NA,NA,NA,NA,NA,NA,NA,NA,NA,NA,NA,NA,NA,NA,NA
0085264200625,527907.1132,81192.82038,0,Multi Serve,NA,NA,NA,NA,NA,NA,NA,NA,NA,NA,NA,NA,NA,NA,NA,NA,NA,NA,NA,NA,NA,NA,NA,NA
0009492256281,5034.03649,659.2768146,0,Multi Serve,NA,NA,NA,NA,NA,NA,NA,NA,NA,NA,NA,NA,NA,NA,NA,NA,NA,NA,NA,NA,NA,NA,NA,NA
0081001297003,0,0,0,Multi Serve,NA,NA,NA,NA,NA,NA,NA,NA,NA,NA,NA,NA,NA,NA,NA,NA,NA,NA,NA,NA,NA,NA,NA,NA
0081005208007,437.080319,73.97164831,0,Multi Serve,NA,NA,NA,NA,NA,NA,NA,NA,NA,NA,NA,NA,NA,NA,NA,NA,NA,NA,NA,NA,NA,NA,NA,NA
0082578301020,72984.67292,10753.52838,0,Multi Serve,NA,NA,NA,NA,NA,NA,NA,NA,NA,NA,NA,NA,NA,NA,NA,NA,NA,NA,NA,NA,NA,NA,NA,NA
0001205746473,239418.3722,34360.92068,0,Multi Serve,NA,NA,NA,NA,NA,NA,NA,NA,NA,NA,NA,NA,NA,NA,NA,NA,NA,NA,NA,NA,NA,NA,NA,NA
0001077029707,351377.7001,57408.33424,0,Multi Serve,NA,NA,NA,NA,NA,NA,NA,NA,NA,NA,NA,NA,NA,NA,NA,NA,NA,NA,NA,NA,NA,NA,NA,NA
0007570630026,0,0,0,Multi Serve,NA,NA,NA,NA,NA,NA,NA,NA,NA,NA,NA,NA,NA,NA,NA,NA,NA,NA,NA,NA,NA,NA,NA,NA
0000453048585,1024.846238,525.481218,0,Multi Serve,Non- Indulgent,Ao Topping,Others,Others,Ao Topping,PL,PL,No Gluten Claim Present,Value,Regular Crust,14.15 Oz,Small (<=20 Oz),Conv Oven,PL,PL,1 Ct,Box,No Vegan Claim Present,No Natural Claim Present,No Gmo Claim Present,No Organic Claim Present,No Plant based claim,No Preservative-Free Claim Present,Non BFY
0003870895286,43807.40602,10263.06361,0,Multi Serve,NA,NA,NA,NA,NA,NA,NA,NA,NA,NA,NA,NA,NA,NA,NA,NA,NA,NA,NA,NA,NA,NA,NA,NA
0007218050128,879729.9493,197769.0901,0,Multi Serve,Non- Indulgent,Cheese/Plain,Others,Others,Cheese/Plain,Vegetarian,White,No Gluten Claim Present,Mid Tier,Regular Crust,18.85 Oz,Small (<=20 Oz),Conv Oven,Thick/Original,Regular Crust,1 Ct,Box,No Vegan Claim Present,No Natural Claim Present,No Gmo Claim Present,No Organic Claim Present,No Plant based claim,No Preservative-Free Claim Present,Non BFY
0001025007337,1502475.397,267961.2904,0,Multi Serve,Non- Indulgent,Ao Topping,Others,Others,Ao Topping,PL,PL,No Gluten Claim Present,Value,Thin,14.4 Oz,Small (<=20 Oz),Conv Oven,Thin,PL,1 Ct,Box,No Vegan Claim Present,No Natural Claim Present,No Gmo Claim Present,No Organic Claim Present,No Plant based claim,No Preservative-Free Claim Present,Non BFY
0007738720613,0,0,0,Multi Serve,NA,NA,NA,NA,NA,NA,NA,NA,NA,NA,NA,NA,NA,NA,NA,NA,NA,NA,NA,NA,NA,NA,NA,NA
0000676098145,179822.85,30458.30625,0,Multi Serve,NA,NA,NA,NA,NA,NA,NA,NA,NA,NA,NA,NA,NA,NA,NA,NA,NA,NA,NA,NA,NA,NA,NA,NA
0000790592032,21.77,10.8375,0,Multi Serve,NA,NA,NA,NA,NA,NA,NA,NA,NA,NA,NA,NA,NA,NA,NA,NA,NA,NA,NA,NA,NA,NA,NA,NA
0007192102039,12.95940858,2.682680121,1,Multi Serve,NA,NA,NA,NA,NA,NA,NA,NA,NA,NA,NA,NA,NA,NA,NA,NA,NA,NA,NA,NA,NA,NA,NA,NA
0007192149079,13102031.96,3553251.353,1,Multi Serve,Non- Indulgent,Sausage,Others,Others,Sausage,Non-Veg,Red Sauce,No Gluten Claim Present,Value,Regular Crust,20.9 Oz,Medium (20-30 Oz),Conv Oven,Thick/Original,Regular Crust,1 Ct,Over Wrap,No Vegan Claim Present,No Natural Claim Present,No Gmo Claim Present,No Organic Claim Present,No Plant based claim,No Preservative-Free Claim Present,Non BFY
0002660513007,225009.3059,34836.51002,0,Multi Serve,NA,NA,NA,NA,NA,NA,NA,NA,NA,NA,NA,NA,NA,NA,NA,NA,NA,NA,NA,NA,NA,NA,NA,NA
0088570910171,654438.6989,90419.27203,0,Multi Serve,NA,NA,NA,NA,NA,NA,NA,NA,NA,NA,NA,NA,NA,NA,NA,NA,NA,NA,NA,NA,NA,NA,NA,NA
0007570630222,0,0,0,Multi Serve,NA,NA,NA,NA,NA,NA,NA,NA,NA,NA,NA,NA,NA,NA,NA,NA,NA,NA,NA,NA,NA,NA,NA,NA
0000190089190,0,0,0,Multi Serve,NA,NA,NA,NA,NA,NA,NA,NA,NA,NA,NA,NA,NA,NA,NA,NA,NA,NA,NA,NA,NA,NA,NA,NA
0003870895285,49397.25222,11591.58573,0,Multi Serve,NA,NA,NA,NA,NA,NA,NA,NA,NA,NA,NA,NA,NA,NA,NA,NA,NA,NA,NA,NA,NA,NA,NA,NA
0002100007391,0,0,0,Multi Serve,NA,NA,NA,NA,NA,NA,NA,NA,NA,NA,NA,NA,NA,NA,NA,NA,NA,NA,NA,NA,NA,NA,NA,NA
0004227200193,0,0,0,Multi Serve,NA,NA,NA,NA,NA,NA,NA,NA,NA,NA,NA,NA,NA,NA,NA,NA,NA,NA,NA,NA,NA,NA,NA,NA
0004300008078,22.04387496,4.662341304,0,Multi Serve,NA,NA,NA,NA,NA,NA,NA,NA,NA,NA,NA,NA,NA,NA,NA,NA,NA,NA,NA,NA,NA,NA,NA,NA
0000061480694,230314.4884,122405.2321,0,Multi Serve,NA,NA,NA,NA,NA,NA,NA,NA,NA,NA,NA,NA,NA,NA,NA,NA,NA,NA,NA,NA,NA,NA,NA,NA
0000503545657,0,0,0,Multi Serve,NA,NA,NA,NA,NA,NA,NA,NA,NA,NA,NA,NA,NA,NA,NA,NA,NA,NA,NA,NA,NA,NA,NA,NA
0007218076269,0,0,0,Multi Serve,NA,NA,NA,NA,NA,NA,NA,NA,NA,NA,NA,NA,NA,NA,NA,NA,NA,NA,NA,NA,NA,NA,NA,NA
0000130783318,0,0,0,Multi Serve,NA,NA,NA,NA,NA,NA,NA,NA,NA,NA,NA,NA,NA,NA,NA,NA,NA,NA,NA,NA,NA,NA,NA,NA
0063759910005,121477.6375,14828.08491,0,Multi Serve,NA,NA,NA,NA,NA,NA,NA,NA,NA,NA,NA,NA,NA,NA,NA,NA,NA,NA,NA,NA,NA,NA,NA,NA
0000025808305,0,0,0,Multi Serve,NA,NA,NA,NA,NA,NA,NA,NA,NA,NA,NA,NA,NA,NA,NA,NA,NA,NA,NA,NA,NA,NA,NA,NA
0007570630376,127575.222,27162.72274,0,Multi Serve,NA,NA,NA,NA,NA,NA,NA,NA,NA,NA,NA,NA,NA,NA,NA,NA,NA,NA,NA,NA,NA,NA,NA,NA
0001212179054,738931.3301,206067.3747,0,Multi Serve,Non- Indulgent,Cheese/Plain,Others,Others,Cheese/Plain,PL,PL,No Gluten Claim Present,Value,Regular Crust,14.5 Oz,Small (<=20 Oz),Conv Oven,PL,PL,1 Ct,Over Wrap,No Vegan Claim Present,No Natural Claim Present,No Gmo Claim Present,No Organic Claim Present,No Plant based claim,No Preservative-Free Claim Present,Non BFY
0000850547294,0,0,0,Multi Serve,NA,NA,NA,NA,NA,NA,NA,NA,NA,NA,NA,NA,NA,NA,NA,NA,NA,NA,NA,NA,NA,NA,NA,NA
0000016095646,2.947589825,2.108592119,0,Multi Serve,NA,NA,NA,NA,NA,NA,NA,NA,NA,NA,NA,NA,NA,NA,NA,NA,NA,NA,NA,NA,NA,NA,NA,NA
0000353775133,1614393.288,265123.8022,0,Multi Serve,NA,NA,NA,NA,NA,NA,NA,NA,NA,NA,NA,NA,NA,NA,NA,NA,NA,NA,NA,NA,NA,NA,NA,NA
0004219700021,1340429.113,451035.2809,0,Multi Serve,Non- Indulgent,Deluxe/Supreme,Deluxe/Supreme,Deluxe/Supreme/Meat Combo,Meat Combos,Non-Veg,NA,No Gluten Claim Present,Value,Rising Crust,28.45 Oz,Medium (20-30 Oz),Conv Oven,Thick/Original,NA,1 Ct,Over Wrap,No Vegan Claim Present,No Natural Claim Present,No Gmo Claim Present,No Organic Claim Present,No Plant based claim,No Preservative-Free Claim Present,Non BFY
0000200871518,25836.53032,5886.195484,0,Multi Serve,NA,NA,NA,NA,NA,NA,NA,NA,NA,NA,NA,NA,NA,NA,NA,NA,NA,NA,NA,NA,NA,NA,NA,NA
0007192145842,17179.0803,6627.367463,1,Multi Serve,NA,NA,NA,NA,NA,NA,NA,NA,NA,NA,NA,NA,NA,NA,NA,NA,NA,NA,NA,NA,NA,NA,NA,NA
0083041500927,0,0,0,Multi Serve,NA,NA,NA,NA,NA,NA,NA,NA,NA,NA,NA,NA,NA,NA,NA,NA,NA,NA,NA,NA,NA,NA,NA,NA
0000613570320,0,0,0,Multi Serve,NA,NA,NA,NA,NA,NA,NA,NA,NA,NA,NA,NA,NA,NA,NA,NA,NA,NA,NA,NA,NA,NA,NA,NA
0085587300895,0,0,0,Multi Serve,NA,NA,NA,NA,NA,NA,NA,NA,NA,NA,NA,NA,NA,NA,NA,NA,NA,NA,NA,NA,NA,NA,NA,NA
0000909847253,15354.3268,6302.812416,0,Multi Serve,NA,NA,NA,NA,NA,NA,NA,NA,NA,NA,NA,NA,NA,NA,NA,NA,NA,NA,NA,NA,NA,NA,NA,NA
0007192100018,38.76,7.8125,1,Multi Serve,NA,NA,NA,NA,NA,NA,NA,NA,NA,NA,NA,NA,NA,NA,NA,NA,NA,NA,NA,NA,NA,NA,NA,NA
0000661185897,879153.5315,351274.3951,0,Multi Serve,Non- Indulgent,Vegetarian,Others,Others,Vegetarian,Vegetarian,PL,No Gluten Claim Present,Value,Rising Crust,29.35 Oz,Medium (20-30 Oz),Conv Oven,Thick/Original,PL,1 Ct,Box,No Vegan Claim Present,No Natural Claim Present,No Gmo Claim Present,No Organic Claim Present,No Plant based claim,No Preservative-Free Claim Present,Non BFY
0000029540634,1389813.928,414365.5803,0,Multi Serve,Non- Indulgent,Cheese/Plain,Others,Others,Cheese/Plain,PL,PL,No Gluten Claim Present,Value,Rising Crust,29 Oz,Medium (20-30 Oz),Conv Oven,PL,PL,1 Ct,Box,No Vegan Claim Present,No Natural Claim Present,No Gmo Claim Present,No Organic Claim Present,No Plant based claim,No Preservative-Free Claim Present,Non BFY
0005070614330,0,0,0,Multi Serve,NA,NA,NA,NA,NA,NA,NA,NA,NA,NA,NA,NA,NA,NA,NA,NA,NA,NA,NA,NA,NA,NA,NA,NA
0000008403980,159637.6423,68469.88162,0,Multi Serve,NA,NA,NA,NA,NA,NA,NA,NA,NA,NA,NA,NA,NA,NA,NA,NA,NA,NA,NA,NA,NA,NA,NA,NA
0007192154192,5.206203457,1.553860961,1,Multi Serve,NA,NA,NA,NA,NA,NA,NA,NA,NA,NA,NA,NA,NA,NA,NA,NA,NA,NA,NA,NA,NA,NA,NA,NA
0083041500999,2551295.434,261037.9158,0,Multi Serve,Non- Indulgent,Uncured Pepperoni,Others,Others,Pepperoni,Non-Veg,NA,Gluten Free Claim,Premium,Ao Crust,11.42 Oz,Small (<=20 Oz),Conv Oven,Thin,Healthy,1 Ct,Box,No Vegan Claim Present,No Natural Claim Present,No Gmo Claim Present,No Organic Claim Present,No Plant based claim,Preservative-Free Claim,BFY
0085493400773,0,0,0,Multi Serve,NA,NA,NA,NA,NA,NA,NA,NA,NA,NA,NA,NA,NA,NA,NA,NA,NA,NA,NA,NA,NA,NA,NA,NA
0067400700126,6516.304812,722.6573777,0,Multi Serve,NA,NA,NA,NA,NA,NA,NA,NA,NA,NA,NA,NA,NA,NA,NA,NA,NA,NA,NA,NA,NA,NA,NA,NA
0000928705293,203.1477963,34.37630563,0,Multi Serve,NA,NA,NA,NA,NA,NA,NA,NA,NA,NA,NA,NA,NA,NA,NA,NA,NA,NA,NA,NA,NA,NA,NA,NA
0067400712221,2515.146606,281.0801256,0,Multi Serve,NA,NA,NA,NA,NA,NA,NA,NA,NA,NA,NA,NA,NA,NA,NA,NA,NA,NA,NA,NA,NA,NA,NA,NA
0087145900132,9431487.14,1132960.954,0,Multi Serve,Non- Indulgent,Cheese/Plain,Others,Others,Cheese/Plain,Vegetarian,Red Sauce,Gluten Free Claim,Premium,Regular Crust,15.7 Oz,Small (<=20 Oz),Conv Oven,Thick/Original,Healthy,1 Ct,Box,Vegan Claim,No Natural Claim Present,No Gmo Claim Present,No Organic Claim Present,Plant-Based Protein Claim,No Preservative-Free Claim Present,BFY
0003870895307,40507.19987,7640.190583,0,Multi Serve,NA,NA,NA,NA,NA,NA,NA,NA,NA,NA,NA,NA,NA,NA,NA,NA,NA,NA,NA,NA,NA,NA,NA,NA
0004309856351,0,0,0,Multi Serve,NA,NA,NA,NA,NA,NA,NA,NA,NA,NA,NA,NA,NA,NA,NA,NA,NA,NA,NA,NA,NA,NA,NA,NA
0007192191381,2724744.406,463811.5144,1,Multi Serve,Non- Indulgent,Pepperoni,Others,Others,Pepperoni,Non-Veg,Red Sauce,No Gluten Claim Present,Mid Tier,Wood Fired,15.7 Oz,Small (<=20 Oz),Conv Oven,Thick/Original,Regular Crust,1 Ct,Box,No Vegan Claim Present,No Natural Claim Present,No Gmo Claim Present,No Organic Claim Present,No Plant based claim,No Preservative-Free Claim Present,Non BFY
0088570901021,177812.7712,29309.62577,0,Multi Serve,NA,NA,NA,NA,NA,NA,NA,NA,NA,NA,NA,NA,NA,NA,NA,NA,NA,NA,NA,NA,NA,NA,NA,NA
0086000022554,181928.7897,18629.76772,0,Multi Serve,NA,NA,NA,NA,NA,NA,NA,NA,NA,NA,NA,NA,NA,NA,NA,NA,NA,NA,NA,NA,NA,NA,NA,NA
0000008657392,38.53640254,4.13480714,0,Multi Serve,NA,NA,NA,NA,NA,NA,NA,NA,NA,NA,NA,NA,NA,NA,NA,NA,NA,NA,NA,NA,NA,NA,NA,NA
0000480563407,4676353.727,873727.9359,0,Multi Serve,Non- Indulgent,Chicken,Others,Others,Chicken,Non-Veg,PL,No Gluten Claim Present,Value,Thin,14.1 Oz,Small (<=20 Oz),Conv Oven,Thin,PL,1 Ct,Box,No Vegan Claim Present,No Natural Claim Present,No Gmo Claim Present,No Organic Claim Present,No Plant based claim,No Preservative-Free Claim Present,Non BFY
0801429430371,1819904.249,481420.4323,0,Multi Serve,Non- Indulgent,Ao Topping,Others,Others,Ao Topping,Non-Veg,NA,No Gluten Claim Present,Value,Regular Crust,45.6 Oz,Large (>= 30 Oz),Conv Oven,Thick/Original,NA,3 Ct,Bag In Box,No Vegan Claim Present,No Natural Claim Present,No Gmo Claim Present,No Organic Claim Present,No Plant based claim,No Preservative-Free Claim Present,Non BFY
0064313031460,586509.0192,158038.0533,0,Multi Serve,NA,NA,NA,NA,NA,NA,NA,NA,NA,NA,NA,NA,NA,NA,NA,NA,NA,NA,NA,NA,NA,NA,NA,NA
0000942700001,1338.61836,135.8305515,0,Multi Serve,NA,NA,NA,NA,NA,NA,NA,NA,NA,NA,NA,NA,NA,NA,NA,NA,NA,NA,NA,NA,NA,NA,NA,NA
0001124740612,347120.2347,27693.47263,0,Multi Serve,NA,NA,NA,NA,NA,NA,NA,NA,NA,NA,NA,NA,NA,NA,NA,NA,NA,NA,NA,NA,NA,NA,NA,NA
0009350602907,8593.974357,991.7159584,0,Multi Serve,NA,NA,NA,NA,NA,NA,NA,NA,NA,NA,NA,NA,NA,NA,NA,NA,NA,NA,NA,NA,NA,NA,NA,NA
0073178945589,0,0,0,Multi Serve,NA,NA,NA,NA,NA,NA,NA,NA,NA,NA,NA,NA,NA,NA,NA,NA,NA,NA,NA,NA,NA,NA,NA,NA
0000595282032,200766.9558,56432.13703,0,Multi Serve,NA,NA,NA,NA,NA,NA,NA,NA,NA,NA,NA,NA,NA,NA,NA,NA,NA,NA,NA,NA,NA,NA,NA,NA
0003913116974,0,0,0,Multi Serve,NA,NA,NA,NA,NA,NA,NA,NA,NA,NA,NA,NA,NA,NA,NA,NA,NA,NA,NA,NA,NA,NA,NA,NA
0007570619103,2243736.374,540146.5506,0,Multi Serve,Non- Indulgent,Meat Combos,Others,Deluxe/Supreme/Meat Combo,Ao Topping,Non-Veg,Red Sauce,No Gluten Claim Present,Mid Tier,Regular Crust,25.49 Oz,Medium (20-30 Oz),Conv Oven,Thick/Original,Regular Crust,1 Ct,Box,No Vegan Claim Present,No Natural Claim Present,No Gmo Claim Present,No Organic Claim Present,No Plant based claim,No Preservative-Free Claim Present,Non BFY
0007570630484,5915.103352,1863.899429,0,Multi Serve,NA,NA,NA,NA,NA,NA,NA,NA,NA,NA,NA,NA,NA,NA,NA,NA,NA,NA,NA,NA,NA,NA,NA,NA
0000853969261,0,0,0,Multi Serve,NA,NA,NA,NA,NA,NA,NA,NA,NA,NA,NA,NA,NA,NA,NA,NA,NA,NA,NA,NA,NA,NA,NA,NA
0085001598245,0,0,0,Multi Serve,NA,NA,NA,NA,NA,NA,NA,NA,NA,NA,NA,NA,NA,NA,NA,NA,NA,NA,NA,NA,NA,NA,NA,NA
0001202980027,57276.04481,11000.90164,0,Multi Serve,NA,NA,NA,NA,NA,NA,NA,NA,NA,NA,NA,NA,NA,NA,NA,NA,NA,NA,NA,NA,NA,NA,NA,NA
0000956664049,437407.6235,79309.87847,0,Multi Serve,Non- Indulgent,Ao Topping,Others,Others,Ao Topping,PL,PL,No Gluten Claim Present,Value,Ao Crust,11.46 Oz,Small (<=20 Oz),Conv Oven,PL,PL,1 Ct,Box,No Vegan Claim Present,No Natural Claim Present,No Gmo Claim Present,No Organic Claim Present,No Plant based claim,No Preservative-Free Claim Present,Non BFY
0063759930004,49916.7369,6730.799217,0,Multi Serve,NA,NA,NA,NA,NA,NA,NA,NA,NA,NA,NA,NA,NA,NA,NA,NA,NA,NA,NA,NA,NA,NA,NA,NA
0000948231316,9.610497924,2.36929495,0,Multi Serve,Non- Indulgent,Deluxe/Supreme,Deluxe/Supreme,Deluxe/Supreme/Meat Combo,Meat Combos,PL,PL,No Gluten Claim Present,Value,Rising Crust,32.7 Oz,Large (>= 30 Oz),Conv Oven,PL,PL,1 Ct,Box,No Vegan Claim Present,No Natural Claim Present,No Gmo Claim Present,No Organic Claim Present,No Plant based claim,No Preservative-Free Claim Present,Non BFY
0000020122053,8.21,4.0975,0,Multi Serve,NA,NA,NA,NA,NA,NA,NA,NA,NA,NA,NA,NA,NA,NA,NA,NA,NA,NA,NA,NA,NA,NA,NA,NA
0081735001018,415.1652983,22.37017575,0,Multi Serve,NA,NA,NA,NA,NA,NA,NA,NA,NA,NA,NA,NA,NA,NA,NA,NA,NA,NA,NA,NA,NA,NA,NA,NA
0000730955246,256040.4368,46880.47228,0,Multi Serve,NA,NA,NA,NA,NA,NA,NA,NA,NA,NA,NA,NA,NA,NA,NA,NA,NA,NA,NA,NA,NA,NA,NA,NA
0000186529586,0,0,0,Multi Serve,NA,NA,NA,NA,NA,NA,NA,NA,NA,NA,NA,NA,NA,NA,NA,NA,NA,NA,NA,NA,NA,NA,NA,NA
0001990372300,4528476.05,741095.786,0,Multi Serve,Non- Indulgent,Cheese/Plain,Others,Others,Cheese/Plain,Vegetarian,PL,No Gluten Claim Present,Value,Regular Crust,17.9 Oz,Small (<=20 Oz),Conv Oven,Thick/Original,Regular Crust,1 Ct,Box,No Vegan Claim Present,No Natural Claim Present,No Gmo Claim Present,No Organic Claim Present,No Plant based claim,No Preservative-Free Claim Present,Non BFY
0007192138403,0,0,1,Multi Serve,NA,NA,NA,NA,NA,NA,NA,NA,NA,NA,NA,NA,NA,NA,NA,NA,NA,NA,NA,NA,NA,NA,NA,NA
0007192154674,83.32068312,16.12535989,1,Multi Serve,NA,NA,NA,NA,NA,NA,NA,NA,NA,NA,NA,NA,NA,NA,NA,NA,NA,NA,NA,NA,NA,NA,NA,NA
0003870895284,114422.6673,16359.49415,0,Multi Serve,NA,NA,NA,NA,NA,NA,NA,NA,NA,NA,NA,NA,NA,NA,NA,NA,NA,NA,NA,NA,NA,NA,NA,NA
0061290036371,107087.4888,8887.737079,0,Multi Serve,NA,NA,NA,NA,NA,NA,NA,NA,NA,NA,NA,NA,NA,NA,NA,NA,NA,NA,NA,NA,NA,NA,NA,NA
0004980020859,0,0,0,Multi Serve,NA,NA,NA,NA,NA,NA,NA,NA,NA,NA,NA,NA,NA,NA,NA,NA,NA,NA,NA,NA,NA,NA,NA,NA
0007218063979,42756253.52,12764880.32,0,Multi Serve,Non- Indulgent,Pepperoni,Others,Others,Pepperoni,Non-Veg,Red Sauce,No Gluten Claim Present,Mid Tier,Rising Crust,27.35 Oz,Medium (20-30 Oz),Conv Oven,Thick/Original,Regular Crust,1 Ct,Box,No Vegan Claim Present,No Natural Claim Present,No Gmo Claim Present,No Organic Claim Present,No Plant based claim,No Preservative-Free Claim Present,Non BFY
0002182113345,0,0,0,Multi Serve,NA,NA,NA,NA,NA,NA,NA,NA,NA,NA,NA,NA,NA,NA,NA,NA,NA,NA,NA,NA,NA,NA,NA,NA
0000055101678,694863.5574,236211.6564,0,Multi Serve,Non- Indulgent,Chicken,Others,Others,Chicken,PL,PL,No Gluten Claim Present,Value,Rising Crust,26.9 Oz,Medium (20-30 Oz),Conv Oven,PL,PL,1 Ct,Box,No Vegan Claim Present,No Natural Claim Present,No Gmo Claim Present,No Organic Claim Present,No Plant based claim,No Preservative-Free Claim Present,Non BFY
0003952870028,0,0,0,Multi Serve,NA,NA,NA,NA,NA,NA,NA,NA,NA,NA,NA,NA,NA,NA,NA,NA,NA,NA,NA,NA,NA,NA,NA,NA
0007570630518,0,0,0,Multi Serve,NA,NA,NA,NA,NA,NA,NA,NA,NA,NA,NA,NA,NA,NA,NA,NA,NA,NA,NA,NA,NA,NA,NA,NA
0007218063342,6510734.748,1484709.988,0,Multi Serve,Non- Indulgent,Bacon,Others,Others,Bacon,Non-Veg,Red Sauce,No Gluten Claim Present,Value,Thin,15.39 Oz,Small (<=20 Oz),Conv Oven,Thin,Regular Crust,1 Ct,Box,No Vegan Claim Present,No Natural Claim Present,No Gmo Claim Present,No Organic Claim Present,No Plant based claim,No Preservative-Free Claim Present,Non BFY
0073178903522,0,0,0,Multi Serve,NA,NA,NA,NA,NA,NA,NA,NA,NA,NA,NA,NA,NA,NA,NA,NA,NA,NA,NA,NA,NA,NA,NA,NA
0061891511012,14081.2,2890.5,0,Multi Serve,NA,NA,NA,NA,NA,NA,NA,NA,NA,NA,NA,NA,NA,NA,NA,NA,NA,NA,NA,NA,NA,NA,NA,NA
0000850547314,143403.87,57751.45625,0,Multi Serve,NA,NA,NA,NA,NA,NA,NA,NA,NA,NA,NA,NA,NA,NA,NA,NA,NA,NA,NA,NA,NA,NA,NA,NA
0000595282429,8826.264777,1957.421087,0,Multi Serve,NA,NA,NA,NA,NA,NA,NA,NA,NA,NA,NA,NA,NA,NA,NA,NA,NA,NA,NA,NA,NA,NA,NA,NA
0007465329355,2026795.507,580527.3094,1,Multi Serve,Non- Indulgent,Cheese/Plain,Others,Others,Cheese/Plain,Vegetarian,NA,No Gluten Claim Present,Value,Rising Crust,25 Oz,Medium (20-30 Oz),Conv Oven,Thick/Original,NA,1 Ct,Over Wrap,No Vegan Claim Present,No Natural Claim Present,No Gmo Claim Present,No Organic Claim Present,No Plant based claim,No Preservative-Free Claim Present,Non BFY
0071921949471,0,0,1,Multi Serve,NA,NA,NA,NA,NA,NA,NA,NA,NA,NA,NA,NA,NA,NA,NA,NA,NA,NA,NA,NA,NA,NA,NA,NA
0002182112123,127419.5098,30401.95466,0,Multi Serve,NA,NA,NA,NA,NA,NA,NA,NA,NA,NA,NA,NA,NA,NA,NA,NA,NA,NA,NA,NA,NA,NA,NA,NA
0081496700005,7168.664515,1156.5626,0,Multi Serve,NA,NA,NA,NA,NA,NA,NA,NA,NA,NA,NA,NA,NA,NA,NA,NA,NA,NA,NA,NA,NA,NA,NA,NA
0000003934412,0,0,0,Multi Serve,NA,NA,NA,NA,NA,NA,NA,NA,NA,NA,NA,NA,NA,NA,NA,NA,NA,NA,NA,NA,NA,NA,NA,NA
0004219700206,6079501.398,1405244.604,0,Multi Serve,Indulgent,Meat Combos,Others,Deluxe/Supreme/Meat Combo,Bacon,Non-Veg,Red Sauce,No Gluten Claim Present,Mid Tier,Regular Crust,25.25 Oz,Medium (20-30 Oz),Conv Oven,Thick/Original,Regular Crust,1 Ct,Over Wrap,No Vegan Claim Present,No Natural Claim Present,No Gmo Claim Present,No Organic Claim Present,No Plant based claim,No Preservative-Free Claim Present,Non BFY
0081459801010,0,0,0,Multi Serve,NA,NA,NA,NA,NA,NA,NA,NA,NA,NA,NA,NA,NA,NA,NA,NA,NA,NA,NA,NA,NA,NA,NA,NA
0085003702204,476.0568013,50.65807561,0,Multi Serve,NA,NA,NA,NA,NA,NA,NA,NA,NA,NA,NA,NA,NA,NA,NA,NA,NA,NA,NA,NA,NA,NA,NA,NA
0007570630375,48839.87102,9885.2678,0,Multi Serve,NA,NA,NA,NA,NA,NA,NA,NA,NA,NA,NA,NA,NA,NA,NA,NA,NA,NA,NA,NA,NA,NA,NA,NA
0062845168431,0,0,0,Multi Serve,NA,NA,NA,NA,NA,NA,NA,NA,NA,NA,NA,NA,NA,NA,NA,NA,NA,NA,NA,NA,NA,NA,NA,NA
0000092292117,2.517121164,1.048800485,0,Multi Serve,NA,NA,NA,NA,NA,NA,NA,NA,NA,NA,NA,NA,NA,NA,NA,NA,NA,NA,NA,NA,NA,NA,NA,NA
0081475700005,0,0,0,Multi Serve,NA,NA,NA,NA,NA,NA,NA,NA,NA,NA,NA,NA,NA,NA,NA,NA,NA,NA,NA,NA,NA,NA,NA,NA
0000576968222,0,0,0,Multi Serve,NA,NA,NA,NA,NA,NA,NA,NA,NA,NA,NA,NA,NA,NA,NA,NA,NA,NA,NA,NA,NA,NA,NA,NA
0000453048575,844412.9162,266820.3828,0,Multi Serve,Non- Indulgent,Vegetarian,Others,Others,Vegetarian,Vegetarian,PL,No Gluten Claim Present,Value,Ao Crust,19.7 Oz,Small (<=20 Oz),PL,Thick/Original,PL,1 Ct,Box,No Vegan Claim Present,No Natural Claim Present,No Gmo Claim Present,PL,No Plant based claim,No Preservative-Free Claim Present,Non BFY
0003952890127,15696.42174,2269.152762,0,Multi Serve,NA,NA,NA,NA,NA,NA,NA,NA,NA,NA,NA,NA,NA,NA,NA,NA,NA,NA,NA,NA,NA,NA,NA,NA
0000000604045,0,0,0,Multi Serve,NA,NA,NA,NA,NA,NA,NA,NA,NA,NA,NA,NA,NA,NA,NA,NA,NA,NA,NA,NA,NA,NA,NA,NA
0005070600101,2143.849318,316.806662,0,Multi Serve,NA,NA,NA,NA,NA,NA,NA,NA,NA,NA,NA,NA,NA,NA,NA,NA,NA,NA,NA,NA,NA,NA,NA,NA
0000591191008,0,0,0,Multi Serve,NA,NA,NA,NA,NA,NA,NA,NA,NA,NA,NA,NA,NA,NA,NA,NA,NA,NA,NA,NA,NA,NA,NA,NA
0007570618010,0,0,0,Multi Serve,NA,NA,NA,NA,NA,NA,NA,NA,NA,NA,NA,NA,NA,NA,NA,NA,NA,NA,NA,NA,NA,NA,NA,NA
0085003208125,0,0,0,Multi Serve,NA,NA,NA,NA,NA,NA,NA,NA,NA,NA,NA,NA,NA,NA,NA,NA,NA,NA,NA,NA,NA,NA,NA,NA
0001024964252,85426.3,8396.40625,0,Multi Serve,NA,NA,NA,NA,NA,NA,NA,NA,NA,NA,NA,NA,NA,NA,NA,NA,NA,NA,NA,NA,NA,NA,NA,NA
0085161400621,0,0,0,Multi Serve,NA,NA,NA,NA,NA,NA,NA,NA,NA,NA,NA,NA,NA,NA,NA,NA,NA,NA,NA,NA,NA,NA,NA,NA
0000000603164,0,0,0,Multi Serve,NA,NA,NA,NA,NA,NA,NA,NA,NA,NA,NA,NA,NA,NA,NA,NA,NA,NA,NA,NA,NA,NA,NA,NA
0089784600240,0,0,0,Multi Serve,NA,NA,NA,NA,NA,NA,NA,NA,NA,NA,NA,NA,NA,NA,NA,NA,NA,NA,NA,NA,NA,NA,NA,NA
0000044469351,4.957159996,1.587840311,0,Multi Serve,NA,NA,NA,NA,NA,NA,NA,NA,NA,NA,NA,NA,NA,NA,NA,NA,NA,NA,NA,NA,NA,NA,NA,NA
0001220709895,1615.394304,293.2561232,0,Multi Serve,NA,NA,NA,NA,NA,NA,NA,NA,NA,NA,NA,NA,NA,NA,NA,NA,NA,NA,NA,NA,NA,NA,NA,NA
0007192164999,0,0,1,Multi Serve,NA,NA,NA,NA,NA,NA,NA,NA,NA,NA,NA,NA,NA,NA,NA,NA,NA,NA,NA,NA,NA,NA,NA,NA
0001077029705,329923.3382,100381.4861,0,Multi Serve,NA,NA,NA,NA,NA,NA,NA,NA,NA,NA,NA,NA,NA,NA,NA,NA,NA,NA,NA,NA,NA,NA,NA,NA
0001025007340,194.1880446,46.22978614,0,Multi Serve,NA,NA,NA,NA,NA,NA,NA,NA,NA,NA,NA,NA,NA,NA,NA,NA,NA,NA,NA,NA,NA,NA,NA,NA
0068376652280,223258.5239,29763.68565,0,Multi Serve,NA,NA,NA,NA,NA,NA,NA,NA,NA,NA,NA,NA,NA,NA,NA,NA,NA,NA,NA,NA,NA,NA,NA,NA
0004219700338,627265.0838,142239.4894,0,Multi Serve,Indulgent,Hamburger,Others,Others,Hamburger,Non-Veg,NA,No Gluten Claim Present,Mid Tier,Regular Crust,24.15 Oz,Medium (20-30 Oz),Conv Oven,Thin,NA,1 Ct,Over Wrap,No Vegan Claim Present,No Natural Claim Present,No Gmo Claim Present,No Organic Claim Present,No Plant based claim,No Preservative-Free Claim Present,Non BFY
0007570619105,3429642.095,758160.9616,0,Multi Serve,Non- Indulgent,Meat Combos,Others,Deluxe/Supreme/Meat Combo,Meat Combos,Non-Veg,Red Sauce,No Gluten Claim Present,Mid Tier,Regular Crust,23.56 Oz,Medium (20-30 Oz),Conv Oven,Thick/Original,Regular Crust,1 Ct,Box,No Vegan Claim Present,No Natural Claim Present,No Gmo Claim Present,No Organic Claim Present,No Plant based claim,No Preservative-Free Claim Present,Non BFY
0007218074155,3631451.073,712479.1389,0,Multi Serve,Non- Indulgent,Chicken,Others,Others,Chicken,Non-Veg,NA,No Gluten Claim Present,Value,Hand Tossed/Pizzeria Style,26.6 Oz,Medium (20-30 Oz),Conv Oven,Thick/Original,NA,1 Ct,Box,No Vegan Claim Present,No Natural Claim Present,No Gmo Claim Present,No Organic Claim Present,No Plant based claim,No Preservative-Free Claim Present,Non BFY
0000032414502,331.51,84.40625,0,Multi Serve,NA,NA,NA,NA,NA,NA,NA,NA,NA,NA,NA,NA,NA,NA,NA,NA,NA,NA,NA,NA,NA,NA,NA,NA
0000268043505,533916.0123,138610.7805,0,Multi Serve,Non- Indulgent,Chicken,Others,Others,Chicken,PL,PL,No Gluten Claim Present,Value,Regular Crust,19.1 Oz,Small (<=20 Oz),Conv Oven,PL,PL,1 Ct,Over Wrap,No Vegan Claim Present,No Natural Claim Present,No Gmo Claim Present,No Organic Claim Present,No Plant based claim,No Preservative-Free Claim Present,Non BFY
0007570630989,3504797.389,610242.9675,0,Multi Serve,Indulgent,Pepperoni,Others,Others,Pepperoni,Non-Veg,Red Sauce,No Gluten Claim Present,Mid Tier,Pan/Deep Dish Crust,26.45 Oz,Medium (20-30 Oz),Conv Oven,Thick/Original,Regular Crust,1 Ct,Box,No Vegan Claim Present,No Natural Claim Present,No Gmo Claim Present,No Organic Claim Present,No Plant based claim,No Preservative-Free Claim Present,Non BFY
0002146734654,0,0,0,Multi Serve,NA,NA,NA,NA,NA,NA,NA,NA,NA,NA,NA,NA,NA,NA,NA,NA,NA,NA,NA,NA,NA,NA,NA,NA
0000043346971,209507.2152,69456.58535,0,Multi Serve,NA,NA,NA,NA,NA,NA,NA,NA,NA,NA,NA,NA,NA,NA,NA,NA,NA,NA,NA,NA,NA,NA,NA,NA
0000019561485,467257.8623,156493.6099,0,Multi Serve,NA,NA,NA,NA,NA,NA,NA,NA,NA,NA,NA,NA,NA,NA,NA,NA,NA,NA,NA,NA,NA,NA,NA,NA
0001380053486,153702.4592,21911.37937,1,Multi Serve,NA,NA,NA,NA,NA,NA,NA,NA,NA,NA,NA,NA,NA,NA,NA,NA,NA,NA,NA,NA,NA,NA,NA,NA
0002066200608,231849.416,30684.67809,0,Multi Serve,Non- Indulgent,Vegetarian,Others,Others,Vegetarian,Vegetarian,NA,No Gluten Claim Present,Premium,Thin,15.1 Oz,Small (<=20 Oz),Conv Oven,Thin,NA,1 Ct,Box,No Vegan Claim Present,No Natural Claim Present,No Gmo Claim Present,No Organic Claim Present,No Plant based claim,Preservative-Free Claim,BFY
0002182114123,16562.89595,2835.242277,0,Multi Serve,NA,NA,NA,NA,NA,NA,NA,NA,NA,NA,NA,NA,NA,NA,NA,NA,NA,NA,NA,NA,NA,NA,NA,NA
0801429430193,0,0,0,Multi Serve,NA,NA,NA,NA,NA,NA,NA,NA,NA,NA,NA,NA,NA,NA,NA,NA,NA,NA,NA,NA,NA,NA,NA,NA
0000253032790,260979.6455,28054.81048,0,Multi Serve,NA,NA,NA,NA,NA,NA,NA,NA,NA,NA,NA,NA,NA,NA,NA,NA,NA,NA,NA,NA,NA,NA,NA,NA
0270070883086,0,0,1,Multi Serve,NA,NA,NA,NA,NA,NA,NA,NA,NA,NA,NA,NA,NA,NA,NA,NA,NA,NA,NA,NA,NA,NA,NA,NA
0000156334541,13.2683284,1.475918913,0,Multi Serve,NA,NA,NA,NA,NA,NA,NA,NA,NA,NA,NA,NA,NA,NA,NA,NA,NA,NA,NA,NA,NA,NA,NA,NA
0001202980329,165728.8252,54276.25465,0,Multi Serve,NA,NA,NA,NA,NA,NA,NA,NA,NA,NA,NA,NA,NA,NA,NA,NA,NA,NA,NA,NA,NA,NA,NA,NA
0000054075954,0,0,0,Multi Serve,Non- Indulgent,Ao Topping,Others,Others,Ao Topping,Vegetarian,PL,No Gluten Claim Present,Premium,Ao Crust,9.45 Oz,Small (<=20 Oz),Mw Or Conv Oven,PL,PL,1 Ct,Box,No Vegan Claim Present,No Natural Claim Present,No Gmo Claim Present,No Organic Claim Present,No Plant based claim,No Preservative-Free Claim Present,Non BFY
0000124713900,734848.8587,157123.2381,0,Multi Serve,Non- Indulgent,Ao Topping,Others,Others,Ao Topping,PL,PL,No Gluten Claim Present,Value,Regular Crust,15.52 Oz,Small (<=20 Oz),Conv Oven,PL,PL,1 Ct,Box,No Vegan Claim Present,No Natural Claim Present,No Gmo Claim Present,No Organic Claim Present,No Plant based claim,No Preservative-Free Claim Present,Non BFY
0069781201230,28766.80358,4147.071773,0,Multi Serve,NA,NA,NA,NA,NA,NA,NA,NA,NA,NA,NA,NA,NA,NA,NA,NA,NA,NA,NA,NA,NA,NA,NA,NA
0001996224691,0,0,0,Multi Serve,NA,NA,NA,NA,NA,NA,NA,NA,NA,NA,NA,NA,NA,NA,NA,NA,NA,NA,NA,NA,NA,NA,NA,NA
0001379016749,0,0,0,Multi Serve,NA,NA,NA,NA,NA,NA,NA,NA,NA,NA,NA,NA,NA,NA,NA,NA,NA,NA,NA,NA,NA,NA,NA,NA
0000868350292,0,0,0,Multi Serve,NA,NA,NA,NA,NA,NA,NA,NA,NA,NA,NA,NA,NA,NA,NA,NA,NA,NA,NA,NA,NA,NA,NA,NA
0085856600313,0,0,0,Multi Serve,NA,NA,NA,NA,NA,NA,NA,NA,NA,NA,NA,NA,NA,NA,NA,NA,NA,NA,NA,NA,NA,NA,NA,NA
0001076866202,20.2,15.5,0,Multi Serve,NA,NA,NA,NA,NA,NA,NA,NA,NA,NA,NA,NA,NA,NA,NA,NA,NA,NA,NA,NA,NA,NA,NA,NA
0003870895100,0,0,0,Multi Serve,NA,NA,NA,NA,NA,NA,NA,NA,NA,NA,NA,NA,NA,NA,NA,NA,NA,NA,NA,NA,NA,NA,NA,NA
0000006900039,0,0,0,Multi Serve,NA,NA,NA,NA,NA,NA,NA,NA,NA,NA,NA,NA,NA,NA,NA,NA,NA,NA,NA,NA,NA,NA,NA,NA
0085000107844,0,0,0,Multi Serve,NA,NA,NA,NA,NA,NA,NA,NA,NA,NA,NA,NA,NA,NA,NA,NA,NA,NA,NA,NA,NA,NA,NA,NA
0000668697319,0,0,0,Multi Serve,NA,NA,NA,NA,NA,NA,NA,NA,NA,NA,NA,NA,NA,NA,NA,NA,NA,NA,NA,NA,NA,NA,NA,NA
0001078295608,150995.6887,80096.58511,0,Multi Serve,NA,NA,NA,NA,NA,NA,NA,NA,NA,NA,NA,NA,NA,NA,NA,NA,NA,NA,NA,NA,NA,NA,NA,NA
0000197388287,0,0,0,Multi Serve,NA,NA,NA,NA,NA,NA,NA,NA,NA,NA,NA,NA,NA,NA,NA,NA,NA,NA,NA,NA,NA,NA,NA,NA
0000206218673,50015.52485,8830.918547,0,Multi Serve,NA,NA,NA,NA,NA,NA,NA,NA,NA,NA,NA,NA,NA,NA,NA,NA,NA,NA,NA,NA,NA,NA,NA,NA
0007192142873,1490592.052,233395.8354,1,Multi Serve,Non- Indulgent,Cheese/Plain,Others,Others,Cheese/Plain,Vegetarian,Red Sauce,No Gluten Claim Present,Mid Tier,Wood Fired,14.5 Oz,Small (<=20 Oz),Conv Oven,Thick/Original,Regular Crust,1 Ct,Box,No Vegan Claim Present,No Natural Claim Present,No Gmo Claim Present,No Organic Claim Present,No Plant based claim,No Preservative-Free Claim Present,Non BFY
0007192190716,5646277.233,952319.0376,1,Multi Serve,Non- Indulgent,Cheese/Plain,Others,Others,Cheese/Plain,Vegetarian,Red Sauce,No Gluten Claim Present,Mid Tier,Regular Crust,15.3 Oz,Small (<=20 Oz),Conv Oven,Thick/Original,Regular Crust,1 Ct,Box,No Vegan Claim Present,No Natural Claim Present,No Gmo Claim Present,No Organic Claim Present,No Plant based claim,No Preservative-Free Claim Present,Non BFY
0004227200100,9.291739163,0.760786504,0,Multi Serve,NA,NA,NA,NA,NA,NA,NA,NA,NA,NA,NA,NA,NA,NA,NA,NA,NA,NA,NA,NA,NA,NA,NA,NA
0000003970428,0,0,0,Multi Serve,NA,NA,NA,NA,NA,NA,NA,NA,NA,NA,NA,NA,NA,NA,NA,NA,NA,NA,NA,NA,NA,NA,NA,NA
0001069435219,24,17.63125,0,Multi Serve,NA,NA,NA,NA,NA,NA,NA,NA,NA,NA,NA,NA,NA,NA,NA,NA,NA,NA,NA,NA,NA,NA,NA,NA
0004570900031,1397.430303,244.9393683,0,Multi Serve,NA,NA,NA,NA,NA,NA,NA,NA,NA,NA,NA,NA,NA,NA,NA,NA,NA,NA,NA,NA,NA,NA,NA,NA
0007192177646,0,0,1,Multi Serve,NA,NA,NA,NA,NA,NA,NA,NA,NA,NA,NA,NA,NA,NA,NA,NA,NA,NA,NA,NA,NA,NA,NA,NA
0003870882427,0,0,0,Multi Serve,NA,NA,NA,NA,NA,NA,NA,NA,NA,NA,NA,NA,NA,NA,NA,NA,NA,NA,NA,NA,NA,NA,NA,NA
0001202780148,46432.80408,7025.882221,0,Multi Serve,NA,NA,NA,NA,NA,NA,NA,NA,NA,NA,NA,NA,NA,NA,NA,NA,NA,NA,NA,NA,NA,NA,NA,NA
0000466214456,0,0,0,Multi Serve,NA,NA,NA,NA,NA,NA,NA,NA,NA,NA,NA,NA,NA,NA,NA,NA,NA,NA,NA,NA,NA,NA,NA,NA
0079540415333,0,0,0,Multi Serve,NA,NA,NA,NA,NA,NA,NA,NA,NA,NA,NA,NA,NA,NA,NA,NA,NA,NA,NA,NA,NA,NA,NA,NA
0000495949769,9.00374657,2.157852796,0,Multi Serve,NA,NA,NA,NA,NA,NA,NA,NA,NA,NA,NA,NA,NA,NA,NA,NA,NA,NA,NA,NA,NA,NA,NA,NA
0086000788404,0,0,0,Multi Serve,NA,NA,NA,NA,NA,NA,NA,NA,NA,NA,NA,NA,NA,NA,NA,NA,NA,NA,NA,NA,NA,NA,NA,NA
0071375771660,0,0,0,Multi Serve,NA,NA,NA,NA,NA,NA,NA,NA,NA,NA,NA,NA,NA,NA,NA,NA,NA,NA,NA,NA,NA,NA,NA,NA
0002660513005,308380.2677,48288.66381,0,Multi Serve,NA,NA,NA,NA,NA,NA,NA,NA,NA,NA,NA,NA,NA,NA,NA,NA,NA,NA,NA,NA,NA,NA,NA,NA
0007192125223,4752744.939,1468469.912,1,Multi Serve,Non- Indulgent,Deluxe/Supreme,Deluxe/Supreme,Deluxe/Supreme/Meat Combo,Meat Combos,Non-Veg,Red Sauce,No Gluten Claim Present,Value,Regular Crust,20.8 Oz,Medium (20-30 Oz),Conv Oven,Thick/Original,Regular Crust,1 Ct,Box,No Vegan Claim Present,No Natural Claim Present,No Gmo Claim Present,No Organic Claim Present,No Plant based claim,No Preservative-Free Claim Present,Non BFY
0089928500014,0,0,0,Multi Serve,NA,NA,NA,NA,NA,NA,NA,NA,NA,NA,NA,NA,NA,NA,NA,NA,NA,NA,NA,NA,NA,NA,NA,NA
0088570901221,4538554.315,662873.2674,0,Multi Serve,NA,NA,NA,NA,NA,NA,NA,NA,NA,NA,NA,NA,NA,NA,NA,NA,NA,NA,NA,NA,NA,NA,NA,NA
0002660511113,348675.5317,62164.63441,0,Multi Serve,NA,NA,NA,NA,NA,NA,NA,NA,NA,NA,NA,NA,NA,NA,NA,NA,NA,NA,NA,NA,NA,NA,NA,NA
0004219700200,6261704.955,1361096.356,0,Multi Serve,Indulgent,Sausage,Others,Others,Sausage,Non-Veg,Red Sauce,No Gluten Claim Present,Mid Tier,Regular Crust,23.57 Oz,Medium (20-30 Oz),Conv Oven,Thick/Original,Regular Crust,1 Ct,Over Wrap,No Vegan Claim Present,No Natural Claim Present,No Gmo Claim Present,No Organic Claim Present,No Plant based claim,No Preservative-Free Claim Present,Non BFY
0000141548380,0,0,0,Multi Serve,NA,NA,NA,NA,NA,NA,NA,NA,NA,NA,NA,NA,NA,NA,NA,NA,NA,NA,NA,NA,NA,NA,NA,NA
0003952890121,3262886.832,559491.7576,0,Multi Serve,Indulgent,Cheese/Plain,Others,Others,Cheese/Plain,Vegetarian,Red Sauce,No Gluten Claim Present,Mid Tier,Pan/Deep Dish Crust,26 Oz,Medium (20-30 Oz),Conv Oven,Thick/Original,Regular Crust,1 Ct,Box,No Vegan Claim Present,No Natural Claim Present,No Gmo Claim Present,No Organic Claim Present,No Plant based claim,No Preservative-Free Claim Present,Non BFY
0001999979318,3863693.779,378280.9329,0,Multi Serve,Non- Indulgent,Cheese/Plain,Others,Others,Cheese/Plain,Vegetarian,PL,Gluten Free Claim,Premium,Veggie Crust,11.3 Oz,Small (<=20 Oz),Conv Oven,PL,PL,1 Ct,Box,No Vegan Claim Present,No Natural Claim Present,No Gmo Claim Present,No Organic Claim Present,No Plant based claim,No Preservative-Free Claim Present,BFY
0000349752977,1048094.641,352454.5733,0,Multi Serve,Non- Indulgent,Pepperoni,Others,Others,Pepperoni,PL,PL,No Gluten Claim Present,Value,Rising Crust,30 Oz,Medium (20-30 Oz),Conv Oven,PL,PL,1 Ct,Box,No Vegan Claim Present,No Natural Claim Present,No Gmo Claim Present,No Organic Claim Present,No Plant based claim,No Preservative-Free Claim Present,Non BFY
0064313010108,0,0,0,Multi Serve,NA,NA,NA,NA,NA,NA,NA,NA,NA,NA,NA,NA,NA,NA,NA,NA,NA,NA,NA,NA,NA,NA,NA,NA
0003870895191,39090.46261,5676.718457,0,Multi Serve,NA,NA,NA,NA,NA,NA,NA,NA,NA,NA,NA,NA,NA,NA,NA,NA,NA,NA,NA,NA,NA,NA,NA,NA
0007570630612,0,0,0,Multi Serve,NA,NA,NA,NA,NA,NA,NA,NA,NA,NA,NA,NA,NA,NA,NA,NA,NA,NA,NA,NA,NA,NA,NA,NA
0009350602882,607.7175799,91.24888587,0,Multi Serve,NA,NA,NA,NA,NA,NA,NA,NA,NA,NA,NA,NA,NA,NA,NA,NA,NA,NA,NA,NA,NA,NA,NA,NA
0000361739751,208.5708871,35.47797091,0,Multi Serve,NA,NA,NA,NA,NA,NA,NA,NA,NA,NA,NA,NA,NA,NA,NA,NA,NA,NA,NA,NA,NA,NA,NA,NA
0083041500908,0,0,0,Multi Serve,NA,NA,NA,NA,NA,NA,NA,NA,NA,NA,NA,NA,NA,NA,NA,NA,NA,NA,NA,NA,NA,NA,NA,NA
0002037350463,139.0841407,26.4187467,0,Multi Serve,NA,NA,NA,NA,NA,NA,NA,NA,NA,NA,NA,NA,NA,NA,NA,NA,NA,NA,NA,NA,NA,NA,NA,NA
0000000603524,0,0,0,Multi Serve,NA,NA,NA,NA,NA,NA,NA,NA,NA,NA,NA,NA,NA,NA,NA,NA,NA,NA,NA,NA,NA,NA,NA,NA
0007192188821,10739293.18,2146604.349,1,Multi Serve,Non- Indulgent,Cheese/Plain,Others,Others,Cheese/Plain,Vegetarian,Red Sauce,No Gluten Claim Present,Mid Tier,Regular Crust,17.7 Oz,Small (<=20 Oz),Conv Oven,Thick/Original,Regular Crust,1 Ct,Box,No Vegan Claim Present,No Natural Claim Present,No Gmo Claim Present,No Organic Claim Present,No Plant based claim,No Preservative-Free Claim Present,Non BFY
0086889800030,326783.2334,21104.47992,0,Multi Serve,NA,NA,NA,NA,NA,NA,NA,NA,NA,NA,NA,NA,NA,NA,NA,NA,NA,NA,NA,NA,NA,NA,NA,NA
0088570901016,59040.43087,8283.515317,0,Multi Serve,NA,NA,NA,NA,NA,NA,NA,NA,NA,NA,NA,NA,NA,NA,NA,NA,NA,NA,NA,NA,NA,NA,NA,NA
0007570630437,0,0,0,Multi Serve,NA,NA,NA,NA,NA,NA,NA,NA,NA,NA,NA,NA,NA,NA,NA,NA,NA,NA,NA,NA,NA,NA,NA,NA
0087037500511,18656702.64,3215945.998,0,Multi Serve,Indulgent,Cheese/Plain,Others,Others,Cheese/Plain,Vegetarian,Red Sauce,No Gluten Claim Present,Mid Tier,Pan/Deep Dish Crust,22.43 Oz,Medium (20-30 Oz),Conv Oven,Thick/Original,Regular Crust,1 Ct,Box,No Vegan Claim Present,No Natural Claim Present,No Gmo Claim Present,No Organic Claim Present,No Plant based claim,No Preservative-Free Claim Present,Non BFY
0003870882422,0,0,0,Multi Serve,NA,NA,NA,NA,NA,NA,NA,NA,NA,NA,NA,NA,NA,NA,NA,NA,NA,NA,NA,NA,NA,NA,NA,NA
0004786100005,3877155.184,513000.4815,0,Multi Serve,Non- Indulgent,Pepperoni,Others,Others,Pepperoni,Non-Veg,NA,No Gluten Claim Present,Premium,Regular Crust,17.31 Oz,Small (<=20 Oz),Conv Oven,Thick/Original,NA,1 Ct,Box,No Vegan Claim Present,No Natural Claim Present,No Gmo Claim Present,No Organic Claim Present,No Plant based claim,No Preservative-Free Claim Present,Non BFY
0004980016395,0,0,0,Multi Serve,NA,NA,NA,NA,NA,NA,NA,NA,NA,NA,NA,NA,NA,NA,NA,NA,NA,NA,NA,NA,NA,NA,NA,NA
0001205799021,0,0,0,Multi Serve,NA,NA,NA,NA,NA,NA,NA,NA,NA,NA,NA,NA,NA,NA,NA,NA,NA,NA,NA,NA,NA,NA,NA,NA
0007192127417,0,0,0,Multi Serve,NA,NA,NA,NA,NA,NA,NA,NA,NA,NA,NA,NA,NA,NA,NA,NA,NA,NA,NA,NA,NA,NA,NA,NA
0001034020857,48647.32262,10821.62327,0,Multi Serve,NA,NA,NA,NA,NA,NA,NA,NA,NA,NA,NA,NA,NA,NA,NA,NA,NA,NA,NA,NA,NA,NA,NA,NA
0083041500935,0,0,0,Multi Serve,NA,NA,NA,NA,NA,NA,NA,NA,NA,NA,NA,NA,NA,NA,NA,NA,NA,NA,NA,NA,NA,NA,NA,NA
0007192146283,0,0,1,Multi Serve,NA,NA,NA,NA,NA,NA,NA,NA,NA,NA,NA,NA,NA,NA,NA,NA,NA,NA,NA,NA,NA,NA,NA,NA
0001220709977,338.4374232,73.99922443,0,Multi Serve,NA,NA,NA,NA,NA,NA,NA,NA,NA,NA,NA,NA,NA,NA,NA,NA,NA,NA,NA,NA,NA,NA,NA,NA
0000091252265,32087.52963,5883.411524,0,Multi Serve,NA,NA,NA,NA,NA,NA,NA,NA,NA,NA,NA,NA,NA,NA,NA,NA,NA,NA,NA,NA,NA,NA,NA,NA
0000198555555,0,0,0,Multi Serve,NA,NA,NA,NA,NA,NA,NA,NA,NA,NA,NA,NA,NA,NA,NA,NA,NA,NA,NA,NA,NA,NA,NA,NA
0000685144818,29696.15282,4191.55475,0,Multi Serve,NA,NA,NA,NA,NA,NA,NA,NA,NA,NA,NA,NA,NA,NA,NA,NA,NA,NA,NA,NA,NA,NA,NA,NA
0085264200601,2326707.14,325284.489,0,Multi Serve,Non- Indulgent,Pepperoni,Others,Others,Pepperoni,Non-Veg,NA,No Gluten Claim Present,Premium,Regular Crust,16 Oz,Small (<=20 Oz),Conv Oven,Thick/Original,NA,1 Ct,Over Wrap,No Vegan Claim Present,No Natural Claim Present,No Gmo Claim Present,No Organic Claim Present,No Plant based claim,No Preservative-Free Claim Present,Non BFY
0085649700401,0,0,0,Multi Serve,NA,NA,NA,NA,NA,NA,NA,NA,NA,NA,NA,NA,NA,NA,NA,NA,NA,NA,NA,NA,NA,NA,NA,NA
0000335145181,38541.55,6042.225,0,Multi Serve,NA,NA,NA,NA,NA,NA,NA,NA,NA,NA,NA,NA,NA,NA,NA,NA,NA,NA,NA,NA,NA,NA,NA,NA
0007218056627,0,0,0,Multi Serve,NA,NA,NA,NA,NA,NA,NA,NA,NA,NA,NA,NA,NA,NA,NA,NA,NA,NA,NA,NA,NA,NA,NA,NA
0001215964569,0,0,0,Multi Serve,Non- Indulgent,Cheese/Plain,Others,Others,Cheese/Plain,Vegetarian,PL,No Gluten Claim Present,Value,Wood Fired,15 Oz,Small (<=20 Oz),Conv Oven,Thick/Original,PL,1 Ct,Box,No Vegan Claim Present,No Natural Claim Present,No Gmo Claim Present,No Organic Claim Present,PL,No Preservative-Free Claim Present,Non BFY
0803346232001,85144.23479,10792.42279,0,Multi Serve,NA,NA,NA,NA,NA,NA,NA,NA,NA,NA,NA,NA,NA,NA,NA,NA,NA,NA,NA,NA,NA,NA,NA,NA
0085001610715,0,0,0,Multi Serve,NA,NA,NA,NA,NA,NA,NA,NA,NA,NA,NA,NA,NA,NA,NA,NA,NA,NA,NA,NA,NA,NA,NA,NA
0000200381317,521271.6586,191628.738,0,Multi Serve,NA,NA,NA,NA,NA,NA,NA,NA,NA,NA,NA,NA,NA,NA,NA,NA,NA,NA,NA,NA,NA,NA,NA,NA
0007570630381,0,0,0,Multi Serve,NA,NA,NA,NA,NA,NA,NA,NA,NA,NA,NA,NA,NA,NA,NA,NA,NA,NA,NA,NA,NA,NA,NA,NA
0001136599405,9194.241822,2099.62415,0,Multi Serve,NA,NA,NA,NA,NA,NA,NA,NA,NA,NA,NA,NA,NA,NA,NA,NA,NA,NA,NA,NA,NA,NA,NA,NA
0000745758412,0,0,0,Multi Serve,NA,NA,NA,NA,NA,NA,NA,NA,NA,NA,NA,NA,NA,NA,NA,NA,NA,NA,NA,NA,NA,NA,NA,NA
0000266969792,0,0,0,Multi Serve,NA,NA,NA,NA,NA,NA,NA,NA,NA,NA,NA,NA,NA,NA,NA,NA,NA,NA,NA,NA,NA,NA,NA,NA
0071375771630,0,0,0,Multi Serve,NA,NA,NA,NA,NA,NA,NA,NA,NA,NA,NA,NA,NA,NA,NA,NA,NA,NA,NA,NA,NA,NA,NA,NA
0004309820165,2878.155262,570.1620864,0,Multi Serve,NA,NA,NA,NA,NA,NA,NA,NA,NA,NA,NA,NA,NA,NA,NA,NA,NA,NA,NA,NA,NA,NA,NA,NA
0000467399796,0,0,0,Multi Serve,NA,NA,NA,NA,NA,NA,NA,NA,NA,NA,NA,NA,NA,NA,NA,NA,NA,NA,NA,NA,NA,NA,NA,NA
0003870895299,428557.5628,58462.76547,0,Multi Serve,NA,NA,NA,NA,NA,NA,NA,NA,NA,NA,NA,NA,NA,NA,NA,NA,NA,NA,NA,NA,NA,NA,NA,NA
0067400700223,9785.239366,1030.544132,0,Multi Serve,NA,NA,NA,NA,NA,NA,NA,NA,NA,NA,NA,NA,NA,NA,NA,NA,NA,NA,NA,NA,NA,NA,NA,NA
0000114161361,0,0,0,Multi Serve,NA,NA,NA,NA,NA,NA,NA,NA,NA,NA,NA,NA,NA,NA,NA,NA,NA,NA,NA,NA,NA,NA,NA,NA
0019816895198,346179.5967,51284.05042,0,Multi Serve,NA,NA,NA,NA,NA,NA,NA,NA,NA,NA,NA,NA,NA,NA,NA,NA,NA,NA,NA,NA,NA,NA,NA,NA
0085587300853,0,0,0,Multi Serve,NA,NA,NA,NA,NA,NA,NA,NA,NA,NA,NA,NA,NA,NA,NA,NA,NA,NA,NA,NA,NA,NA,NA,NA
0002125393041,0,0,0,Multi Serve,Non- Indulgent,Deluxe/Supreme,Deluxe/Supreme,Deluxe/Supreme/Meat Combo,Meat Combos,PL,PL,No Gluten Claim Present,Value,Regular Crust,15.95 Oz,Small (<=20 Oz),Conv Oven,Thick/Original,Regular Crust,1 Ct,Box,No Vegan Claim Present,No Natural Claim Present,No Gmo Claim Present,No Organic Claim Present,No Plant based claim,No Preservative-Free Claim Present,Non BFY
0801429430332,0,0,0,Multi Serve,NA,NA,NA,NA,NA,NA,NA,NA,NA,NA,NA,NA,NA,NA,NA,NA,NA,NA,NA,NA,NA,NA,NA,NA
0001996224731,0,0,0,Multi Serve,NA,NA,NA,NA,NA,NA,NA,NA,NA,NA,NA,NA,NA,NA,NA,NA,NA,NA,NA,NA,NA,NA,NA,NA
0003913116891,8913624.671,1679327.495,0,Multi Serve,Non- Indulgent,Sausage,Others,Others,Sausage,Non-Veg,Red Sauce,No Gluten Claim Present,Premium,Thin,18.27 Oz,Small (<=20 Oz),Conv Oven,Thin,Regular Crust,1 Ct,Box,No Vegan Claim Present,No Natural Claim Present,No Gmo Claim Present,No Organic Claim Present,No Plant based claim,No Preservative-Free Claim Present,Non BFY
0089807500202,116.9525186,21.30650937,0,Multi Serve,NA,NA,NA,NA,NA,NA,NA,NA,NA,NA,NA,NA,NA,NA,NA,NA,NA,NA,NA,NA,NA,NA,NA,NA
0001674100064,0,0,1,Multi Serve,NA,NA,NA,NA,NA,NA,NA,NA,NA,NA,NA,NA,NA,NA,NA,NA,NA,NA,NA,NA,NA,NA,NA,NA
0272000021955,0,0,1,Multi Serve,NA,NA,NA,NA,NA,NA,NA,NA,NA,NA,NA,NA,NA,NA,NA,NA,NA,NA,NA,NA,NA,NA,NA,NA
0000202227092,122635.7687,36199.29819,0,Multi Serve,NA,NA,NA,NA,NA,NA,NA,NA,NA,NA,NA,NA,NA,NA,NA,NA,NA,NA,NA,NA,NA,NA,NA,NA
0085482600371,149666.5077,23704.02208,0,Multi Serve,NA,NA,NA,NA,NA,NA,NA,NA,NA,NA,NA,NA,NA,NA,NA,NA,NA,NA,NA,NA,NA,NA,NA,NA
0000452879494,858458.9932,136059.4668,0,Multi Serve,Non- Indulgent,Cheese/Plain,Others,Others,Cheese/Plain,PL,PL,No Gluten Claim Present,Value,Thin,11.9 Oz,Small (<=20 Oz),Conv Oven,PL,PL,1 Ct,Box,No Vegan Claim Present,No Natural Claim Present,No Gmo Claim Present,No Organic Claim Present,No Plant based claim,No Preservative-Free Claim Present,Non BFY
0007218063429,125985007.5,34595561.03,0,Multi Serve,Non- Indulgent,Cheese/Plain,Others,Others,Cheese/Plain,Vegetarian,Red Sauce,No Gluten Claim Present,Value,Regular Crust,21.06 Oz,Medium (20-30 Oz),Conv Oven,Thick/Original,Regular Crust,1 Ct,Box,No Vegan Claim Present,No Natural Claim Present,No Gmo Claim Present,No Organic Claim Present,No Plant based claim,No Preservative-Free Claim Present,Non BFY
0073621196789,0,0,0,Multi Serve,NA,NA,NA,NA,NA,NA,NA,NA,NA,NA,NA,NA,NA,NA,NA,NA,NA,NA,NA,NA,NA,NA,NA,NA
0000798610012,13450.0994,3110.128676,0,Multi Serve,NA,NA,NA,NA,NA,NA,NA,NA,NA,NA,NA,NA,NA,NA,NA,NA,NA,NA,NA,NA,NA,NA,NA,NA
0086001005540,27340.68579,5305.960783,0,Multi Serve,NA,NA,NA,NA,NA,NA,NA,NA,NA,NA,NA,NA,NA,NA,NA,NA,NA,NA,NA,NA,NA,NA,NA,NA
0064313040015,0,0,0,Multi Serve,NA,NA,NA,NA,NA,NA,NA,NA,NA,NA,NA,NA,NA,NA,NA,NA,NA,NA,NA,NA,NA,NA,NA,NA
0007192125825,9411558.266,1518933.096,1,Multi Serve,Non- Indulgent,Meat Combos,Others,Deluxe/Supreme/Meat Combo,Meat Combos,Non-Veg,Red Sauce,No Gluten Claim Present,Mid Tier,Stuffed Crust,21.4 Oz,Medium (20-30 Oz),Conv Oven,Thick/Original,Regular Crust,1 Ct,Box,No Vegan Claim Present,No Natural Claim Present,No Gmo Claim Present,No Organic Claim Present,No Plant based claim,No Preservative-Free Claim Present,Non BFY
0000339401643,0,0,0,Multi Serve,NA,NA,NA,NA,NA,NA,NA,NA,NA,NA,NA,NA,NA,NA,NA,NA,NA,NA,NA,NA,NA,NA,NA,NA
0005843120460,0,0,0,Multi Serve,NA,NA,NA,NA,NA,NA,NA,NA,NA,NA,NA,NA,NA,NA,NA,NA,NA,NA,NA,NA,NA,NA,NA,NA
0007192126374,0,0,0,Multi Serve,NA,NA,NA,NA,NA,NA,NA,NA,NA,NA,NA,NA,NA,NA,NA,NA,NA,NA,NA,NA,NA,NA,NA,NA
0000901450973,389208.5536,162576.2401,0,Multi Serve,NA,NA,NA,NA,NA,NA,NA,NA,NA,NA,NA,NA,NA,NA,NA,NA,NA,NA,NA,NA,NA,NA,NA,NA
0003952890158,75585.51765,8237.88738,0,Multi Serve,NA,NA,NA,NA,NA,NA,NA,NA,NA,NA,NA,NA,NA,NA,NA,NA,NA,NA,NA,NA,NA,NA,NA,NA
0085005505802,114365.2961,10809.41393,0,Multi Serve,NA,NA,NA,NA,NA,NA,NA,NA,NA,NA,NA,NA,NA,NA,NA,NA,NA,NA,NA,NA,NA,NA,NA,NA
0000926769628,0,0,0,Multi Serve,NA,NA,NA,NA,NA,NA,NA,NA,NA,NA,NA,NA,NA,NA,NA,NA,NA,NA,NA,NA,NA,NA,NA,NA
0004227201169,0,0,0,Multi Serve,NA,NA,NA,NA,NA,NA,NA,NA,NA,NA,NA,NA,NA,NA,NA,NA,NA,NA,NA,NA,NA,NA,NA,NA
0085922500305,0,0,0,Multi Serve,NA,NA,NA,NA,NA,NA,NA,NA,NA,NA,NA,NA,NA,NA,NA,NA,NA,NA,NA,NA,NA,NA,NA,NA
0007570630740,30358.3166,6429.094429,0,Multi Serve,NA,NA,NA,NA,NA,NA,NA,NA,NA,NA,NA,NA,NA,NA,NA,NA,NA,NA,NA,NA,NA,NA,NA,NA
0086635000006,8392.864482,718.552297,0,Multi Serve,NA,NA,NA,NA,NA,NA,NA,NA,NA,NA,NA,NA,NA,NA,NA,NA,NA,NA,NA,NA,NA,NA,NA,NA
0087282400983,0,0,0,Multi Serve,NA,NA,NA,NA,NA,NA,NA,NA,NA,NA,NA,NA,NA,NA,NA,NA,NA,NA,NA,NA,NA,NA,NA,NA
0000723418006,0,0,0,Multi Serve,NA,NA,NA,NA,NA,NA,NA,NA,NA,NA,NA,NA,NA,NA,NA,NA,NA,NA,NA,NA,NA,NA,NA,NA
0076584700603,74.59865235,13.56743998,0,Multi Serve,NA,NA,NA,NA,NA,NA,NA,NA,NA,NA,NA,NA,NA,NA,NA,NA,NA,NA,NA,NA,NA,NA,NA,NA
0003913116871,2016167.331,556875.7969,0,Multi Serve,Non- Indulgent,Sausage,Others,Others,Sausage,Non-Veg,NA,No Gluten Claim Present,Premium,Thin,54.81 Oz,Large (>= 30 Oz),Conv Oven,Thin,NA,3 Ct,Bag In Box,No Vegan Claim Present,No Natural Claim Present,No Gmo Claim Present,No Organic Claim Present,No Plant based claim,No Preservative-Free Claim Present,Non BFY
0001202980331,144011.15,53429.37979,0,Multi Serve,NA,NA,NA,NA,NA,NA,NA,NA,NA,NA,NA,NA,NA,NA,NA,NA,NA,NA,NA,NA,NA,NA,NA,NA
0003870895203,0,0,0,Multi Serve,NA,NA,NA,NA,NA,NA,NA,NA,NA,NA,NA,NA,NA,NA,NA,NA,NA,NA,NA,NA,NA,NA,NA,NA
0007465323734,0,0,1,Multi Serve,NA,NA,NA,NA,NA,NA,NA,NA,NA,NA,NA,NA,NA,NA,NA,NA,NA,NA,NA,NA,NA,NA,NA,NA
0004786100015,4038.532804,418.2618961,0,Multi Serve,NA,NA,NA,NA,NA,NA,NA,NA,NA,NA,NA,NA,NA,NA,NA,NA,NA,NA,NA,NA,NA,NA,NA,NA
0003913116968,0,0,0,Multi Serve,NA,NA,NA,NA,NA,NA,NA,NA,NA,NA,NA,NA,NA,NA,NA,NA,NA,NA,NA,NA,NA,NA,NA,NA
0085448400800,0,0,0,Multi Serve,NA,NA,NA,NA,NA,NA,NA,NA,NA,NA,NA,NA,NA,NA,NA,NA,NA,NA,NA,NA,NA,NA,NA,NA
0008355408445,0,0,0,Multi Serve,NA,NA,NA,NA,NA,NA,NA,NA,NA,NA,NA,NA,NA,NA,NA,NA,NA,NA,NA,NA,NA,NA,NA,NA
0000122960052,0,0,0,Multi Serve,NA,NA,NA,NA,NA,NA,NA,NA,NA,NA,NA,NA,NA,NA,NA,NA,NA,NA,NA,NA,NA,NA,NA,NA
0000054141745,0,0,0,Multi Serve,NA,NA,NA,NA,NA,NA,NA,NA,NA,NA,NA,NA,NA,NA,NA,NA,NA,NA,NA,NA,NA,NA,NA,NA
0000273998919,60.39,12.58125,0,Multi Serve,NA,NA,NA,NA,NA,NA,NA,NA,NA,NA,NA,NA,NA,NA,NA,NA,NA,NA,NA,NA,NA,NA,NA,NA
0000467413259,0,0,0,Multi Serve,NA,NA,NA,NA,NA,NA,NA,NA,NA,NA,NA,NA,NA,NA,NA,NA,NA,NA,NA,NA,NA,NA,NA,NA
0007218056720,0,0,0,Multi Serve,NA,NA,NA,NA,NA,NA,NA,NA,NA,NA,NA,NA,NA,NA,NA,NA,NA,NA,NA,NA,NA,NA,NA,NA
0004219700388,936604.0828,205379.686,0,Multi Serve,NA,NA,NA,NA,NA,NA,NA,NA,NA,NA,NA,NA,NA,NA,NA,NA,NA,NA,NA,NA,NA,NA,NA,NA
0086000931960,712.8160285,283.8284594,0,Multi Serve,NA,NA,NA,NA,NA,NA,NA,NA,NA,NA,NA,NA,NA,NA,NA,NA,NA,NA,NA,NA,NA,NA,NA,NA
0801429430351,0,0,0,Multi Serve,NA,NA,NA,NA,NA,NA,NA,NA,NA,NA,NA,NA,NA,NA,NA,NA,NA,NA,NA,NA,NA,NA,NA,NA
0000141373243,795554.9733,197925.9704,0,Multi Serve,NA,NA,NA,NA,NA,NA,NA,NA,NA,NA,NA,NA,NA,NA,NA,NA,NA,NA,NA,NA,NA,NA,NA,NA
0085955300449,0,0,0,Multi Serve,NA,NA,NA,NA,NA,NA,NA,NA,NA,NA,NA,NA,NA,NA,NA,NA,NA,NA,NA,NA,NA,NA,NA,NA
0007218063052,14124356.49,3804010.292,0,Multi Serve,Non- Indulgent,Pepperoni,Others,Others,Pepperoni,Non-Veg,Red Sauce,No Gluten Claim Present,Mid Tier,Wood Fired,22.7 Oz,Medium (20-30 Oz),Conv Oven,Thick/Original,Regular Crust,1 Ct,Box,No Vegan Claim Present,No Natural Claim Present,No Gmo Claim Present,No Organic Claim Present,No Plant based claim,No Preservative-Free Claim Present,Non BFY
0506019864308,0,0,0,Multi Serve,NA,NA,NA,NA,NA,NA,NA,NA,NA,NA,NA,NA,NA,NA,NA,NA,NA,NA,NA,NA,NA,NA,NA,NA
0078510412654,104079.3553,16048.70354,0,Multi Serve,NA,NA,NA,NA,NA,NA,NA,NA,NA,NA,NA,NA,NA,NA,NA,NA,NA,NA,NA,NA,NA,NA,NA,NA
0007192188207,0,0,1,Multi Serve,NA,NA,NA,NA,NA,NA,NA,NA,NA,NA,NA,NA,NA,NA,NA,NA,NA,NA,NA,NA,NA,NA,NA,NA
0000497509992,912336.1145,224308.5453,0,Multi Serve,Non- Indulgent,Vegetarian,Others,Others,Vegetarian,Vegetarian,PL,No Gluten Claim Present,Value,Thin,11.39 Oz,Small (<=20 Oz),Conv Oven,Thin,PL,1 Ct,Box,No Vegan Claim Present,No Natural Claim Present,No Gmo Claim Present,PL,No Plant based claim,No Preservative-Free Claim Present,Non BFY
0000141373098,5.156940521,0.826764011,0,Multi Serve,NA,NA,NA,NA,NA,NA,NA,NA,NA,NA,NA,NA,NA,NA,NA,NA,NA,NA,NA,NA,NA,NA,NA,NA
0007570616501,3593589.156,582328.1827,0,Multi Serve,Non- Indulgent,Pepperoni,Others,Others,Pepperoni,Non-Veg,Red Sauce,No Gluten Claim Present,Premium,Thin,14.2 Oz,Small (<=20 Oz),Conv Oven,Thin,NA,1 Ct,Box,No Vegan Claim Present,No Natural Claim Present,No Gmo Claim Present,No Organic Claim Present,No Plant based claim,No Preservative-Free Claim Present,Non BFY
0007192134420,938413.6856,139827.5769,1,Multi Serve,Non- Indulgent,Pepperoni,Others,Others,Pepperoni,Non-Veg,Red Sauce,No Gluten Claim Present,Mid Tier,Thin,14.1 Oz,Small (<=20 Oz),Conv Oven,Thin,Regular Crust,1 Ct,Box,No Vegan Claim Present,No Natural Claim Present,No Gmo Claim Present,No Organic Claim Present,No Plant based claim,No Preservative-Free Claim Present,Non BFY
0005073205155,96323.45318,17981.05353,0,Multi Serve,NA,NA,NA,NA,NA,NA,NA,NA,NA,NA,NA,NA,NA,NA,NA,NA,NA,NA,NA,NA,NA,NA,NA,NA
0086340400027,31902.15167,3765.619217,0,Multi Serve,NA,NA,NA,NA,NA,NA,NA,NA,NA,NA,NA,NA,NA,NA,NA,NA,NA,NA,NA,NA,NA,NA,NA,NA
0000701517142,155.61,36.5625,0,Multi Serve,NA,NA,NA,NA,NA,NA,NA,NA,NA,NA,NA,NA,NA,NA,NA,NA,NA,NA,NA,NA,NA,NA,NA,NA
0005070600010,20630.25356,2579.905573,0,Multi Serve,NA,NA,NA,NA,NA,NA,NA,NA,NA,NA,NA,NA,NA,NA,NA,NA,NA,NA,NA,NA,NA,NA,NA,NA
0004227200801,5015168.171,445877.0805,0,Multi Serve,Non- Indulgent,Cheese/Plain,Others,Others,Cheese/Plain,Vegetarian,NA,No Gluten Claim Present,Premium,Regular Crust,13.5 Oz,Small (<=20 Oz),Conv Oven,Thick/Original,NA,1 Ct,Box,No Vegan Claim Present,No Natural Claim Present,Non-Gmo Claim,No Organic Claim Present,Plant-Based Protein Claim,No Preservative-Free Claim Present,BFY
0004219700020,19.92,6.55,0,Multi Serve,NA,NA,NA,NA,NA,NA,NA,NA,NA,NA,NA,NA,NA,NA,NA,NA,NA,NA,NA,NA,NA,NA,NA,NA
0061604367790,7424.674163,1185.526639,0,Multi Serve,NA,NA,NA,NA,NA,NA,NA,NA,NA,NA,NA,NA,NA,NA,NA,NA,NA,NA,NA,NA,NA,NA,NA,NA
0002660511118,283922.6494,55910.56444,0,Multi Serve,NA,NA,NA,NA,NA,NA,NA,NA,NA,NA,NA,NA,NA,NA,NA,NA,NA,NA,NA,NA,NA,NA,NA,NA
0001284304759,0,0,0,Multi Serve,NA,NA,NA,NA,NA,NA,NA,NA,NA,NA,NA,NA,NA,NA,NA,NA,NA,NA,NA,NA,NA,NA,NA,NA
0085264200604,358375.153,49690.19052,0,Multi Serve,NA,NA,NA,NA,NA,NA,NA,NA,NA,NA,NA,NA,NA,NA,NA,NA,NA,NA,NA,NA,NA,NA,NA,NA
0003870895287,65053.81686,13397.67544,0,Multi Serve,NA,NA,NA,NA,NA,NA,NA,NA,NA,NA,NA,NA,NA,NA,NA,NA,NA,NA,NA,NA,NA,NA,NA,NA
0064313030715,4163433.262,1071723.14,0,Multi Serve,Indulgent,Meat Combos,Others,Deluxe/Supreme/Meat Combo,Meat Combos,Non-Veg,Red Sauce,No Gluten Claim Present,Mid Tier,Pan/Deep Dish Crust,32 Oz,Large (>= 30 Oz),Conv Oven,Thick/Original,Regular Crust,1 Ct,Box,No Vegan Claim Present,Natural Claim Present,No Gmo Claim Present,No Organic Claim Present,No Plant based claim,Preservative-Free Claim,BFY
0000026931748,554380.9009,177312.7261,0,Multi Serve,NA,NA,NA,NA,NA,NA,NA,NA,NA,NA,NA,NA,NA,NA,NA,NA,NA,NA,NA,NA,NA,NA,NA,NA
0000029644094,131474.4217,15234.03324,0,Multi Serve,NA,NA,NA,NA,NA,NA,NA,NA,NA,NA,NA,NA,NA,NA,NA,NA,NA,NA,NA,NA,NA,NA,NA,NA
0002660512000,250.2170493,46.10072406,0,Multi Serve,NA,NA,NA,NA,NA,NA,NA,NA,NA,NA,NA,NA,NA,NA,NA,NA,NA,NA,NA,NA,NA,NA,NA,NA
0004300008077,0,0,0,Multi Serve,NA,NA,NA,NA,NA,NA,NA,NA,NA,NA,NA,NA,NA,NA,NA,NA,NA,NA,NA,NA,NA,NA,NA,NA
0001477700598,0,0,0,Multi Serve,NA,NA,NA,NA,NA,NA,NA,NA,NA,NA,NA,NA,NA,NA,NA,NA,NA,NA,NA,NA,NA,NA,NA,NA
0086195604003,4672.553111,730.5430129,0,Multi Serve,NA,NA,NA,NA,NA,NA,NA,NA,NA,NA,NA,NA,NA,NA,NA,NA,NA,NA,NA,NA,NA,NA,NA,NA
0082900600013,16296.55075,2281.199299,0,Multi Serve,NA,NA,NA,NA,NA,NA,NA,NA,NA,NA,NA,NA,NA,NA,NA,NA,NA,NA,NA,NA,NA,NA,NA,NA
0000353766358,0,0,0,Multi Serve,NA,NA,NA,NA,NA,NA,NA,NA,NA,NA,NA,NA,NA,NA,NA,NA,NA,NA,NA,NA,NA,NA,NA,NA
0000353443595,67.52182109,11.42913458,0,Multi Serve,NA,NA,NA,NA,NA,NA,NA,NA,NA,NA,NA,NA,NA,NA,NA,NA,NA,NA,NA,NA,NA,NA,NA,NA
0001190182966,305939.8959,112445.989,0,Multi Serve,Non- Indulgent,Chicken,Others,Others,Chicken,PL,PL,No Gluten Claim Present,Value,Rising Crust,28.76 Oz,Medium (20-30 Oz),Conv Oven,PL,PL,1 Ct,Box,No Vegan Claim Present,No Natural Claim Present,No Gmo Claim Present,No Organic Claim Present,PL,No Preservative-Free Claim Present,Non BFY
0002228122141,31185.61205,5563.803119,0,Multi Serve,NA,NA,NA,NA,NA,NA,NA,NA,NA,NA,NA,NA,NA,NA,NA,NA,NA,NA,NA,NA,NA,NA,NA,NA
0000332927707,521198.8741,76540.41034,0,Multi Serve,NA,NA,NA,NA,NA,NA,NA,NA,NA,NA,NA,NA,NA,NA,NA,NA,NA,NA,NA,NA,NA,NA,NA,NA
0007570630640,0,0,0,Multi Serve,NA,NA,NA,NA,NA,NA,NA,NA,NA,NA,NA,NA,NA,NA,NA,NA,NA,NA,NA,NA,NA,NA,NA,NA
0019685229173,78725.28979,9188.336352,0,Multi Serve,NA,NA,NA,NA,NA,NA,NA,NA,NA,NA,NA,NA,NA,NA,NA,NA,NA,NA,NA,NA,NA,NA,NA,NA
0007218063341,0,0,0,Multi Serve,NA,NA,NA,NA,NA,NA,NA,NA,NA,NA,NA,NA,NA,NA,NA,NA,NA,NA,NA,NA,NA,NA,NA,NA
0001215680288,388613.7574,72815.35941,0,Multi Serve,Non- Indulgent,Ao Topping,Others,Others,Ao Topping,PL,PL,No Gluten Claim Present,Value,Thin,17.5 Oz,Small (<=20 Oz),Conv Oven,PL,PL,1 Ct,Box,No Vegan Claim Present,No Natural Claim Present,No Gmo Claim Present,No Organic Claim Present,PL,No Preservative-Free Claim Present,Non BFY
0000734072820,0,0,0,Multi Serve,NA,NA,NA,NA,NA,NA,NA,NA,NA,NA,NA,NA,NA,NA,NA,NA,NA,NA,NA,NA,NA,NA,NA,NA
0000023567499,0,0,0,Multi Serve,NA,NA,NA,NA,NA,NA,NA,NA,NA,NA,NA,NA,NA,NA,NA,NA,NA,NA,NA,NA,NA,NA,NA,NA
0001201698261,58214.71619,10353.18266,0,Multi Serve,NA,NA,NA,NA,NA,NA,NA,NA,NA,NA,NA,NA,NA,NA,NA,NA,NA,NA,NA,NA,NA,NA,NA,NA
0085448400818,39638.90796,2997.855404,0,Multi Serve,NA,NA,NA,NA,NA,NA,NA,NA,NA,NA,NA,NA,NA,NA,NA,NA,NA,NA,NA,NA,NA,NA,NA,NA
0001202973000,93848.18023,28351.8278,0,Multi Serve,NA,NA,NA,NA,NA,NA,NA,NA,NA,NA,NA,NA,NA,NA,NA,NA,NA,NA,NA,NA,NA,NA,NA,NA
0085000446801,40600.52609,4716.283685,0,Multi Serve,NA,NA,NA,NA,NA,NA,NA,NA,NA,NA,NA,NA,NA,NA,NA,NA,NA,NA,NA,NA,NA,NA,NA,NA
0069781201263,0,0,0,Multi Serve,NA,NA,NA,NA,NA,NA,NA,NA,NA,NA,NA,NA,NA,NA,NA,NA,NA,NA,NA,NA,NA,NA,NA,NA
0001137797154,1833494.411,178662.0568,0,Multi Serve,NA,NA,NA,NA,NA,NA,NA,NA,NA,NA,NA,NA,NA,NA,NA,NA,NA,NA,NA,NA,NA,NA,NA,NA
0001477703399,0,0,0,Multi Serve,NA,NA,NA,NA,NA,NA,NA,NA,NA,NA,NA,NA,NA,NA,NA,NA,NA,NA,NA,NA,NA,NA,NA,NA
0000044594156,0,0,0,Multi Serve,NA,NA,NA,NA,NA,NA,NA,NA,NA,NA,NA,NA,NA,NA,NA,NA,NA,NA,NA,NA,NA,NA,NA,NA
0001130598335,217016.5222,35513.40848,0,Multi Serve,NA,NA,NA,NA,NA,NA,NA,NA,NA,NA,NA,NA,NA,NA,NA,NA,NA,NA,NA,NA,NA,NA,NA,NA
0000296775703,185.6489506,36.73936581,0,Multi Serve,NA,NA,NA,NA,NA,NA,NA,NA,NA,NA,NA,NA,NA,NA,NA,NA,NA,NA,NA,NA,NA,NA,NA,NA
0000465504155,1377.328812,215.7910426,0,Multi Serve,NA,NA,NA,NA,NA,NA,NA,NA,NA,NA,NA,NA,NA,NA,NA,NA,NA,NA,NA,NA,NA,NA,NA,NA
0000195584474,823319.1166,313899.3061,0,Multi Serve,Non- Indulgent,Cheese/Plain,Others,Others,Cheese/Plain,PL,PL,No Gluten Claim Present,Value,Rising Crust,28.2 Oz,Medium (20-30 Oz),Conv Oven,PL,PL,1 Ct,Box,No Vegan Claim Present,No Natural Claim Present,No Gmo Claim Present,No Organic Claim Present,No Plant based claim,No Preservative-Free Claim Present,Non BFY
0001674174330,0,0,1,Multi Serve,NA,NA,NA,NA,NA,NA,NA,NA,NA,NA,NA,NA,NA,NA,NA,NA,NA,NA,NA,NA,NA,NA,NA,NA
0002182113567,0,0,0,Multi Serve,NA,NA,NA,NA,NA,NA,NA,NA,NA,NA,NA,NA,NA,NA,NA,NA,NA,NA,NA,NA,NA,NA,NA,NA
0076584700604,32.86507058,6.11541537,0,Multi Serve,NA,NA,NA,NA,NA,NA,NA,NA,NA,NA,NA,NA,NA,NA,NA,NA,NA,NA,NA,NA,NA,NA,NA,NA
0007671344425,68.31548859,9.264745048,0,Multi Serve,NA,NA,NA,NA,NA,NA,NA,NA,NA,NA,NA,NA,NA,NA,NA,NA,NA,NA,NA,NA,NA,NA,NA,NA
0000933138660,8376716.823,1530014.971,0,Multi Serve,Non- Indulgent,Cheese/Plain,Others,Others,Cheese/Plain,Vegetarian,PL,No Gluten Claim Present,Value,Stuffed Crust,22.35 Oz,Medium (20-30 Oz),Conv Oven,PL,PL,1 Ct,Box,No Vegan Claim Present,No Natural Claim Present,No Gmo Claim Present,No Organic Claim Present,No Plant based claim,No Preservative-Free Claim Present,Non BFY
0003913116978,0,0,0,Multi Serve,NA,NA,NA,NA,NA,NA,NA,NA,NA,NA,NA,NA,NA,NA,NA,NA,NA,NA,NA,NA,NA,NA,NA,NA
0001199923726,0,0,0,Multi Serve,NA,NA,NA,NA,NA,NA,NA,NA,NA,NA,NA,NA,NA,NA,NA,NA,NA,NA,NA,NA,NA,NA,NA,NA
0004219700005,0,0,0,Multi Serve,NA,NA,NA,NA,NA,NA,NA,NA,NA,NA,NA,NA,NA,NA,NA,NA,NA,NA,NA,NA,NA,NA,NA,NA
0007192164768,0,0,1,Multi Serve,NA,NA,NA,NA,NA,NA,NA,NA,NA,NA,NA,NA,NA,NA,NA,NA,NA,NA,NA,NA,NA,NA,NA,NA
0000470801261,472981.9699,97642.02955,0,Multi Serve,NA,NA,NA,NA,NA,NA,NA,NA,NA,NA,NA,NA,NA,NA,NA,NA,NA,NA,NA,NA,NA,NA,NA,NA
0085001392212,160725.2005,34582.82937,0,Multi Serve,NA,NA,NA,NA,NA,NA,NA,NA,NA,NA,NA,NA,NA,NA,NA,NA,NA,NA,NA,NA,NA,NA,NA,NA
0001170298077,0,0,0,Multi Serve,NA,NA,NA,NA,NA,NA,NA,NA,NA,NA,NA,NA,NA,NA,NA,NA,NA,NA,NA,NA,NA,NA,NA,NA
0075234957414,115455.6221,16493.60981,0,Multi Serve,NA,NA,NA,NA,NA,NA,NA,NA,NA,NA,NA,NA,NA,NA,NA,NA,NA,NA,NA,NA,NA,NA,NA,NA
0086001005546,18092.44976,2649.355721,0,Multi Serve,NA,NA,NA,NA,NA,NA,NA,NA,NA,NA,NA,NA,NA,NA,NA,NA,NA,NA,NA,NA,NA,NA,NA,NA
0001570303781,2028.208134,456.8036337,0,Multi Serve,NA,NA,NA,NA,NA,NA,NA,NA,NA,NA,NA,NA,NA,NA,NA,NA,NA,NA,NA,NA,NA,NA,NA,NA
0000013042364,0,0,0,Multi Serve,NA,NA,NA,NA,NA,NA,NA,NA,NA,NA,NA,NA,NA,NA,NA,NA,NA,NA,NA,NA,NA,NA,NA,NA
0000922359046,633713.2347,183177.9481,0,Multi Serve,NA,NA,NA,NA,NA,NA,NA,NA,NA,NA,NA,NA,NA,NA,NA,NA,NA,NA,NA,NA,NA,NA,NA,NA
0007218063737,0,0,0,Multi Serve,NA,NA,NA,NA,NA,NA,NA,NA,NA,NA,NA,NA,NA,NA,NA,NA,NA,NA,NA,NA,NA,NA,NA,NA
0068506001280,0,0,0,Multi Serve,NA,NA,NA,NA,NA,NA,NA,NA,NA,NA,NA,NA,NA,NA,NA,NA,NA,NA,NA,NA,NA,NA,NA,NA
0007218063812,50.19197484,12.52353774,0,Multi Serve,NA,NA,NA,NA,NA,NA,NA,NA,NA,NA,NA,NA,NA,NA,NA,NA,NA,NA,NA,NA,NA,NA,NA,NA
0060654160127,9368139.526,665754.5059,0,Multi Serve,Non- Indulgent,Uncured Pepperoni,Others,Others,Pepperoni,Non-Veg,Red Sauce,Gluten Free Claim,Premium,Veggie Crust,10 Oz,Small (<=20 Oz),Conv Oven,Thin,Healthy,1 Ct,Box,No Vegan Claim Present,No Natural Claim Present,No Gmo Claim Present,No Organic Claim Present,No Plant based claim,No Preservative-Free Claim Present,BFY
0085588361393,5.995995737,1.310313754,0,Multi Serve,NA,NA,NA,NA,NA,NA,NA,NA,NA,NA,NA,NA,NA,NA,NA,NA,NA,NA,NA,NA,NA,NA,NA,NA
0007192146243,0,0,1,Multi Serve,NA,NA,NA,NA,NA,NA,NA,NA,NA,NA,NA,NA,NA,NA,NA,NA,NA,NA,NA,NA,NA,NA,NA,NA
0085037700537,0,0,0,Multi Serve,NA,NA,NA,NA,NA,NA,NA,NA,NA,NA,NA,NA,NA,NA,NA,NA,NA,NA,NA,NA,NA,NA,NA,NA
0086000919621,84783.78957,11863.78385,0,Multi Serve,NA,NA,NA,NA,NA,NA,NA,NA,NA,NA,NA,NA,NA,NA,NA,NA,NA,NA,NA,NA,NA,NA,NA,NA
0001477703395,0,0,0,Multi Serve,NA,NA,NA,NA,NA,NA,NA,NA,NA,NA,NA,NA,NA,NA,NA,NA,NA,NA,NA,NA,NA,NA,NA,NA
0003913116971,3.51,1.3725,0,Multi Serve,NA,NA,NA,NA,NA,NA,NA,NA,NA,NA,NA,NA,NA,NA,NA,NA,NA,NA,NA,NA,NA,NA,NA,NA
0007192180560,821949.4922,194591.4159,1,Multi Serve,NA,NA,NA,NA,NA,NA,NA,NA,NA,NA,NA,NA,NA,NA,NA,NA,NA,NA,NA,NA,NA,NA,NA,NA
0007570630822,1841.218205,274.7608894,0,Multi Serve,NA,NA,NA,NA,NA,NA,NA,NA,NA,NA,NA,NA,NA,NA,NA,NA,NA,NA,NA,NA,NA,NA,NA,NA
0000868045093,56.13391146,17.64097017,0,Multi Serve,NA,NA,NA,NA,NA,NA,NA,NA,NA,NA,NA,NA,NA,NA,NA,NA,NA,NA,NA,NA,NA,NA,NA,NA
0000141373106,903794.2118,224381.4013,0,Multi Serve,Non- Indulgent,Meat Combos,Others,Deluxe/Supreme/Meat Combo,Meat Combos,PL,PL,No Gluten Claim Present,Value,Regular Crust,16.1 Oz,Small (<=20 Oz),Conv Oven,PL,PL,1 Ct,Over Wrap,No Vegan Claim Present,No Natural Claim Present,No Gmo Claim Present,No Organic Claim Present,No Plant based claim,No Preservative-Free Claim Present,Non BFY
0064313010109,0,0,0,Multi Serve,NA,NA,NA,NA,NA,NA,NA,NA,NA,NA,NA,NA,NA,NA,NA,NA,NA,NA,NA,NA,NA,NA,NA,NA
0007192165421,0,0,1,Multi Serve,NA,NA,NA,NA,NA,NA,NA,NA,NA,NA,NA,NA,NA,NA,NA,NA,NA,NA,NA,NA,NA,NA,NA,NA
0085592200632,0,0,0,Multi Serve,NA,NA,NA,NA,NA,NA,NA,NA,NA,NA,NA,NA,NA,NA,NA,NA,NA,NA,NA,NA,NA,NA,NA,NA
0000098281170,0,0,0,Multi Serve,NA,NA,NA,NA,NA,NA,NA,NA,NA,NA,NA,NA,NA,NA,NA,NA,NA,NA,NA,NA,NA,NA,NA,NA
0003870895135,0,0,0,Multi Serve,NA,NA,NA,NA,NA,NA,NA,NA,NA,NA,NA,NA,NA,NA,NA,NA,NA,NA,NA,NA,NA,NA,NA,NA
0007192129053,43721481.64,5404224.191,1,Multi Serve,Non- Indulgent,Cheese/Plain,Others,Others,Cheese/Plain,Vegetarian,Red Sauce,No Gluten Claim Present,Premium,Thin,15.5 Oz,Small (<=20 Oz),Conv Oven,Thin,Regular Crust,1 Ct,Box,No Vegan Claim Present,No Natural Claim Present,No Gmo Claim Present,No Organic Claim Present,No Plant based claim,No Preservative-Free Claim Present,Non BFY
0000008051216,0,0,0,Multi Serve,NA,NA,NA,NA,NA,NA,NA,NA,NA,NA,NA,NA,NA,NA,NA,NA,NA,NA,NA,NA,NA,NA,NA,NA
0069899781037,0,0,0,Multi Serve,NA,NA,NA,NA,NA,NA,NA,NA,NA,NA,NA,NA,NA,NA,NA,NA,NA,NA,NA,NA,NA,NA,NA,NA
0001215680067,493975.4009,97199.44844,0,Multi Serve,Non- Indulgent,Cheese/Plain,Others,Others,Cheese/Plain,PL,PL,No Gluten Claim Present,Value,Ao Crust,14.1 Oz,Small (<=20 Oz),Conv Oven,PL,PL,1 Ct,Box,No Vegan Claim Present,No Natural Claim Present,No Gmo Claim Present,No Organic Claim Present,PL,No Preservative-Free Claim Present,Non BFY
0068946613203,5569.080926,995.771947,0,Multi Serve,NA,NA,NA,NA,NA,NA,NA,NA,NA,NA,NA,NA,NA,NA,NA,NA,NA,NA,NA,NA,NA,NA,NA,NA
0000742810698,0,0,0,Multi Serve,NA,NA,NA,NA,NA,NA,NA,NA,NA,NA,NA,NA,NA,NA,NA,NA,NA,NA,NA,NA,NA,NA,NA,NA
0000577000025,1368.901142,182.8891242,0,Multi Serve,NA,NA,NA,NA,NA,NA,NA,NA,NA,NA,NA,NA,NA,NA,NA,NA,NA,NA,NA,NA,NA,NA,NA,NA
0086635000005,3810.136576,325.3806609,0,Multi Serve,NA,NA,NA,NA,NA,NA,NA,NA,NA,NA,NA,NA,NA,NA,NA,NA,NA,NA,NA,NA,NA,NA,NA,NA
0083041500930,0,0,0,Multi Serve,NA,NA,NA,NA,NA,NA,NA,NA,NA,NA,NA,NA,NA,NA,NA,NA,NA,NA,NA,NA,NA,NA,NA,NA
0001391494246,0,0,0,Multi Serve,NA,NA,NA,NA,NA,NA,NA,NA,NA,NA,NA,NA,NA,NA,NA,NA,NA,NA,NA,NA,NA,NA,NA,NA
0003870895101,0,0,0,Multi Serve,NA,NA,NA,NA,NA,NA,NA,NA,NA,NA,NA,NA,NA,NA,NA,NA,NA,NA,NA,NA,NA,NA,NA,NA
0003870895202,0,0,0,Multi Serve,NA,NA,NA,NA,NA,NA,NA,NA,NA,NA,NA,NA,NA,NA,NA,NA,NA,NA,NA,NA,NA,NA,NA,NA
0007570630836,1073.422619,340.1106386,0,Multi Serve,NA,NA,NA,NA,NA,NA,NA,NA,NA,NA,NA,NA,NA,NA,NA,NA,NA,NA,NA,NA,NA,NA,NA,NA
0002228123101,7932.684256,1323.999333,0,Multi Serve,NA,NA,NA,NA,NA,NA,NA,NA,NA,NA,NA,NA,NA,NA,NA,NA,NA,NA,NA,NA,NA,NA,NA,NA
0007570630480,0,0,0,Multi Serve,NA,NA,NA,NA,NA,NA,NA,NA,NA,NA,NA,NA,NA,NA,NA,NA,NA,NA,NA,NA,NA,NA,NA,NA
0000907196432,2077.120556,410.1889898,0,Multi Serve,NA,NA,NA,NA,NA,NA,NA,NA,NA,NA,NA,NA,NA,NA,NA,NA,NA,NA,NA,NA,NA,NA,NA,NA
0000922432495,547207.1087,149322.1621,0,Multi Serve,NA,NA,NA,NA,NA,NA,NA,NA,NA,NA,NA,NA,NA,NA,NA,NA,NA,NA,NA,NA,NA,NA,NA,NA
0083041500963,0,0,0,Multi Serve,NA,NA,NA,NA,NA,NA,NA,NA,NA,NA,NA,NA,NA,NA,NA,NA,NA,NA,NA,NA,NA,NA,NA,NA
0000141391343,2.503296551,0.911089357,0,Multi Serve,NA,NA,NA,NA,NA,NA,NA,NA,NA,NA,NA,NA,NA,NA,NA,NA,NA,NA,NA,NA,NA,NA,NA,NA
0000453048241,575976.3183,138528.0146,0,Multi Serve,Non- Indulgent,Ao Topping,Others,Others,Ao Topping,PL,PL,PL,Value,Ao Crust,14.29 Oz,Small (<=20 Oz),PL,PL,PL,1 Ct,Box,No Vegan Claim Present,No Natural Claim Present,No Gmo Claim Present,PL,No Plant based claim,No Preservative-Free Claim Present,Non BFY
0004219700331,4361879.955,982954.0446,0,Multi Serve,Indulgent,Chicken,Others,Others,Chicken,Non-Veg,Red Sauce,No Gluten Claim Present,Mid Tier,Regular Crust,24.75 Oz,Medium (20-30 Oz),Conv Oven,Thick/Original,Regular Crust,1 Ct,Over Wrap,No Vegan Claim Present,No Natural Claim Present,No Gmo Claim Present,No Organic Claim Present,No Plant based claim,No Preservative-Free Claim Present,Non BFY
0008355408447,40852.73702,7768.734872,0,Multi Serve,NA,NA,NA,NA,NA,NA,NA,NA,NA,NA,NA,NA,NA,NA,NA,NA,NA,NA,NA,NA,NA,NA,NA,NA
0000054839853,230727.7136,100986.7564,0,Multi Serve,NA,NA,NA,NA,NA,NA,NA,NA,NA,NA,NA,NA,NA,NA,NA,NA,NA,NA,NA,NA,NA,NA,NA,NA
0000000603182,0,0,0,Multi Serve,NA,NA,NA,NA,NA,NA,NA,NA,NA,NA,NA,NA,NA,NA,NA,NA,NA,NA,NA,NA,NA,NA,NA,NA
0019764473908,0,0,0,Multi Serve,NA,NA,NA,NA,NA,NA,NA,NA,NA,NA,NA,NA,NA,NA,NA,NA,NA,NA,NA,NA,NA,NA,NA,NA
0085003208124,0,0,0,Multi Serve,NA,NA,NA,NA,NA,NA,NA,NA,NA,NA,NA,NA,NA,NA,NA,NA,NA,NA,NA,NA,NA,NA,NA,NA
0003952890182,3008876.224,558631.7114,0,Multi Serve,Indulgent,Meat Combos,Others,Deluxe/Supreme/Meat Combo,Meat Combos,Non-Veg,Red Sauce,No Gluten Claim Present,Mid Tier,Pan/Deep Dish Crust,28.7 Oz,Medium (20-30 Oz),Conv Oven,Thick/Original,Regular Crust,1 Ct,Box,No Vegan Claim Present,No Natural Claim Present,No Gmo Claim Present,No Organic Claim Present,No Plant based claim,No Preservative-Free Claim Present,Non BFY
0003913170013,1352049.861,162670.2059,0,Multi Serve,NA,NA,NA,NA,NA,NA,NA,NA,NA,NA,NA,NA,NA,NA,NA,NA,NA,NA,NA,NA,NA,NA,NA,NA
0085002274598,14468.52865,1887.08823,0,Multi Serve,NA,NA,NA,NA,NA,NA,NA,NA,NA,NA,NA,NA,NA,NA,NA,NA,NA,NA,NA,NA,NA,NA,NA,NA
0000370982152,0,0,0,Multi Serve,NA,NA,NA,NA,NA,NA,NA,NA,NA,NA,NA,NA,NA,NA,NA,NA,NA,NA,NA,NA,NA,NA,NA,NA
0083041500904,0,0,0,Multi Serve,NA,NA,NA,NA,NA,NA,NA,NA,NA,NA,NA,NA,NA,NA,NA,NA,NA,NA,NA,NA,NA,NA,NA,NA
0085003208126,0,0,0,Multi Serve,NA,NA,NA,NA,NA,NA,NA,NA,NA,NA,NA,NA,NA,NA,NA,NA,NA,NA,NA,NA,NA,NA,NA,NA
0000194123846,0,0,0,Multi Serve,NA,NA,NA,NA,NA,NA,NA,NA,NA,NA,NA,NA,NA,NA,NA,NA,NA,NA,NA,NA,NA,NA,NA,NA
0001477700498,36328.25326,11430.35526,0,Multi Serve,NA,NA,NA,NA,NA,NA,NA,NA,NA,NA,NA,NA,NA,NA,NA,NA,NA,NA,NA,NA,NA,NA,NA,NA
0085482600367,92673.99983,15841.41704,0,Multi Serve,NA,NA,NA,NA,NA,NA,NA,NA,NA,NA,NA,NA,NA,NA,NA,NA,NA,NA,NA,NA,NA,NA,NA,NA
0005149723790,188215.6261,13751.90131,0,Multi Serve,NA,NA,NA,NA,NA,NA,NA,NA,NA,NA,NA,NA,NA,NA,NA,NA,NA,NA,NA,NA,NA,NA,NA,NA
0000330847212,7.716652329,0.827966988,0,Multi Serve,NA,NA,NA,NA,NA,NA,NA,NA,NA,NA,NA,NA,NA,NA,NA,NA,NA,NA,NA,NA,NA,NA,NA,NA
0061891530012,54555.17709,8959.107163,0,Multi Serve,NA,NA,NA,NA,NA,NA,NA,NA,NA,NA,NA,NA,NA,NA,NA,NA,NA,NA,NA,NA,NA,NA,NA,NA
0085356000300,0,0,0,Multi Serve,NA,NA,NA,NA,NA,NA,NA,NA,NA,NA,NA,NA,NA,NA,NA,NA,NA,NA,NA,NA,NA,NA,NA,NA
0001813505001,150976.1199,25229.65253,0,Multi Serve,NA,NA,NA,NA,NA,NA,NA,NA,NA,NA,NA,NA,NA,NA,NA,NA,NA,NA,NA,NA,NA,NA,NA,NA
0085750300247,9501.822969,1315.467465,0,Multi Serve,NA,NA,NA,NA,NA,NA,NA,NA,NA,NA,NA,NA,NA,NA,NA,NA,NA,NA,NA,NA,NA,NA,NA,NA
0000861312349,401554.4175,106583.3422,0,Multi Serve,NA,NA,NA,NA,NA,NA,NA,NA,NA,NA,NA,NA,NA,NA,NA,NA,NA,NA,NA,NA,NA,NA,NA,NA
0003870895087,115729.1009,29165.57885,0,Multi Serve,NA,NA,NA,NA,NA,NA,NA,NA,NA,NA,NA,NA,NA,NA,NA,NA,NA,NA,NA,NA,NA,NA,NA,NA
0000685144816,220220.1223,35081.85166,0,Multi Serve,NA,NA,NA,NA,NA,NA,NA,NA,NA,NA,NA,NA,NA,NA,NA,NA,NA,NA,NA,NA,NA,NA,NA,NA
0002182112345,262591.6931,55870.635,0,Multi Serve,NA,NA,NA,NA,NA,NA,NA,NA,NA,NA,NA,NA,NA,NA,NA,NA,NA,NA,NA,NA,NA,NA,NA,NA
0000200497994,0,0,0,Multi Serve,NA,NA,NA,NA,NA,NA,NA,NA,NA,NA,NA,NA,NA,NA,NA,NA,NA,NA,NA,NA,NA,NA,NA,NA
0085763000320,108297.6812,17626.59525,0,Multi Serve,NA,NA,NA,NA,NA,NA,NA,NA,NA,NA,NA,NA,NA,NA,NA,NA,NA,NA,NA,NA,NA,NA,NA,NA
0002032694856,0,0,0,Multi Serve,NA,NA,NA,NA,NA,NA,NA,NA,NA,NA,NA,NA,NA,NA,NA,NA,NA,NA,NA,NA,NA,NA,NA,NA
0000880229022,866301.8869,149362.2811,0,Multi Serve,NA,NA,NA,NA,NA,NA,NA,NA,NA,NA,NA,NA,NA,NA,NA,NA,NA,NA,NA,NA,NA,NA,NA,NA
0000734072818,0,0,0,Multi Serve,NA,NA,NA,NA,NA,NA,NA,NA,NA,NA,NA,NA,NA,NA,NA,NA,NA,NA,NA,NA,NA,NA,NA,NA
0000210574139,3334309.411,439469.881,0,Multi Serve,NA,NA,NA,NA,NA,NA,NA,NA,NA,NA,NA,NA,NA,NA,NA,NA,NA,NA,NA,NA,NA,NA,NA,NA
0803346232002,16363.65227,2036.729326,0,Multi Serve,NA,NA,NA,NA,NA,NA,NA,NA,NA,NA,NA,NA,NA,NA,NA,NA,NA,NA,NA,NA,NA,NA,NA,NA
0000016232435,0,0,0,Multi Serve,NA,NA,NA,NA,NA,NA,NA,NA,NA,NA,NA,NA,NA,NA,NA,NA,NA,NA,NA,NA,NA,NA,NA,NA
0000369783508,0,0,0,Multi Serve,NA,NA,NA,NA,NA,NA,NA,NA,NA,NA,NA,NA,NA,NA,NA,NA,NA,NA,NA,NA,NA,NA,NA,NA
0061290065440,0,0,0,Multi Serve,NA,NA,NA,NA,NA,NA,NA,NA,NA,NA,NA,NA,NA,NA,NA,NA,NA,NA,NA,NA,NA,NA,NA,NA
0068614800003,34301.08831,5253.135442,0,Multi Serve,NA,NA,NA,NA,NA,NA,NA,NA,NA,NA,NA,NA,NA,NA,NA,NA,NA,NA,NA,NA,NA,NA,NA,NA
0007192151663,0,0,1,Multi Serve,NA,NA,NA,NA,NA,NA,NA,NA,NA,NA,NA,NA,NA,NA,NA,NA,NA,NA,NA,NA,NA,NA,NA,NA
0079540414010,0,0,0,Multi Serve,NA,NA,NA,NA,NA,NA,NA,NA,NA,NA,NA,NA,NA,NA,NA,NA,NA,NA,NA,NA,NA,NA,NA,NA
0067763600006,3529174.853,520203.2962,0,Multi Serve,Non- Indulgent,Pepperoni,Others,Others,Pepperoni,Non-Veg,NA,No Gluten Claim Present,Premium,Regular Crust,20.79 Oz,Medium (20-30 Oz),Conv Oven,Thick/Original,NA,1 Ct,Over Wrap,No Vegan Claim Present,No Natural Claim Present,No Gmo Claim Present,No Organic Claim Present,No Plant based claim,No Preservative-Free Claim Present,Non BFY
0086001069100,86956.89972,9644.152488,0,Multi Serve,NA,NA,NA,NA,NA,NA,NA,NA,NA,NA,NA,NA,NA,NA,NA,NA,NA,NA,NA,NA,NA,NA,NA,NA
0085452700442,0,0,0,Multi Serve,NA,NA,NA,NA,NA,NA,NA,NA,NA,NA,NA,NA,NA,NA,NA,NA,NA,NA,NA,NA,NA,NA,NA,NA
0007390000022,12025.64904,3054.983182,0,Multi Serve,NA,NA,NA,NA,NA,NA,NA,NA,NA,NA,NA,NA,NA,NA,NA,NA,NA,NA,NA,NA,NA,NA,NA,NA
0085001598241,119.8390969,14.63679395,0,Multi Serve,NA,NA,NA,NA,NA,NA,NA,NA,NA,NA,NA,NA,NA,NA,NA,NA,NA,NA,NA,NA,NA,NA,NA,NA
0000455493480,3.680477901,1.022354972,0,Multi Serve,NA,NA,NA,NA,NA,NA,NA,NA,NA,NA,NA,NA,NA,NA,NA,NA,NA,NA,NA,NA,NA,NA,NA,NA
0000157294462,0,0,0,Multi Serve,NA,NA,NA,NA,NA,NA,NA,NA,NA,NA,NA,NA,NA,NA,NA,NA,NA,NA,NA,NA,NA,NA,NA,NA
0000685144814,72255.55213,11890.43788,0,Multi Serve,NA,NA,NA,NA,NA,NA,NA,NA,NA,NA,NA,NA,NA,NA,NA,NA,NA,NA,NA,NA,NA,NA,NA,NA
0083041500980,0,0,0,Multi Serve,NA,NA,NA,NA,NA,NA,NA,NA,NA,NA,NA,NA,NA,NA,NA,NA,NA,NA,NA,NA,NA,NA,NA,NA
0000000602578,0,0,0,Multi Serve,NA,NA,NA,NA,NA,NA,NA,NA,NA,NA,NA,NA,NA,NA,NA,NA,NA,NA,NA,NA,NA,NA,NA,NA
0007660172917,56246.20199,12227.4941,0,Multi Serve,NA,NA,NA,NA,NA,NA,NA,NA,NA,NA,NA,NA,NA,NA,NA,NA,NA,NA,NA,NA,NA,NA,NA,NA
0000942643514,4895500.224,1723640.26,0,Multi Serve,Non- Indulgent,Chicken,Others,Others,Chicken,Non-Veg,PL,No Gluten Claim Present,Value,Rising Crust,27.95 Oz,Medium (20-30 Oz),Conv Oven,Thick/Original,PL,1 Ct,Box,No Vegan Claim Present,No Natural Claim Present,No Gmo Claim Present,No Organic Claim Present,No Plant based claim,No Preservative-Free Claim Present,Non BFY
0000143157060,0,0,0,Multi Serve,NA,NA,NA,NA,NA,NA,NA,NA,NA,NA,NA,NA,NA,NA,NA,NA,NA,NA,NA,NA,NA,NA,NA,NA
0088570910181,856.639956,138.6054821,0,Multi Serve,NA,NA,NA,NA,NA,NA,NA,NA,NA,NA,NA,NA,NA,NA,NA,NA,NA,NA,NA,NA,NA,NA,NA,NA
0000741852581,85919.1927,7528.559331,0,Multi Serve,NA,NA,NA,NA,NA,NA,NA,NA,NA,NA,NA,NA,NA,NA,NA,NA,NA,NA,NA,NA,NA,NA,NA,NA
0086000022555,0,0,0,Multi Serve,NA,NA,NA,NA,NA,NA,NA,NA,NA,NA,NA,NA,NA,NA,NA,NA,NA,NA,NA,NA,NA,NA,NA,NA
0086000008465,88887.63026,10422.12709,0,Multi Serve,NA,NA,NA,NA,NA,NA,NA,NA,NA,NA,NA,NA,NA,NA,NA,NA,NA,NA,NA,NA,NA,NA,NA,NA
0085493400764,6.98,0.740625,0,Multi Serve,NA,NA,NA,NA,NA,NA,NA,NA,NA,NA,NA,NA,NA,NA,NA,NA,NA,NA,NA,NA,NA,NA,NA,NA
0000217844548,0,0,0,Multi Serve,NA,NA,NA,NA,NA,NA,NA,NA,NA,NA,NA,NA,NA,NA,NA,NA,NA,NA,NA,NA,NA,NA,NA,NA
0007192144378,1623479.335,397050.4928,1,Multi Serve,Non- Indulgent,Deluxe/Supreme,Deluxe/Supreme,Deluxe/Supreme/Meat Combo,Meat Combos,Non-Veg,NA,No Gluten Claim Present,Mid Tier,Ao Crust,57.4 Oz,Large (>= 30 Oz),Conv Oven,Thick/Original,NA,3 Ct,Box,No Vegan Claim Present,No Natural Claim Present,No Gmo Claim Present,No Organic Claim Present,No Plant based claim,No Preservative-Free Claim Present,Non BFY
0000487935650,0,0,0,Multi Serve,NA,NA,NA,NA,NA,NA,NA,NA,NA,NA,NA,NA,NA,NA,NA,NA,NA,NA,NA,NA,NA,NA,NA,NA
0085588361394,0,0,0,Multi Serve,NA,NA,NA,NA,NA,NA,NA,NA,NA,NA,NA,NA,NA,NA,NA,NA,NA,NA,NA,NA,NA,NA,NA,NA
0007192143126,263573.4519,47343.66123,1,Multi Serve,NA,NA,NA,NA,NA,NA,NA,NA,NA,NA,NA,NA,NA,NA,NA,NA,NA,NA,NA,NA,NA,NA,NA,NA
0089925000004,13580.2098,2550.540238,0,Multi Serve,NA,NA,NA,NA,NA,NA,NA,NA,NA,NA,NA,NA,NA,NA,NA,NA,NA,NA,NA,NA,NA,NA,NA,NA
0003913116928,0,0,0,Multi Serve,NA,NA,NA,NA,NA,NA,NA,NA,NA,NA,NA,NA,NA,NA,NA,NA,NA,NA,NA,NA,NA,NA,NA,NA
0000330847210,1371238.271,207864.1043,0,Multi Serve,NA,NA,NA,NA,NA,NA,NA,NA,NA,NA,NA,NA,NA,NA,NA,NA,NA,NA,NA,NA,NA,NA,NA,NA
0000092289491,0,0,0,Multi Serve,NA,NA,NA,NA,NA,NA,NA,NA,NA,NA,NA,NA,NA,NA,NA,NA,NA,NA,NA,NA,NA,NA,NA,NA
0002870444700,0,0,0,Multi Serve,NA,NA,NA,NA,NA,NA,NA,NA,NA,NA,NA,NA,NA,NA,NA,NA,NA,NA,NA,NA,NA,NA,NA,NA
0007218076267,0,0,0,Multi Serve,NA,NA,NA,NA,NA,NA,NA,NA,NA,NA,NA,NA,NA,NA,NA,NA,NA,NA,NA,NA,NA,NA,NA,NA
0000728085356,0,0,0,Multi Serve,NA,NA,NA,NA,NA,NA,NA,NA,NA,NA,NA,NA,NA,NA,NA,NA,NA,NA,NA,NA,NA,NA,NA,NA
0007192139085,2937579.703,382820.2485,1,Multi Serve,Non- Indulgent,Uncured Pepperoni,Others,Others,Pepperoni,Non-Veg,Red Sauce,No Gluten Claim Present,Premium,Ao Crust,15.8 Oz,Small (<=20 Oz),Conv Oven,Thick/Original,Regular Crust,1 Ct,Box,No Vegan Claim Present,No Natural Claim Present,No Gmo Claim Present,No Organic Claim Present,No Plant based claim,No Preservative-Free Claim Present,Non BFY
0003913116990,32.71277436,5.478734794,0,Multi Serve,NA,NA,NA,NA,NA,NA,NA,NA,NA,NA,NA,NA,NA,NA,NA,NA,NA,NA,NA,NA,NA,NA,NA,NA
0007660142917,22140.85954,3723.772292,0,Multi Serve,NA,NA,NA,NA,NA,NA,NA,NA,NA,NA,NA,NA,NA,NA,NA,NA,NA,NA,NA,NA,NA,NA,NA,NA
0086586800032,386484.2827,37915.75006,0,Multi Serve,NA,NA,NA,NA,NA,NA,NA,NA,NA,NA,NA,NA,NA,NA,NA,NA,NA,NA,NA,NA,NA,NA,NA,NA
0007570616520,344083.6725,51838.22673,0,Multi Serve,NA,NA,NA,NA,NA,NA,NA,NA,NA,NA,NA,NA,NA,NA,NA,NA,NA,NA,NA,NA,NA,NA,NA,NA
0003870895086,97327.80722,21124.56256,0,Multi Serve,NA,NA,NA,NA,NA,NA,NA,NA,NA,NA,NA,NA,NA,NA,NA,NA,NA,NA,NA,NA,NA,NA,NA,NA
0007570630684,105723.8571,10091.64724,0,Multi Serve,NA,NA,NA,NA,NA,NA,NA,NA,NA,NA,NA,NA,NA,NA,NA,NA,NA,NA,NA,NA,NA,NA,NA,NA
0009350602661,948.3720071,182.1749305,0,Multi Serve,NA,NA,NA,NA,NA,NA,NA,NA,NA,NA,NA,NA,NA,NA,NA,NA,NA,NA,NA,NA,NA,NA,NA,NA
0007570630593,135048.7539,28331.04649,0,Multi Serve,NA,NA,NA,NA,NA,NA,NA,NA,NA,NA,NA,NA,NA,NA,NA,NA,NA,NA,NA,NA,NA,NA,NA,NA
0005073295214,0,0,0,Multi Serve,NA,NA,NA,NA,NA,NA,NA,NA,NA,NA,NA,NA,NA,NA,NA,NA,NA,NA,NA,NA,NA,NA,NA,NA
0000568515663,0,0,0,Multi Serve,NA,NA,NA,NA,NA,NA,NA,NA,NA,NA,NA,NA,NA,NA,NA,NA,NA,NA,NA,NA,NA,NA,NA,NA
0000278352494,0,0,0,Multi Serve,NA,NA,NA,NA,NA,NA,NA,NA,NA,NA,NA,NA,NA,NA,NA,NA,NA,NA,NA,NA,NA,NA,NA,NA
0007570619101,2761284.627,610472.4074,0,Multi Serve,Non- Indulgent,Sausage,Others,Others,Sausage,Non-Veg,Red Sauce,No Gluten Claim Present,Mid Tier,Regular Crust,23.29 Oz,Medium (20-30 Oz),Conv Oven,Thick/Original,Regular Crust,1 Ct,Box,No Vegan Claim Present,No Natural Claim Present,No Gmo Claim Present,No Organic Claim Present,No Plant based claim,No Preservative-Free Claim Present,Non BFY
0071375771650,0,0,0,Multi Serve,NA,NA,NA,NA,NA,NA,NA,NA,NA,NA,NA,NA,NA,NA,NA,NA,NA,NA,NA,NA,NA,NA,NA,NA
0085852000323,0,0,0,Multi Serve,NA,NA,NA,NA,NA,NA,NA,NA,NA,NA,NA,NA,NA,NA,NA,NA,NA,NA,NA,NA,NA,NA,NA,NA
0000946936962,13965.75475,3582.318214,0,Multi Serve,NA,NA,NA,NA,NA,NA,NA,NA,NA,NA,NA,NA,NA,NA,NA,NA,NA,NA,NA,NA,NA,NA,NA,NA
0086409100041,31128.40576,8622.474025,0,Multi Serve,NA,NA,NA,NA,NA,NA,NA,NA,NA,NA,NA,NA,NA,NA,NA,NA,NA,NA,NA,NA,NA,NA,NA,NA
0086000788401,55606.91814,6222.701188,0,Multi Serve,NA,NA,NA,NA,NA,NA,NA,NA,NA,NA,NA,NA,NA,NA,NA,NA,NA,NA,NA,NA,NA,NA,NA,NA
0001120123226,39973.33925,6465.339985,0,Multi Serve,NA,NA,NA,NA,NA,NA,NA,NA,NA,NA,NA,NA,NA,NA,NA,NA,NA,NA,NA,NA,NA,NA,NA,NA
0004219701200,703922.1618,108572.2209,0,Multi Serve,NA,NA,NA,NA,NA,NA,NA,NA,NA,NA,NA,NA,NA,NA,NA,NA,NA,NA,NA,NA,NA,NA,NA,NA
0089784600225,8399.616904,1180.035359,0,Multi Serve,NA,NA,NA,NA,NA,NA,NA,NA,NA,NA,NA,NA,NA,NA,NA,NA,NA,NA,NA,NA,NA,NA,NA,NA
0007192171452,0,0,1,Multi Serve,NA,NA,NA,NA,NA,NA,NA,NA,NA,NA,NA,NA,NA,NA,NA,NA,NA,NA,NA,NA,NA,NA,NA,NA
0068506001208,0,0,0,Multi Serve,NA,NA,NA,NA,NA,NA,NA,NA,NA,NA,NA,NA,NA,NA,NA,NA,NA,NA,NA,NA,NA,NA,NA,NA
0002069112001,38348.56766,8092.629994,0,Multi Serve,NA,NA,NA,NA,NA,NA,NA,NA,NA,NA,NA,NA,NA,NA,NA,NA,NA,NA,NA,NA,NA,NA,NA,NA
0007570630497,0,0,0,Multi Serve,NA,NA,NA,NA,NA,NA,NA,NA,NA,NA,NA,NA,NA,NA,NA,NA,NA,NA,NA,NA,NA,NA,NA,NA
0002066200604,1400797.925,199250.372,0,Multi Serve,Non- Indulgent,Vegetarian,Others,Others,Vegetarian,Vegetarian,NA,No Gluten Claim Present,Premium,Thin,15.4 Oz,Small (<=20 Oz),Conv Oven,Thin,NA,1 Ct,Box,No Vegan Claim Present,No Natural Claim Present,No Gmo Claim Present,No Organic Claim Present,No Plant based claim,Preservative-Free Claim,BFY
0076584700608,0,0,0,Multi Serve,NA,NA,NA,NA,NA,NA,NA,NA,NA,NA,NA,NA,NA,NA,NA,NA,NA,NA,NA,NA,NA,NA,NA,NA
0004219700377,0,0,0,Multi Serve,NA,NA,NA,NA,NA,NA,NA,NA,NA,NA,NA,NA,NA,NA,NA,NA,NA,NA,NA,NA,NA,NA,NA,NA
0085356000301,0,0,0,Multi Serve,NA,NA,NA,NA,NA,NA,NA,NA,NA,NA,NA,NA,NA,NA,NA,NA,NA,NA,NA,NA,NA,NA,NA,NA
0007218063469,40208803.9,12599665.6,0,Multi Serve,Non- Indulgent,Deluxe/Supreme,Deluxe/Supreme,Deluxe/Supreme/Meat Combo,Meat Combos,Non-Veg,Red Sauce,No Gluten Claim Present,Value,Regular Crust,22.95 Oz,Medium (20-30 Oz),Conv Oven,Thick/Original,Regular Crust,1 Ct,Box,No Vegan Claim Present,No Natural Claim Present,No Gmo Claim Present,No Organic Claim Present,No Plant based claim,No Preservative-Free Claim Present,Non BFY
0007570631083,827462.935,115982.7127,0,Multi Serve,Non- Indulgent,Cheese/Plain,Others,Others,Cheese/Plain,Vegetarian,NA,No Gluten Claim Present,Premium,Ao Crust,16.85 Oz,Small (<=20 Oz),Conv Oven,Thin,NA,1 Ct,Box,No Vegan Claim Present,No Natural Claim Present,No Gmo Claim Present,No Organic Claim Present,No Plant based claim,No Preservative-Free Claim Present,Non BFY
0004219700349,6612.826936,1270.202875,0,Multi Serve,NA,NA,NA,NA,NA,NA,NA,NA,NA,NA,NA,NA,NA,NA,NA,NA,NA,NA,NA,NA,NA,NA,NA,NA
0007192198532,0,0,1,Multi Serve,NA,NA,NA,NA,NA,NA,NA,NA,NA,NA,NA,NA,NA,NA,NA,NA,NA,NA,NA,NA,NA,NA,NA,NA
0007192125091,12237.98014,3309.11144,1,Multi Serve,NA,NA,NA,NA,NA,NA,NA,NA,NA,NA,NA,NA,NA,NA,NA,NA,NA,NA,NA,NA,NA,NA,NA,NA
0061604367792,77418.75801,15754.28502,0,Multi Serve,NA,NA,NA,NA,NA,NA,NA,NA,NA,NA,NA,NA,NA,NA,NA,NA,NA,NA,NA,NA,NA,NA,NA,NA
0007570630485,0,0,0,Multi Serve,NA,NA,NA,NA,NA,NA,NA,NA,NA,NA,NA,NA,NA,NA,NA,NA,NA,NA,NA,NA,NA,NA,NA,NA
0085001144322,1920138.426,182635.694,0,Multi Serve,Non- Indulgent,Cheese/Plain,Others,Others,Cheese/Plain,Non-Veg,NA,Gluten Free Claim,Premium,Veggie Crust,11.5 Oz,Small (<=20 Oz),Conv Oven,Thick/Original,Healthy,1 Ct,Box,No Vegan Claim Present,No Natural Claim Present,No Gmo Claim Present,No Organic Claim Present,No Plant based claim,No Preservative-Free Claim Present,BFY
0004219700201,15007825.11,3153231.157,0,Multi Serve,Indulgent,Pepperoni,Others,Others,Pepperoni,Non-Veg,Red Sauce,No Gluten Claim Present,Mid Tier,Regular Crust,23.25 Oz,Medium (20-30 Oz),Conv Oven,Thick/Original,Regular Crust,1 Ct,Over Wrap,No Vegan Claim Present,No Natural Claim Present,No Gmo Claim Present,No Organic Claim Present,No Plant based claim,No Preservative-Free Claim Present,Non BFY
0000678298618,0,0,0,Multi Serve,NA,NA,NA,NA,NA,NA,NA,NA,NA,NA,NA,NA,NA,NA,NA,NA,NA,NA,NA,NA,NA,NA,NA,NA
0000193340088,5.942550206,1.017309291,0,Multi Serve,NA,NA,NA,NA,NA,NA,NA,NA,NA,NA,NA,NA,NA,NA,NA,NA,NA,NA,NA,NA,NA,NA,NA,NA
0000328537744,15.92319858,7.940962756,0,Multi Serve,NA,NA,NA,NA,NA,NA,NA,NA,NA,NA,NA,NA,NA,NA,NA,NA,NA,NA,NA,NA,NA,NA,NA,NA
0001065395371,7961149.839,1133522.042,0,Multi Serve,Non- Indulgent,Vegetarian,Others,Others,Vegetarian,Vegetarian,PL,No Gluten Claim Present,Premium,Wood Fired,15.73 Oz,Small (<=20 Oz),Conv Oven,Thick/Original,PL,1 Ct,Box,No Vegan Claim Present,No Natural Claim Present,No Gmo Claim Present,No Organic Claim Present,No Plant based claim,No Preservative-Free Claim Present,Non BFY
0088804400087,0,0,0,Multi Serve,NA,NA,NA,NA,NA,NA,NA,NA,NA,NA,NA,NA,NA,NA,NA,NA,NA,NA,NA,NA,NA,NA,NA,NA
0079540413101,549252.3041,126365.704,0,Multi Serve,NA,NA,NA,NA,NA,NA,NA,NA,NA,NA,NA,NA,NA,NA,NA,NA,NA,NA,NA,NA,NA,NA,NA,NA
0085000107842,25073.50703,5084.551441,0,Multi Serve,NA,NA,NA,NA,NA,NA,NA,NA,NA,NA,NA,NA,NA,NA,NA,NA,NA,NA,NA,NA,NA,NA,NA,NA
0009350602664,866.3534846,131.2471753,0,Multi Serve,NA,NA,NA,NA,NA,NA,NA,NA,NA,NA,NA,NA,NA,NA,NA,NA,NA,NA,NA,NA,NA,NA,NA,NA
0085587300856,0,0,0,Multi Serve,NA,NA,NA,NA,NA,NA,NA,NA,NA,NA,NA,NA,NA,NA,NA,NA,NA,NA,NA,NA,NA,NA,NA,NA
0074446300004,5856.263032,690.7972057,0,Multi Serve,NA,NA,NA,NA,NA,NA,NA,NA,NA,NA,NA,NA,NA,NA,NA,NA,NA,NA,NA,NA,NA,NA,NA,NA
0007192163029,1087570.227,280102.2331,1,Multi Serve,Non- Indulgent,Pepperoni,Others,Others,Pepperoni,Non-Veg,NA,No Gluten Claim Present,Mid Tier,Regular Crust,19.8 Oz,Small (<=20 Oz),Conv Oven,Thick/Original,NA,1 Ct,Box,No Vegan Claim Present,No Natural Claim Present,No Gmo Claim Present,No Organic Claim Present,No Plant based claim,No Preservative-Free Claim Present,Non BFY
0085692100601,504996.4874,68641.64162,0,Multi Serve,NA,NA,NA,NA,NA,NA,NA,NA,NA,NA,NA,NA,NA,NA,NA,NA,NA,NA,NA,NA,NA,NA,NA,NA
0000441586450,1006163.77,283140.7353,0,Multi Serve,Non- Indulgent,Deluxe/Supreme,Deluxe/Supreme,Deluxe/Supreme/Meat Combo,Meat Combos,PL,PL,No Gluten Claim Present,Value,Regular Crust,25.55 Oz,Medium (20-30 Oz),Conv Oven,Thick/Original,Regular Crust,1 Ct,Box,No Vegan Claim Present,No Natural Claim Present,No Gmo Claim Present,No Organic Claim Present,No Plant based claim,No Preservative-Free Claim Present,Non BFY
0000363050009,0,0,0,Multi Serve,NA,NA,NA,NA,NA,NA,NA,NA,NA,NA,NA,NA,NA,NA,NA,NA,NA,NA,NA,NA,NA,NA,NA,NA
0000592935756,0,0,0,Multi Serve,NA,NA,NA,NA,NA,NA,NA,NA,NA,NA,NA,NA,NA,NA,NA,NA,NA,NA,NA,NA,NA,NA,NA,NA
0007570630693,799518.4462,211247.1776,0,Multi Serve,Indulgent,Deluxe/Supreme,Deluxe/Supreme,Deluxe/Supreme/Meat Combo,Meat Combos,Non-Veg,NA,No Gluten Claim Present,Mid Tier,Ao Crust,26.9 Oz,Medium (20-30 Oz),Conv Oven,Thick/Original,NA,1 Ct,Box,No Vegan Claim Present,No Natural Claim Present,No Gmo Claim Present,No Organic Claim Present,No Plant based claim,No Preservative-Free Claim Present,Non BFY
0000881920227,1584.511322,826.396561,0,Multi Serve,NA,NA,NA,NA,NA,NA,NA,NA,NA,NA,NA,NA,NA,NA,NA,NA,NA,NA,NA,NA,NA,NA,NA,NA
0085750300244,10418.02779,1278.719419,0,Multi Serve,NA,NA,NA,NA,NA,NA,NA,NA,NA,NA,NA,NA,NA,NA,NA,NA,NA,NA,NA,NA,NA,NA,NA,NA
0007570630742,417711.7949,98367.70761,0,Multi Serve,NA,NA,NA,NA,NA,NA,NA,NA,NA,NA,NA,NA,NA,NA,NA,NA,NA,NA,NA,NA,NA,NA,NA,NA
0085001598276,0,0,0,Multi Serve,NA,NA,NA,NA,NA,NA,NA,NA,NA,NA,NA,NA,NA,NA,NA,NA,NA,NA,NA,NA,NA,NA,NA,NA
0000015251666,1.52355472,0.919628877,0,Multi Serve,NA,NA,NA,NA,NA,NA,NA,NA,NA,NA,NA,NA,NA,NA,NA,NA,NA,NA,NA,NA,NA,NA,NA,NA
0007192152013,0,0,1,Multi Serve,NA,NA,NA,NA,NA,NA,NA,NA,NA,NA,NA,NA,NA,NA,NA,NA,NA,NA,NA,NA,NA,NA,NA,NA
0063759910004,21952.28346,2571.768417,0,Multi Serve,NA,NA,NA,NA,NA,NA,NA,NA,NA,NA,NA,NA,NA,NA,NA,NA,NA,NA,NA,NA,NA,NA,NA,NA
0002660512007,0,0,0,Multi Serve,NA,NA,NA,NA,NA,NA,NA,NA,NA,NA,NA,NA,NA,NA,NA,NA,NA,NA,NA,NA,NA,NA,NA,NA
0002069112007,69163.22927,11416.49242,0,Multi Serve,NA,NA,NA,NA,NA,NA,NA,NA,NA,NA,NA,NA,NA,NA,NA,NA,NA,NA,NA,NA,NA,NA,NA,NA
0007465319876,1775269.287,463448.977,1,Multi Serve,Non- Indulgent,Sausage,Others,Others,Sausage,Non-Veg,Red Sauce,No Gluten Claim Present,Value,Regular Crust,15.3 Oz,Small (<=20 Oz),Conv Oven,Thick/Original,Regular Crust,1 Ct,Over Wrap,No Vegan Claim Present,No Natural Claim Present,No Gmo Claim Present,No Organic Claim Present,No Plant based claim,No Preservative-Free Claim Present,Non BFY
0000041034533,0,0,0,Multi Serve,NA,NA,NA,NA,NA,NA,NA,NA,NA,NA,NA,NA,NA,NA,NA,NA,NA,NA,NA,NA,NA,NA,NA,NA
0002066200596,3707635.967,540300.5663,0,Multi Serve,Non- Indulgent,Chicken,Others,Others,Chicken,Non-Veg,NA,No Gluten Claim Present,Premium,Thin,15.1 Oz,Small (<=20 Oz),Conv Oven,Thick/Original,NA,1 Ct,Box,No Vegan Claim Present,No Natural Claim Present,No Gmo Claim Present,No Organic Claim Present,No Plant based claim,Preservative-Free Claim,BFY
0004158100132,0,0,0,Multi Serve,NA,NA,NA,NA,NA,NA,NA,NA,NA,NA,NA,NA,NA,NA,NA,NA,NA,NA,NA,NA,NA,NA,NA,NA
0089245300157,1501669.96,158387.0523,0,Multi Serve,Non- Indulgent,Pepperoni,Others,Others,Pepperoni,Non-Veg,Red Sauce,Gluten Free Claim,Premium,Regular Crust,15 Oz,Small (<=20 Oz),Conv Oven,Thick/Original,Healthy,1 Ct,Box,No Vegan Claim Present,No Natural Claim Present,No Gmo Claim Present,No Organic Claim Present,No Plant based claim,No Preservative-Free Claim Present,BFY
0001477700590,0,0,0,Multi Serve,NA,NA,NA,NA,NA,NA,NA,NA,NA,NA,NA,NA,NA,NA,NA,NA,NA,NA,NA,NA,NA,NA,NA,NA
0004786100006,629781.393,79032.82693,0,Multi Serve,NA,NA,NA,NA,NA,NA,NA,NA,NA,NA,NA,NA,NA,NA,NA,NA,NA,NA,NA,NA,NA,NA,NA,NA
0065346738862,36406.70977,2646.909149,0,Multi Serve,NA,NA,NA,NA,NA,NA,NA,NA,NA,NA,NA,NA,NA,NA,NA,NA,NA,NA,NA,NA,NA,NA,NA,NA
0007192193115,0,0,1,Multi Serve,NA,NA,NA,NA,NA,NA,NA,NA,NA,NA,NA,NA,NA,NA,NA,NA,NA,NA,NA,NA,NA,NA,NA,NA
0000102166411,0,0,0,Multi Serve,NA,NA,NA,NA,NA,NA,NA,NA,NA,NA,NA,NA,NA,NA,NA,NA,NA,NA,NA,NA,NA,NA,NA,NA
0000038751917,0,0,0,Multi Serve,NA,NA,NA,NA,NA,NA,NA,NA,NA,NA,NA,NA,NA,NA,NA,NA,NA,NA,NA,NA,NA,NA,NA,NA
0000356262265,0,0,0,Multi Serve,NA,NA,NA,NA,NA,NA,NA,NA,NA,NA,NA,NA,NA,NA,NA,NA,NA,NA,NA,NA,NA,NA,NA,NA
0002066200605,0,0,0,Multi Serve,NA,NA,NA,NA,NA,NA,NA,NA,NA,NA,NA,NA,NA,NA,NA,NA,NA,NA,NA,NA,NA,NA,NA,NA
0007192162491,69429564.91,8036474.144,1,Multi Serve,Non- Indulgent,Chicken,Others,Others,Chicken,Non-Veg,Red Sauce,No Gluten Claim Present,Premium,Thin,14.7 Oz,Small (<=20 Oz),Conv Oven,Thin,Regular Crust,1 Ct,Box,No Vegan Claim Present,No Natural Claim Present,No Gmo Claim Present,No Organic Claim Present,No Plant based claim,No Preservative-Free Claim Present,Non BFY
0005843120462,0,0,0,Multi Serve,NA,NA,NA,NA,NA,NA,NA,NA,NA,NA,NA,NA,NA,NA,NA,NA,NA,NA,NA,NA,NA,NA,NA,NA
0000678298614,0,0,0,Multi Serve,NA,NA,NA,NA,NA,NA,NA,NA,NA,NA,NA,NA,NA,NA,NA,NA,NA,NA,NA,NA,NA,NA,NA,NA
0081496700505,143.9240921,13.91966218,0,Multi Serve,NA,NA,NA,NA,NA,NA,NA,NA,NA,NA,NA,NA,NA,NA,NA,NA,NA,NA,NA,NA,NA,NA,NA,NA
0007570630318,10763697.8,1740188.01,0,Multi Serve,Indulgent,Pepperoni,Others,Others,Pepperoni,Non-Veg,Red Sauce,No Gluten Claim Present,Mid Tier,Thin,18.4 Oz,Small (<=20 Oz),Conv Oven,Thin,Regular Crust,1 Ct,Box,No Vegan Claim Present,No Natural Claim Present,No Gmo Claim Present,No Organic Claim Present,No Plant based claim,No Preservative-Free Claim Present,Non BFY
0007570630473,0,0,0,Multi Serve,NA,NA,NA,NA,NA,NA,NA,NA,NA,NA,NA,NA,NA,NA,NA,NA,NA,NA,NA,NA,NA,NA,NA,NA
0074446300001,130520.2532,16598.82171,0,Multi Serve,NA,NA,NA,NA,NA,NA,NA,NA,NA,NA,NA,NA,NA,NA,NA,NA,NA,NA,NA,NA,NA,NA,NA,NA
0001228911950,576767.5945,81435.01178,0,Multi Serve,Non- Indulgent,Chicken,Others,Others,Chicken,PL,PL,No Gluten Claim Present,Premium,Thin,15.62 Oz,Small (<=20 Oz),Conv Oven,PL,PL,1 Ct,Box,No Vegan Claim Present,No Natural Claim Present,No Gmo Claim Present,No Organic Claim Present,PL,No Preservative-Free Claim Present,Non BFY
0000685144815,61989.54218,9186.758046,0,Multi Serve,NA,NA,NA,NA,NA,NA,NA,NA,NA,NA,NA,NA,NA,NA,NA,NA,NA,NA,NA,NA,NA,NA,NA,NA
0068645705304,40230.42378,6121.33894,0,Multi Serve,NA,NA,NA,NA,NA,NA,NA,NA,NA,NA,NA,NA,NA,NA,NA,NA,NA,NA,NA,NA,NA,NA,NA,NA
0000467446838,2900.8964,552.7350118,0,Multi Serve,NA,NA,NA,NA,NA,NA,NA,NA,NA,NA,NA,NA,NA,NA,NA,NA,NA,NA,NA,NA,NA,NA,NA,NA
0079540419444,0,0,0,Multi Serve,NA,NA,NA,NA,NA,NA,NA,NA,NA,NA,NA,NA,NA,NA,NA,NA,NA,NA,NA,NA,NA,NA,NA,NA
0019589370855,140063.3317,15893.53389,0,Multi Serve,NA,NA,NA,NA,NA,NA,NA,NA,NA,NA,NA,NA,NA,NA,NA,NA,NA,NA,NA,NA,NA,NA,NA,NA
0001230170273,447480.4264,78733.2493,0,Multi Serve,Non- Indulgent,Vegetarian,Others,Others,Vegetarian,PL,PL,No Gluten Claim Present,Value,Regular Crust,11.89 Oz,Small (<=20 Oz),Conv Oven,PL,PL,1 Ct,Box,No Vegan Claim Present,No Natural Claim Present,No Gmo Claim Present,No Organic Claim Present,PL,No Preservative-Free Claim Present,Non BFY
0007465383393,14329766.1,3537483.723,1,Multi Serve,Non- Indulgent,Sausage,Others,Others,Sausage,Non-Veg,Red Sauce,No Gluten Claim Present,Value,Regular Crust,14.9 Oz,Small (<=20 Oz),Conv Oven,Thick/Original,Regular Crust,1 Ct,Over Wrap,No Vegan Claim Present,No Natural Claim Present,No Gmo Claim Present,No Organic Claim Present,No Plant based claim,No Preservative-Free Claim Present,Non BFY
0073178913100,30522.81866,2658.470198,0,Multi Serve,NA,NA,NA,NA,NA,NA,NA,NA,NA,NA,NA,NA,NA,NA,NA,NA,NA,NA,NA,NA,NA,NA,NA,NA
0000004581916,606858.1302,157869.5658,0,Multi Serve,NA,NA,NA,NA,NA,NA,NA,NA,NA,NA,NA,NA,NA,NA,NA,NA,NA,NA,NA,NA,NA,NA,NA,NA
0005843120453,0,0,0,Multi Serve,NA,NA,NA,NA,NA,NA,NA,NA,NA,NA,NA,NA,NA,NA,NA,NA,NA,NA,NA,NA,NA,NA,NA,NA
0085001837006,0,0,0,Multi Serve,NA,NA,NA,NA,NA,NA,NA,NA,NA,NA,NA,NA,NA,NA,NA,NA,NA,NA,NA,NA,NA,NA,NA,NA
0001024999909,0,0,0,Multi Serve,NA,NA,NA,NA,NA,NA,NA,NA,NA,NA,NA,NA,NA,NA,NA,NA,NA,NA,NA,NA,NA,NA,NA,NA
0000079145610,0,0,0,Multi Serve,NA,NA,NA,NA,NA,NA,NA,NA,NA,NA,NA,NA,NA,NA,NA,NA,NA,NA,NA,NA,NA,NA,NA,NA
0083041500882,79.56,14.5125,0,Multi Serve,NA,NA,NA,NA,NA,NA,NA,NA,NA,NA,NA,NA,NA,NA,NA,NA,NA,NA,NA,NA,NA,NA,NA,NA
0007570630567,58578.57567,8675.8594,0,Multi Serve,NA,NA,NA,NA,NA,NA,NA,NA,NA,NA,NA,NA,NA,NA,NA,NA,NA,NA,NA,NA,NA,NA,NA,NA
0007570630329,0,0,0,Multi Serve,NA,NA,NA,NA,NA,NA,NA,NA,NA,NA,NA,NA,NA,NA,NA,NA,NA,NA,NA,NA,NA,NA,NA,NA
0005843120457,0,0,0,Multi Serve,NA,NA,NA,NA,NA,NA,NA,NA,NA,NA,NA,NA,NA,NA,NA,NA,NA,NA,NA,NA,NA,NA,NA,NA
0003870895034,542113.5066,104611.9013,0,Multi Serve,NA,NA,NA,NA,NA,NA,NA,NA,NA,NA,NA,NA,NA,NA,NA,NA,NA,NA,NA,NA,NA,NA,NA,NA
0086000162410,723329.3052,123115.3001,0,Multi Serve,Non- Indulgent,Cheese/Plain,Others,Others,Cheese/Plain,Vegetarian,NA,No Gluten Claim Present,Mid Tier,Regular Crust,19.51 Oz,Small (<=20 Oz),Conv Oven,Thick/Original,NA,1 Ct,Box,No Vegan Claim Present,No Natural Claim Present,No Gmo Claim Present,No Organic Claim Present,No Plant based claim,Preservative-Free Claim,BFY
0085001925803,693052.9684,145637.4188,0,Multi Serve,Non- Indulgent,Sausage,Others,Others,Sausage,Non-Veg,NA,No Gluten Claim Present,Mid Tier,Thin,23.75 Oz,Medium (20-30 Oz),Conv Oven,Thin,NA,1 Ct,Box,No Vegan Claim Present,No Natural Claim Present,No Gmo Claim Present,No Organic Claim Present,No Plant based claim,No Preservative-Free Claim Present,Non BFY
0009477613483,16370.72223,4778.776298,0,Multi Serve,NA,NA,NA,NA,NA,NA,NA,NA,NA,NA,NA,NA,NA,NA,NA,NA,NA,NA,NA,NA,NA,NA,NA,NA
0003952890139,218346.36,36164.7682,0,Multi Serve,NA,NA,NA,NA,NA,NA,NA,NA,NA,NA,NA,NA,NA,NA,NA,NA,NA,NA,NA,NA,NA,NA,NA,NA
0000043346972,166070.3494,57209.11093,0,Multi Serve,NA,NA,NA,NA,NA,NA,NA,NA,NA,NA,NA,NA,NA,NA,NA,NA,NA,NA,NA,NA,NA,NA,NA,NA
0003913116986,50689.80061,9944.84569,0,Multi Serve,NA,NA,NA,NA,NA,NA,NA,NA,NA,NA,NA,NA,NA,NA,NA,NA,NA,NA,NA,NA,NA,NA,NA,NA
0007192158162,4858044.267,760067.151,1,Multi Serve,Non- Indulgent,Bacon,Others,Others,Bacon,Non-Veg,Red Sauce,No Gluten Claim Present,Mid Tier,Stuffed Crust,22.8 Oz,Medium (20-30 Oz),Conv Oven,Thick/Original,Regular Crust,1 Ct,Box,No Vegan Claim Present,No Natural Claim Present,No Gmo Claim Present,No Organic Claim Present,No Plant based claim,No Preservative-Free Claim Present,Non BFY
0001477701340,4992.036429,948.0987347,0,Multi Serve,NA,NA,NA,NA,NA,NA,NA,NA,NA,NA,NA,NA,NA,NA,NA,NA,NA,NA,NA,NA,NA,NA,NA,NA
0007570630987,1182320.363,238490.62,0,Multi Serve,Indulgent,Deluxe/Supreme,Deluxe/Supreme,Deluxe/Supreme/Meat Combo,Meat Combos,Non-Veg,NA,No Gluten Claim Present,Mid Tier,Pan/Deep Dish Crust,27.4 Oz,Medium (20-30 Oz),Conv Oven,Thick/Original,Regular Crust,1 Ct,Box,No Vegan Claim Present,No Natural Claim Present,No Gmo Claim Present,No Organic Claim Present,No Plant based claim,No Preservative-Free Claim Present,Non BFY
0007192103438,13779.06745,4265.00234,1,Multi Serve,NA,NA,NA,NA,NA,NA,NA,NA,NA,NA,NA,NA,NA,NA,NA,NA,NA,NA,NA,NA,NA,NA,NA,NA
0085000107873,131584.6722,20758.62478,0,Multi Serve,NA,NA,NA,NA,NA,NA,NA,NA,NA,NA,NA,NA,NA,NA,NA,NA,NA,NA,NA,NA,NA,NA,NA,NA
0000266969794,0,0,0,Multi Serve,NA,NA,NA,NA,NA,NA,NA,NA,NA,NA,NA,NA,NA,NA,NA,NA,NA,NA,NA,NA,NA,NA,NA,NA
0085161400624,0,0,0,Multi Serve,NA,NA,NA,NA,NA,NA,NA,NA,NA,NA,NA,NA,NA,NA,NA,NA,NA,NA,NA,NA,NA,NA,NA,NA
0007218063585,1130.913537,215.0642377,0,Multi Serve,NA,NA,NA,NA,NA,NA,NA,NA,NA,NA,NA,NA,NA,NA,NA,NA,NA,NA,NA,NA,NA,NA,NA,NA
0087145900199,3801977.318,570962.2279,0,Multi Serve,Non- Indulgent,Vegetarian,Others,Others,Vegetarian,Non-Veg,Red Sauce,Gluten Free Claim,Premium,Regular Crust,19.1 Oz,Small (<=20 Oz),Conv Oven,Thick/Original,Healthy,1 Ct,Box,Vegan Claim,No Natural Claim Present,No Gmo Claim Present,No Organic Claim Present,Plant-Based Protein Claim,No Preservative-Free Claim Present,BFY
0004536478933,87.6772191,12.05019504,0,Multi Serve,NA,NA,NA,NA,NA,NA,NA,NA,NA,NA,NA,NA,NA,NA,NA,NA,NA,NA,NA,NA,NA,NA,NA,NA
0000393061317,0,0,0,Multi Serve,NA,NA,NA,NA,NA,NA,NA,NA,NA,NA,NA,NA,NA,NA,NA,NA,NA,NA,NA,NA,NA,NA,NA,NA
0000763061374,490701.9369,83680.37275,0,Multi Serve,NA,NA,NA,NA,NA,NA,NA,NA,NA,NA,NA,NA,NA,NA,NA,NA,NA,NA,NA,NA,NA,NA,NA,NA
0000595281928,201045.5916,52151.8044,0,Multi Serve,NA,NA,NA,NA,NA,NA,NA,NA,NA,NA,NA,NA,NA,NA,NA,NA,NA,NA,NA,NA,NA,NA,NA,NA
0000100577745,0,0,0,Multi Serve,NA,NA,NA,NA,NA,NA,NA,NA,NA,NA,NA,NA,NA,NA,NA,NA,NA,NA,NA,NA,NA,NA,NA,NA
0003913116817,0,0,0,Multi Serve,NA,NA,NA,NA,NA,NA,NA,NA,NA,NA,NA,NA,NA,NA,NA,NA,NA,NA,NA,NA,NA,NA,NA,NA
0007660110001,166140.5596,34565.64262,0,Multi Serve,NA,NA,NA,NA,NA,NA,NA,NA,NA,NA,NA,NA,NA,NA,NA,NA,NA,NA,NA,NA,NA,NA,NA,NA
0087145900198,4899621.546,631556.3458,0,Multi Serve,Non- Indulgent,Pepperoni,Others,Others,Pepperoni,Non-Veg,Red Sauce,Gluten Free Claim,Premium,Regular Crust,16.7 Oz,Small (<=20 Oz),Conv Oven,Thick/Original,Healthy,1 Ct,Box,Vegan Claim,No Natural Claim Present,No Gmo Claim Present,No Organic Claim Present,Plant-Based Protein Claim,No Preservative-Free Claim Present,BFY
0000016232454,290525.3426,36042.57742,0,Multi Serve,NA,NA,NA,NA,NA,NA,NA,NA,NA,NA,NA,NA,NA,NA,NA,NA,NA,NA,NA,NA,NA,NA,NA,NA
0007570631086,468902.6152,90815.40371,0,Multi Serve,NA,NA,NA,NA,NA,NA,NA,NA,NA,NA,NA,NA,NA,NA,NA,NA,NA,NA,NA,NA,NA,NA,NA,NA
0000452880010,0,0,0,Multi Serve,NA,NA,NA,NA,NA,NA,NA,NA,NA,NA,NA,NA,NA,NA,NA,NA,NA,NA,NA,NA,NA,NA,NA,NA
0007192184383,0,0,1,Multi Serve,NA,NA,NA,NA,NA,NA,NA,NA,NA,NA,NA,NA,NA,NA,NA,NA,NA,NA,NA,NA,NA,NA,NA,NA
0004219700370,237281.5028,46731.39433,0,Multi Serve,NA,NA,NA,NA,NA,NA,NA,NA,NA,NA,NA,NA,NA,NA,NA,NA,NA,NA,NA,NA,NA,NA,NA,NA
0000710074359,995364.3192,169135.298,0,Multi Serve,NA,NA,NA,NA,NA,NA,NA,NA,NA,NA,NA,NA,NA,NA,NA,NA,NA,NA,NA,NA,NA,NA,NA,NA
0000577000029,0,0,0,Multi Serve,NA,NA,NA,NA,NA,NA,NA,NA,NA,NA,NA,NA,NA,NA,NA,NA,NA,NA,NA,NA,NA,NA,NA,NA
0003120505900,907626.5755,249325.019,0,Multi Serve,Non- Indulgent,Sausage,Others,Others,Sausage,Non-Veg,NA,No Gluten Claim Present,Mid Tier,Regular Crust,30 Oz,Medium (20-30 Oz),Conv Oven,Thick/Original,NA,1 Ct,Box,No Vegan Claim Present,No Natural Claim Present,No Gmo Claim Present,No Organic Claim Present,No Plant based claim,No Preservative-Free Claim Present,BFY
0000942646209,5342753.642,1159647.754,0,Multi Serve,Non- Indulgent,Ao Topping,Others,Others,Ao Topping,Non-Veg,PL,No Gluten Claim Present,Value,Thin,17.25 Oz,Small (<=20 Oz),Conv Oven,Thin,PL,1 Ct,Box,No Vegan Claim Present,No Natural Claim Present,No Gmo Claim Present,No Organic Claim Present,No Plant based claim,No Preservative-Free Claim Present,Non BFY
0002870445300,0,0,0,Multi Serve,NA,NA,NA,NA,NA,NA,NA,NA,NA,NA,NA,NA,NA,NA,NA,NA,NA,NA,NA,NA,NA,NA,NA,NA
0001477700582,2837.180965,395.5015835,0,Multi Serve,NA,NA,NA,NA,NA,NA,NA,NA,NA,NA,NA,NA,NA,NA,NA,NA,NA,NA,NA,NA,NA,NA,NA,NA
0001131763051,857888.8848,83231.3474,0,Multi Serve,NA,NA,NA,NA,NA,NA,NA,NA,NA,NA,NA,NA,NA,NA,NA,NA,NA,NA,NA,NA,NA,NA,NA,NA
0000598042135,0,0,0,Multi Serve,NA,NA,NA,NA,NA,NA,NA,NA,NA,NA,NA,NA,NA,NA,NA,NA,NA,NA,NA,NA,NA,NA,NA,NA
0000060014466,0,0,0,Multi Serve,NA,NA,NA,NA,NA,NA,NA,NA,NA,NA,NA,NA,NA,NA,NA,NA,NA,NA,NA,NA,NA,NA,NA,NA
0000100577743,0,0,0,Multi Serve,NA,NA,NA,NA,NA,NA,NA,NA,NA,NA,NA,NA,NA,NA,NA,NA,NA,NA,NA,NA,NA,NA,NA,NA
0085350700844,55765.86291,5888.333543,0,Multi Serve,NA,NA,NA,NA,NA,NA,NA,NA,NA,NA,NA,NA,NA,NA,NA,NA,NA,NA,NA,NA,NA,NA,NA,NA
0000114502511,0,0,0,Multi Serve,NA,NA,NA,NA,NA,NA,NA,NA,NA,NA,NA,NA,NA,NA,NA,NA,NA,NA,NA,NA,NA,NA,NA,NA
0086635000002,0,0,0,Multi Serve,NA,NA,NA,NA,NA,NA,NA,NA,NA,NA,NA,NA,NA,NA,NA,NA,NA,NA,NA,NA,NA,NA,NA,NA
0000942643515,4787593.562,1019726.322,0,Multi Serve,Non- Indulgent,Cheese/Plain,Others,Others,Cheese/Plain,Vegetarian,PL,No Gluten Claim Present,Value,Thin,16.9 Oz,Small (<=20 Oz),Conv Oven,Thin,PL,1 Ct,Box,No Vegan Claim Present,No Natural Claim Present,No Gmo Claim Present,No Organic Claim Present,No Plant based claim,No Preservative-Free Claim Present,Non BFY
0001477700599,4816.715038,781.3823771,0,Multi Serve,NA,NA,NA,NA,NA,NA,NA,NA,NA,NA,NA,NA,NA,NA,NA,NA,NA,NA,NA,NA,NA,NA,NA,NA
0001065395901,5388551.074,713820.3393,0,Multi Serve,Non- Indulgent,Meat Combos,Others,Deluxe/Supreme/Meat Combo,Meat Combos,Non-Veg,PL,No Gluten Claim Present,Premium,Wood Fired,14.6 Oz,Small (<=20 Oz),Conv Oven,Thick/Original,PL,1 Ct,Box,No Vegan Claim Present,No Natural Claim Present,No Gmo Claim Present,No Organic Claim Present,No Plant based claim,No Preservative-Free Claim Present,Non BFY
0088570901229,634634.3995,76885.39577,0,Multi Serve,NA,NA,NA,NA,NA,NA,NA,NA,NA,NA,NA,NA,NA,NA,NA,NA,NA,NA,NA,NA,NA,NA,NA,NA
0000411171573,0,0,0,Multi Serve,NA,NA,NA,NA,NA,NA,NA,NA,NA,NA,NA,NA,NA,NA,NA,NA,NA,NA,NA,NA,NA,NA,NA,NA
0003870895005,351091.9404,67047.73391,0,Multi Serve,NA,NA,NA,NA,NA,NA,NA,NA,NA,NA,NA,NA,NA,NA,NA,NA,NA,NA,NA,NA,NA,NA,NA,NA
0007192137661,13107693.67,3225442.161,1,Multi Serve,Non- Indulgent,Pepperoni,Others,Others,Pepperoni,Non-Veg,Red Sauce,No Gluten Claim Present,Value,Regular Crust,18.5 Oz,Small (<=20 Oz),Conv Oven,Thick/Original,Regular Crust,1 Ct,Box,No Vegan Claim Present,No Natural Claim Present,No Gmo Claim Present,No Organic Claim Present,No Plant based claim,No Preservative-Free Claim Present,Non BFY
0085448400804,0,0,0,Multi Serve,NA,NA,NA,NA,NA,NA,NA,NA,NA,NA,NA,NA,NA,NA,NA,NA,NA,NA,NA,NA,NA,NA,NA,NA
0000199063875,0,0,0,Multi Serve,NA,NA,NA,NA,NA,NA,NA,NA,NA,NA,NA,NA,NA,NA,NA,NA,NA,NA,NA,NA,NA,NA,NA,NA
0008805755836,10840.9513,1186.578556,0,Multi Serve,NA,NA,NA,NA,NA,NA,NA,NA,NA,NA,NA,NA,NA,NA,NA,NA,NA,NA,NA,NA,NA,NA,NA,NA
0000029770951,0,0,0,Multi Serve,NA,NA,NA,NA,NA,NA,NA,NA,NA,NA,NA,NA,NA,NA,NA,NA,NA,NA,NA,NA,NA,NA,NA,NA
0009350602879,0,0,0,Multi Serve,NA,NA,NA,NA,NA,NA,NA,NA,NA,NA,NA,NA,NA,NA,NA,NA,NA,NA,NA,NA,NA,NA,NA,NA
0089245300123,0,0,0,Multi Serve,NA,NA,NA,NA,NA,NA,NA,NA,NA,NA,NA,NA,NA,NA,NA,NA,NA,NA,NA,NA,NA,NA,NA,NA
0000729200081,0,0,0,Multi Serve,NA,NA,NA,NA,NA,NA,NA,NA,NA,NA,NA,NA,NA,NA,NA,NA,NA,NA,NA,NA,NA,NA,NA,NA
0002182114012,11942.29182,2222.123731,0,Multi Serve,NA,NA,NA,NA,NA,NA,NA,NA,NA,NA,NA,NA,NA,NA,NA,NA,NA,NA,NA,NA,NA,NA,NA,NA
0270071327740,0,0,1,Multi Serve,NA,NA,NA,NA,NA,NA,NA,NA,NA,NA,NA,NA,NA,NA,NA,NA,NA,NA,NA,NA,NA,NA,NA,NA
0000145644828,144036.8777,50528.26046,0,Multi Serve,NA,NA,NA,NA,NA,NA,NA,NA,NA,NA,NA,NA,NA,NA,NA,NA,NA,NA,NA,NA,NA,NA,NA,NA
0087037500501,23551573.5,5234971.807,0,Multi Serve,Indulgent,Deluxe/Supreme,Deluxe/Supreme,Deluxe/Supreme/Meat Combo,Meat Combos,Non-Veg,Red Sauce,No Gluten Claim Present,Mid Tier,Pan/Deep Dish Crust,29.44 Oz,Medium (20-30 Oz),Conv Oven,Thick/Original,Regular Crust,1 Ct,Box,No Vegan Claim Present,No Natural Claim Present,No Gmo Claim Present,No Organic Claim Present,No Plant based claim,No Preservative-Free Claim Present,Non BFY
0000741852580,548211.6777,59398.42497,0,Multi Serve,NA,NA,NA,NA,NA,NA,NA,NA,NA,NA,NA,NA,NA,NA,NA,NA,NA,NA,NA,NA,NA,NA,NA,NA
0001205736224,694398.0548,96968.63124,0,Multi Serve,NA,NA,NA,NA,NA,NA,NA,NA,NA,NA,NA,NA,NA,NA,NA,NA,NA,NA,NA,NA,NA,NA,NA,NA
0002066200645,4185152.94,724278.6751,0,Multi Serve,Non- Indulgent,Cheese/Plain,Others,Others,Cheese/Plain,Vegetarian,Red Sauce,No Gluten Claim Present,Premium,Ao Crust,22.29 Oz,Medium (20-30 Oz),Conv Oven,Thick/Original,Regular Crust,1 Ct,Box,No Vegan Claim Present,No Natural Claim Present,No Gmo Claim Present,No Organic Claim Present,No Plant based claim,No Preservative-Free Claim Present,Non BFY
0007570630971,28535.10876,2675.865357,0,Multi Serve,NA,NA,NA,NA,NA,NA,NA,NA,NA,NA,NA,NA,NA,NA,NA,NA,NA,NA,NA,NA,NA,NA,NA,NA
0000723420050,167762.8718,54929.41148,0,Multi Serve,NA,NA,NA,NA,NA,NA,NA,NA,NA,NA,NA,NA,NA,NA,NA,NA,NA,NA,NA,NA,NA,NA,NA,NA
0000130783117,16.22673526,4.546283586,0,Multi Serve,NA,NA,NA,NA,NA,NA,NA,NA,NA,NA,NA,NA,NA,NA,NA,NA,NA,NA,NA,NA,NA,NA,NA,NA
0001477700494,95733.66557,29300.14386,0,Multi Serve,NA,NA,NA,NA,NA,NA,NA,NA,NA,NA,NA,NA,NA,NA,NA,NA,NA,NA,NA,NA,NA,NA,NA,NA
0000957976299,107887.1449,36393.52188,0,Multi Serve,NA,NA,NA,NA,NA,NA,NA,NA,NA,NA,NA,NA,NA,NA,NA,NA,NA,NA,NA,NA,NA,NA,NA,NA
0070287465948,668156.9175,87542.1407,0,Multi Serve,NA,NA,NA,NA,NA,NA,NA,NA,NA,NA,NA,NA,NA,NA,NA,NA,NA,NA,NA,NA,NA,NA,NA,NA
0001047203281,854291.5147,144723.1122,0,Multi Serve,Non- Indulgent,Pepperoni,Others,Others,Pepperoni,PL,PL,No Gluten Claim Present,Value,Thin,13.55 Oz,Small (<=20 Oz),Conv Oven,PL,PL,1 Ct,Box,No Vegan Claim Present,No Natural Claim Present,No Gmo Claim Present,No Organic Claim Present,PL,No Preservative-Free Claim Present,Non BFY
0000359441738,0,0,0,Multi Serve,NA,NA,NA,NA,NA,NA,NA,NA,NA,NA,NA,NA,NA,NA,NA,NA,NA,NA,NA,NA,NA,NA,NA,NA
0085161400618,0,0,0,Multi Serve,NA,NA,NA,NA,NA,NA,NA,NA,NA,NA,NA,NA,NA,NA,NA,NA,NA,NA,NA,NA,NA,NA,NA,NA
0086409100044,44180.44056,12246.66093,0,Multi Serve,NA,NA,NA,NA,NA,NA,NA,NA,NA,NA,NA,NA,NA,NA,NA,NA,NA,NA,NA,NA,NA,NA,NA,NA
0007192161460,0,0,1,Multi Serve,NA,NA,NA,NA,NA,NA,NA,NA,NA,NA,NA,NA,NA,NA,NA,NA,NA,NA,NA,NA,NA,NA,NA,NA
0000359445060,0,0,0,Multi Serve,NA,NA,NA,NA,NA,NA,NA,NA,NA,NA,NA,NA,NA,NA,NA,NA,NA,NA,NA,NA,NA,NA,NA,NA
0007192153466,0,0,1,Multi Serve,NA,NA,NA,NA,NA,NA,NA,NA,NA,NA,NA,NA,NA,NA,NA,NA,NA,NA,NA,NA,NA,NA,NA,NA
0007218063321,5.95681004,0.949077247,0,Multi Serve,NA,NA,NA,NA,NA,NA,NA,NA,NA,NA,NA,NA,NA,NA,NA,NA,NA,NA,NA,NA,NA,NA,NA,NA
0007192157336,10.22666729,1.500150543,1,Multi Serve,NA,NA,NA,NA,NA,NA,NA,NA,NA,NA,NA,NA,NA,NA,NA,NA,NA,NA,NA,NA,NA,NA,NA,NA
0000028884751,0,0,0,Multi Serve,NA,NA,NA,NA,NA,NA,NA,NA,NA,NA,NA,NA,NA,NA,NA,NA,NA,NA,NA,NA,NA,NA,NA,NA
0000913640857,5045.998424,2367.91966,0,Multi Serve,NA,NA,NA,NA,NA,NA,NA,NA,NA,NA,NA,NA,NA,NA,NA,NA,NA,NA,NA,NA,NA,NA,NA,NA
0000141373242,461828.5888,105557.3647,0,Multi Serve,Non- Indulgent,Ao Topping,Others,Others,Ao Topping,PL,PL,No Gluten Claim Present,Value,Hand Tossed/Pizzeria Style,19 Oz,Small (<=20 Oz),Conv Oven,PL,PL,1 Ct,Box,No Vegan Claim Present,No Natural Claim Present,No Gmo Claim Present,No Organic Claim Present,No Plant based claim,No Preservative-Free Claim Present,Non BFY
0007570630027,0,0,0,Multi Serve,NA,NA,NA,NA,NA,NA,NA,NA,NA,NA,NA,NA,NA,NA,NA,NA,NA,NA,NA,NA,NA,NA,NA,NA
0004219700207,13321432.39,3403401.883,0,Multi Serve,Indulgent,Deluxe/Supreme,Deluxe/Supreme,Deluxe/Supreme/Meat Combo,Meat Combos,Non-Veg,Red Sauce,No Gluten Claim Present,Mid Tier,Regular Crust,27.95 Oz,Medium (20-30 Oz),Conv Oven,Thick/Original,Regular Crust,1 Ct,Over Wrap,No Vegan Claim Present,No Natural Claim Present,No Gmo Claim Present,No Organic Claim Present,No Plant based claim,No Preservative-Free Claim Present,Non BFY
0086000022553,122686.3537,10322.0349,0,Multi Serve,NA,NA,NA,NA,NA,NA,NA,NA,NA,NA,NA,NA,NA,NA,NA,NA,NA,NA,NA,NA,NA,NA,NA,NA
0064313032361,1385007.836,362812.2303,0,Multi Serve,Indulgent,Meat Combos,Others,Deluxe/Supreme/Meat Combo,Meat Combos,Non-Veg,Red Sauce,No Gluten Claim Present,Mid Tier,Pan/Deep Dish Crust,32 Oz,Large (>= 30 Oz),Conv Oven,Thick/Original,Regular Crust,1 Ct,Box,No Vegan Claim Present,No Natural Claim Present,No Gmo Claim Present,No Organic Claim Present,No Plant based claim,No Preservative-Free Claim Present,Non BFY
0000576968206,0,0,0,Multi Serve,NA,NA,NA,NA,NA,NA,NA,NA,NA,NA,NA,NA,NA,NA,NA,NA,NA,NA,NA,NA,NA,NA,NA,NA
0004219700321,0,0,0,Multi Serve,NA,NA,NA,NA,NA,NA,NA,NA,NA,NA,NA,NA,NA,NA,NA,NA,NA,NA,NA,NA,NA,NA,NA,NA
0085001304403,0,0,0,Multi Serve,NA,NA,NA,NA,NA,NA,NA,NA,NA,NA,NA,NA,NA,NA,NA,NA,NA,NA,NA,NA,NA,NA,NA,NA
0003913116976,0,0,0,Multi Serve,NA,NA,NA,NA,NA,NA,NA,NA,NA,NA,NA,NA,NA,NA,NA,NA,NA,NA,NA,NA,NA,NA,NA,NA
0001047203282,55.32183045,22.13554075,0,Multi Serve,NA,NA,NA,NA,NA,NA,NA,NA,NA,NA,NA,NA,NA,NA,NA,NA,NA,NA,NA,NA,NA,NA,NA,NA
0007570630530,0,0,0,Multi Serve,NA,NA,NA,NA,NA,NA,NA,NA,NA,NA,NA,NA,NA,NA,NA,NA,NA,NA,NA,NA,NA,NA,NA,NA
0002066200607,8111214.717,1140698.48,0,Multi Serve,Non- Indulgent,Ao Topping,Others,Others,Ao Topping,Vegetarian,White,No Gluten Claim Present,Premium,Thin,15.1 Oz,Small (<=20 Oz),Conv Oven,Thin,Regular Crust,1 Ct,Box,No Vegan Claim Present,No Natural Claim Present,No Gmo Claim Present,No Organic Claim Present,No Plant based claim,Preservative-Free Claim,BFY
0003870895136,0,0,0,Multi Serve,NA,NA,NA,NA,NA,NA,NA,NA,NA,NA,NA,NA,NA,NA,NA,NA,NA,NA,NA,NA,NA,NA,NA,NA
0007192121457,71714245,19178160.52,1,Multi Serve,Non- Indulgent,Cheese/Plain,Others,Others,Cheese/Plain,Vegetarian,Red Sauce,No Gluten Claim Present,Mid Tier,Rising Crust,24.6 Oz,Medium (20-30 Oz),Conv Oven,Thick/Original,Regular Crust,1 Ct,Box,No Vegan Claim Present,No Natural Claim Present,No Gmo Claim Present,No Organic Claim Present,No Plant based claim,No Preservative-Free Claim Present,Non BFY
0000251467010,77149.69627,23045.89832,0,Multi Serve,NA,NA,NA,NA,NA,NA,NA,NA,NA,NA,NA,NA,NA,NA,NA,NA,NA,NA,NA,NA,NA,NA,NA,NA
0007192118234,20.38,1.3375,1,Multi Serve,NA,NA,NA,NA,NA,NA,NA,NA,NA,NA,NA,NA,NA,NA,NA,NA,NA,NA,NA,NA,NA,NA,NA,NA
0000251144031,0,0,0,Multi Serve,NA,NA,NA,NA,NA,NA,NA,NA,NA,NA,NA,NA,NA,NA,NA,NA,NA,NA,NA,NA,NA,NA,NA,NA
0007570630299,404406.6411,63550.69683,0,Multi Serve,NA,NA,NA,NA,NA,NA,NA,NA,NA,NA,NA,NA,NA,NA,NA,NA,NA,NA,NA,NA,NA,NA,NA,NA
0003913116992,31.92687385,3.683870986,0,Multi Serve,NA,NA,NA,NA,NA,NA,NA,NA,NA,NA,NA,NA,NA,NA,NA,NA,NA,NA,NA,NA,NA,NA,NA,NA
0087037500502,2597565.819,466745.5046,0,Multi Serve,Indulgent,Cheese/Plain,Others,Others,Cheese/Plain,Vegetarian,NA,No Gluten Claim Present,Mid Tier,Regular Crust,25.84 Oz,Medium (20-30 Oz),Conv Oven,Thick/Original,NA,1 Ct,Box,No Vegan Claim Present,No Natural Claim Present,No Gmo Claim Present,No Organic Claim Present,No Plant based claim,No Preservative-Free Claim Present,Non BFY
0007570630851,49690.10848,15207.60456,0,Multi Serve,NA,NA,NA,NA,NA,NA,NA,NA,NA,NA,NA,NA,NA,NA,NA,NA,NA,NA,NA,NA,NA,NA,NA,NA
0000010914603,19641.9245,3295.621634,0,Multi Serve,NA,NA,NA,NA,NA,NA,NA,NA,NA,NA,NA,NA,NA,NA,NA,NA,NA,NA,NA,NA,NA,NA,NA,NA
0000060248530,0,0,0,Multi Serve,NA,NA,NA,NA,NA,NA,NA,NA,NA,NA,NA,NA,NA,NA,NA,NA,NA,NA,NA,NA,NA,NA,NA,NA
0007192128664,123706.963,20286.15249,1,Multi Serve,NA,NA,NA,NA,NA,NA,NA,NA,NA,NA,NA,NA,NA,NA,NA,NA,NA,NA,NA,NA,NA,NA,NA,NA
0000143156979,0,0,0,Multi Serve,NA,NA,NA,NA,NA,NA,NA,NA,NA,NA,NA,NA,NA,NA,NA,NA,NA,NA,NA,NA,NA,NA,NA,NA
0000615181947,0,0,0,Multi Serve,NA,NA,NA,NA,NA,NA,NA,NA,NA,NA,NA,NA,NA,NA,NA,NA,NA,NA,NA,NA,NA,NA,NA,NA
0000006340779,0,0,0,Multi Serve,NA,NA,NA,NA,NA,NA,NA,NA,NA,NA,NA,NA,NA,NA,NA,NA,NA,NA,NA,NA,NA,NA,NA,NA
0000018273597,0,0,0,Multi Serve,NA,NA,NA,NA,NA,NA,NA,NA,NA,NA,NA,NA,NA,NA,NA,NA,NA,NA,NA,NA,NA,NA,NA,NA
0003870895258,2710.209258,388.767047,0,Multi Serve,NA,NA,NA,NA,NA,NA,NA,NA,NA,NA,NA,NA,NA,NA,NA,NA,NA,NA,NA,NA,NA,NA,NA,NA
0003870895103,483788.862,85592.54311,0,Multi Serve,NA,NA,NA,NA,NA,NA,NA,NA,NA,NA,NA,NA,NA,NA,NA,NA,NA,NA,NA,NA,NA,NA,NA,NA
0007570615106,14.65210614,2.761524302,0,Multi Serve,NA,NA,NA,NA,NA,NA,NA,NA,NA,NA,NA,NA,NA,NA,NA,NA,NA,NA,NA,NA,NA,NA,NA,NA
0000216275108,203640.4575,63499.84678,0,Multi Serve,NA,NA,NA,NA,NA,NA,NA,NA,NA,NA,NA,NA,NA,NA,NA,NA,NA,NA,NA,NA,NA,NA,NA,NA
0009350602670,1189.608617,262.6846164,0,Multi Serve,NA,NA,NA,NA,NA,NA,NA,NA,NA,NA,NA,NA,NA,NA,NA,NA,NA,NA,NA,NA,NA,NA,NA,NA
0007570630382,0,0,0,Multi Serve,NA,NA,NA,NA,NA,NA,NA,NA,NA,NA,NA,NA,NA,NA,NA,NA,NA,NA,NA,NA,NA,NA,NA,NA
0002870444300,0,0,0,Multi Serve,NA,NA,NA,NA,NA,NA,NA,NA,NA,NA,NA,NA,NA,NA,NA,NA,NA,NA,NA,NA,NA,NA,NA,NA
0007192100778,15190502.02,1656440.947,1,Multi Serve,Non- Indulgent,Cheese/Plain,Others,Others,Cheese/Plain,Vegetarian,Red Sauce,No Gluten Claim Present,Premium,Thin,13.5 Oz,Small (<=20 Oz),Conv Oven,Thin,Regular Crust,1 Ct,Box,No Vegan Claim Present,No Natural Claim Present,No Gmo Claim Present,No Organic Claim Present,No Plant based claim,No Preservative-Free Claim Present,Non BFY
0002069112006,4183.676513,852.1996076,0,Multi Serve,NA,NA,NA,NA,NA,NA,NA,NA,NA,NA,NA,NA,NA,NA,NA,NA,NA,NA,NA,NA,NA,NA,NA,NA
0270070883231,0,0,1,Multi Serve,NA,NA,NA,NA,NA,NA,NA,NA,NA,NA,NA,NA,NA,NA,NA,NA,NA,NA,NA,NA,NA,NA,NA,NA
0064313031000,1046405.805,266466.9981,0,Multi Serve,Indulgent,Pepperoni,Others,Others,Pepperoni,Non-Veg,NA,No Gluten Claim Present,Mid Tier,Pan/Deep Dish Crust,32 Oz,Large (>= 30 Oz),Conv Oven,Thick/Original,Regular Crust,1 Ct,Box,No Vegan Claim Present,No Natural Claim Present,No Gmo Claim Present,No Organic Claim Present,No Plant based claim,No Preservative-Free Claim Present,Non BFY
0001327820974,0,0,0,Multi Serve,NA,NA,NA,NA,NA,NA,NA,NA,NA,NA,NA,NA,NA,NA,NA,NA,NA,NA,NA,NA,NA,NA,NA,NA
0004309856341,0,0,0,Multi Serve,NA,NA,NA,NA,NA,NA,NA,NA,NA,NA,NA,NA,NA,NA,NA,NA,NA,NA,NA,NA,NA,NA,NA,NA
0008355409900,28893.28651,3819.474311,0,Multi Serve,NA,NA,NA,NA,NA,NA,NA,NA,NA,NA,NA,NA,NA,NA,NA,NA,NA,NA,NA,NA,NA,NA,NA,NA
0007570630385,0,0,0,Multi Serve,NA,NA,NA,NA,NA,NA,NA,NA,NA,NA,NA,NA,NA,NA,NA,NA,NA,NA,NA,NA,NA,NA,NA,NA
0007570630213,0,0,0,Multi Serve,NA,NA,NA,NA,NA,NA,NA,NA,NA,NA,NA,NA,NA,NA,NA,NA,NA,NA,NA,NA,NA,NA,NA,NA
0001202980025,51838.36787,18143.93368,0,Multi Serve,NA,NA,NA,NA,NA,NA,NA,NA,NA,NA,NA,NA,NA,NA,NA,NA,NA,NA,NA,NA,NA,NA,NA,NA
0062845159921,0,0,0,Multi Serve,NA,NA,NA,NA,NA,NA,NA,NA,NA,NA,NA,NA,NA,NA,NA,NA,NA,NA,NA,NA,NA,NA,NA,NA
0000135990716,36500.19512,3723.58349,0,Multi Serve,NA,NA,NA,NA,NA,NA,NA,NA,NA,NA,NA,NA,NA,NA,NA,NA,NA,NA,NA,NA,NA,NA,NA,NA
0085001598273,0,0,0,Multi Serve,NA,NA,NA,NA,NA,NA,NA,NA,NA,NA,NA,NA,NA,NA,NA,NA,NA,NA,NA,NA,NA,NA,NA,NA
0007192118288,0,0,1,Multi Serve,NA,NA,NA,NA,NA,NA,NA,NA,NA,NA,NA,NA,NA,NA,NA,NA,NA,NA,NA,NA,NA,NA,NA,NA
0000300944214,15.30752289,1.287253715,0,Multi Serve,NA,NA,NA,NA,NA,NA,NA,NA,NA,NA,NA,NA,NA,NA,NA,NA,NA,NA,NA,NA,NA,NA,NA,NA
0000922360979,1284382.536,202112.1713,0,Multi Serve,NA,NA,NA,NA,NA,NA,NA,NA,NA,NA,NA,NA,NA,NA,NA,NA,NA,NA,NA,NA,NA,NA,NA,NA
0003913116901,3465676.35,684761.9247,0,Multi Serve,Non- Indulgent,Meat Combos,Others,Deluxe/Supreme/Meat Combo,Meat Combos,Non-Veg,Red Sauce,No Gluten Claim Present,Premium,Thin,18.96 Oz,Small (<=20 Oz),Conv Oven,Thin,Regular Crust,1 Ct,Box,No Vegan Claim Present,No Natural Claim Present,No Gmo Claim Present,No Organic Claim Present,No Plant based claim,No Preservative-Free Claim Present,Non BFY
0000656904316,0,0,0,Multi Serve,NA,NA,NA,NA,NA,NA,NA,NA,NA,NA,NA,NA,NA,NA,NA,NA,NA,NA,NA,NA,NA,NA,NA,NA
0001205802043,45749.42174,8020.693115,0,Multi Serve,NA,NA,NA,NA,NA,NA,NA,NA,NA,NA,NA,NA,NA,NA,NA,NA,NA,NA,NA,NA,NA,NA,NA,NA
0007570612757,141204.553,37222.93249,0,Multi Serve,NA,NA,NA,NA,NA,NA,NA,NA,NA,NA,NA,NA,NA,NA,NA,NA,NA,NA,NA,NA,NA,NA,NA,NA
0086130900023,0,0,0,Multi Serve,NA,NA,NA,NA,NA,NA,NA,NA,NA,NA,NA,NA,NA,NA,NA,NA,NA,NA,NA,NA,NA,NA,NA,NA
0001230170272,450532.9012,79123.3359,0,Multi Serve,Non- Indulgent,Vegetarian,Others,Others,Vegetarian,PL,PL,No Gluten Claim Present,Value,Regular Crust,11.89 Oz,Small (<=20 Oz),Conv Oven,PL,PL,1 Ct,Box,No Vegan Claim Present,No Natural Claim Present,No Gmo Claim Present,No Organic Claim Present,PL,No Preservative-Free Claim Present,Non BFY
0064313030720,290924.8878,71493.25776,0,Multi Serve,NA,NA,NA,NA,NA,NA,NA,NA,NA,NA,NA,NA,NA,NA,NA,NA,NA,NA,NA,NA,NA,NA,NA,NA
0000469158127,0,0,0,Multi Serve,NA,NA,NA,NA,NA,NA,NA,NA,NA,NA,NA,NA,NA,NA,NA,NA,NA,NA,NA,NA,NA,NA,NA,NA
0000397321048,0,0,0,Multi Serve,NA,NA,NA,NA,NA,NA,NA,NA,NA,NA,NA,NA,NA,NA,NA,NA,NA,NA,NA,NA,NA,NA,NA,NA
0000880229050,1487.27263,308.5553429,0,Multi Serve,NA,NA,NA,NA,NA,NA,NA,NA,NA,NA,NA,NA,NA,NA,NA,NA,NA,NA,NA,NA,NA,NA,NA,NA
0007570630221,0,0,0,Multi Serve,NA,NA,NA,NA,NA,NA,NA,NA,NA,NA,NA,NA,NA,NA,NA,NA,NA,NA,NA,NA,NA,NA,NA,NA
0087145900196,0,0,0,Multi Serve,NA,NA,NA,NA,NA,NA,NA,NA,NA,NA,NA,NA,NA,NA,NA,NA,NA,NA,NA,NA,NA,NA,NA,NA
0075234957418,45517.25605,6903.475572,0,Multi Serve,NA,NA,NA,NA,NA,NA,NA,NA,NA,NA,NA,NA,NA,NA,NA,NA,NA,NA,NA,NA,NA,NA,NA,NA
0270071327734,0,0,1,Multi Serve,NA,NA,NA,NA,NA,NA,NA,NA,NA,NA,NA,NA,NA,NA,NA,NA,NA,NA,NA,NA,NA,NA,NA,NA
0002182114234,89599.67979,14483.6302,0,Multi Serve,NA,NA,NA,NA,NA,NA,NA,NA,NA,NA,NA,NA,NA,NA,NA,NA,NA,NA,NA,NA,NA,NA,NA,NA
0019589388219,187118.286,10803.25354,0,Multi Serve,NA,NA,NA,NA,NA,NA,NA,NA,NA,NA,NA,NA,NA,NA,NA,NA,NA,NA,NA,NA,NA,NA,NA,NA
0002182112567,137293.1236,34780.71956,0,Multi Serve,NA,NA,NA,NA,NA,NA,NA,NA,NA,NA,NA,NA,NA,NA,NA,NA,NA,NA,NA,NA,NA,NA,NA,NA
0007570630974,19704.87968,2324.465839,0,Multi Serve,NA,NA,NA,NA,NA,NA,NA,NA,NA,NA,NA,NA,NA,NA,NA,NA,NA,NA,NA,NA,NA,NA,NA,NA
0085955300418,0,0,0,Multi Serve,NA,NA,NA,NA,NA,NA,NA,NA,NA,NA,NA,NA,NA,NA,NA,NA,NA,NA,NA,NA,NA,NA,NA,NA
0000889957433,732783.0146,98351.92619,0,Multi Serve,NA,NA,NA,NA,NA,NA,NA,NA,NA,NA,NA,NA,NA,NA,NA,NA,NA,NA,NA,NA,NA,NA,NA,NA
0004309820163,3648.852838,575.3263919,0,Multi Serve,NA,NA,NA,NA,NA,NA,NA,NA,NA,NA,NA,NA,NA,NA,NA,NA,NA,NA,NA,NA,NA,NA,NA,NA
0005070614329,22228.06332,3429.347835,0,Multi Serve,NA,NA,NA,NA,NA,NA,NA,NA,NA,NA,NA,NA,NA,NA,NA,NA,NA,NA,NA,NA,NA,NA,NA,NA
0000452879386,0,0,0,Multi Serve,NA,NA,NA,NA,NA,NA,NA,NA,NA,NA,NA,NA,NA,NA,NA,NA,NA,NA,NA,NA,NA,NA,NA,NA
0007570630780,864078.9437,166084.4658,0,Multi Serve,Indulgent,Deluxe/Supreme,Deluxe/Supreme,Deluxe/Supreme/Meat Combo,Meat Combos,Non-Veg,NA,No Gluten Claim Present,Mid Tier,Stuffed Crust,25.4 Oz,Medium (20-30 Oz),Conv Oven,Thick/Original,Regular Crust,1 Ct,Box,No Vegan Claim Present,No Natural Claim Present,No Gmo Claim Present,No Organic Claim Present,No Plant based claim,No Preservative-Free Claim Present,Non BFY
0007218063324,3.87753087,1.237238469,0,Multi Serve,NA,NA,NA,NA,NA,NA,NA,NA,NA,NA,NA,NA,NA,NA,NA,NA,NA,NA,NA,NA,NA,NA,NA,NA
0004023249451,187394.3499,15478.80292,0,Multi Serve,NA,NA,NA,NA,NA,NA,NA,NA,NA,NA,NA,NA,NA,NA,NA,NA,NA,NA,NA,NA,NA,NA,NA,NA
0000138326298,0,0,0,Multi Serve,NA,NA,NA,NA,NA,NA,NA,NA,NA,NA,NA,NA,NA,NA,NA,NA,NA,NA,NA,NA,NA,NA,NA,NA
0007192113389,1076.193318,153.3615881,1,Multi Serve,NA,NA,NA,NA,NA,NA,NA,NA,NA,NA,NA,NA,NA,NA,NA,NA,NA,NA,NA,NA,NA,NA,NA,NA
0000495687000,842941.3169,164578.1095,0,Multi Serve,Non- Indulgent,Ao Topping,Others,Others,Ao Topping,PL,PL,No Gluten Claim Present,Value,Thin,13.7 Oz,Small (<=20 Oz),Conv Oven,Thin,PL,1 Ct,Box,No Vegan Claim Present,No Natural Claim Present,No Gmo Claim Present,No Organic Claim Present,No Plant based claim,No Preservative-Free Claim Present,Non BFY
0000480563399,5335173.749,2325993.387,0,Multi Serve,Non- Indulgent,Meat Combos,Others,Deluxe/Supreme/Meat Combo,Meat Combos,Non-Veg,PL,No Gluten Claim Present,Value,Rising Crust,31.3 Oz,Large (>= 30 Oz),Conv Oven,Thick/Original,PL,1 Ct,Box,No Vegan Claim Present,No Natural Claim Present,No Gmo Claim Present,No Organic Claim Present,No Plant based claim,No Preservative-Free Claim Present,Non BFY
0000053718273,0,0,0,Multi Serve,NA,NA,NA,NA,NA,NA,NA,NA,NA,NA,NA,NA,NA,NA,NA,NA,NA,NA,NA,NA,NA,NA,NA,NA
0071006930501,6274.42575,250.6557856,0,Multi Serve,NA,NA,NA,NA,NA,NA,NA,NA,NA,NA,NA,NA,NA,NA,NA,NA,NA,NA,NA,NA,NA,NA,NA,NA
0000030762746,0,0,0,Multi Serve,NA,NA,NA,NA,NA,NA,NA,NA,NA,NA,NA,NA,NA,NA,NA,NA,NA,NA,NA,NA,NA,NA,NA,NA
0001753812002,0,0,0,Multi Serve,NA,NA,NA,NA,NA,NA,NA,NA,NA,NA,NA,NA,NA,NA,NA,NA,NA,NA,NA,NA,NA,NA,NA,NA
0008805755846,0,0,0,Multi Serve,NA,NA,NA,NA,NA,NA,NA,NA,NA,NA,NA,NA,NA,NA,NA,NA,NA,NA,NA,NA,NA,NA,NA,NA
0803346232006,17350.63466,2146.289337,0,Multi Serve,NA,NA,NA,NA,NA,NA,NA,NA,NA,NA,NA,NA,NA,NA,NA,NA,NA,NA,NA,NA,NA,NA,NA,NA
0002032694855,0,0,0,Multi Serve,NA,NA,NA,NA,NA,NA,NA,NA,NA,NA,NA,NA,NA,NA,NA,NA,NA,NA,NA,NA,NA,NA,NA,NA
0001477700489,86794.4506,22517.07928,0,Multi Serve,NA,NA,NA,NA,NA,NA,NA,NA,NA,NA,NA,NA,NA,NA,NA,NA,NA,NA,NA,NA,NA,NA,NA,NA
0000469567694,0,0,0,Multi Serve,NA,NA,NA,NA,NA,NA,NA,NA,NA,NA,NA,NA,NA,NA,NA,NA,NA,NA,NA,NA,NA,NA,NA,NA
0081350500502,5061.108261,1067.136633,0,Multi Serve,NA,NA,NA,NA,NA,NA,NA,NA,NA,NA,NA,NA,NA,NA,NA,NA,NA,NA,NA,NA,NA,NA,NA,NA
0007192190491,11741772.01,3261054.334,1,Multi Serve,Non- Indulgent,Hawaiian Style,Others,Others,Ao Topping,Non-Veg,Red Sauce,No Gluten Claim Present,Mid Tier,Rising Crust,26.5 Oz,Medium (20-30 Oz),Conv Oven,Thick/Original,Regular Crust,1 Ct,Box,No Vegan Claim Present,No Natural Claim Present,No Gmo Claim Present,No Organic Claim Present,No Plant based claim,No Preservative-Free Claim Present,Non BFY
0007192191576,3573275.76,943717.5105,1,Multi Serve,Non- Indulgent,Meat Combos,Others,Deluxe/Supreme/Meat Combo,Bacon,Non-Veg,Red Sauce,No Gluten Claim Present,Value,Regular Crust,19.3 Oz,Small (<=20 Oz),Conv Oven,Thick/Original,Regular Crust,1 Ct,Over Wrap,No Vegan Claim Present,No Natural Claim Present,No Gmo Claim Present,No Organic Claim Present,No Plant based claim,No Preservative-Free Claim Present,Non BFY
0000808615849,0,0,0,Multi Serve,NA,NA,NA,NA,NA,NA,NA,NA,NA,NA,NA,NA,NA,NA,NA,NA,NA,NA,NA,NA,NA,NA,NA,NA
0000003980080,0,0,0,Multi Serve,NA,NA,NA,NA,NA,NA,NA,NA,NA,NA,NA,NA,NA,NA,NA,NA,NA,NA,NA,NA,NA,NA,NA,NA
0007192138882,324906.8129,65751.02334,1,Multi Serve,NA,NA,NA,NA,NA,NA,NA,NA,NA,NA,NA,NA,NA,NA,NA,NA,NA,NA,NA,NA,NA,NA,NA,NA
0002660513001,432620.8177,70964.50591,0,Multi Serve,NA,NA,NA,NA,NA,NA,NA,NA,NA,NA,NA,NA,NA,NA,NA,NA,NA,NA,NA,NA,NA,NA,NA,NA
0007192169257,4806702.958,385068.4079,1,Multi Serve,Non- Indulgent,Cheese/Plain,Others,Others,Cheese/Plain,Vegetarian,Red Sauce,Gluten Free Claim,Premium,Veggie Crust,11.8 Oz,Small (<=20 Oz),Conv Oven,Thin,Healthy,1 Ct,Box,No Vegan Claim Present,No Natural Claim Present,No Gmo Claim Present,No Organic Claim Present,No Plant based claim,No Preservative-Free Claim Present,BFY
0005843120456,0,0,0,Multi Serve,NA,NA,NA,NA,NA,NA,NA,NA,NA,NA,NA,NA,NA,NA,NA,NA,NA,NA,NA,NA,NA,NA,NA,NA
0000745760357,0,0,0,Multi Serve,NA,NA,NA,NA,NA,NA,NA,NA,NA,NA,NA,NA,NA,NA,NA,NA,NA,NA,NA,NA,NA,NA,NA,NA
0000016234858,270272.792,81671.83005,0,Multi Serve,NA,NA,NA,NA,NA,NA,NA,NA,NA,NA,NA,NA,NA,NA,NA,NA,NA,NA,NA,NA,NA,NA,NA,NA
0003870833284,2278.576401,577.6062332,0,Multi Serve,NA,NA,NA,NA,NA,NA,NA,NA,NA,NA,NA,NA,NA,NA,NA,NA,NA,NA,NA,NA,NA,NA,NA,NA
0007192120928,207152.49,53705,1,Multi Serve,NA,NA,NA,NA,NA,NA,NA,NA,NA,NA,NA,NA,NA,NA,NA,NA,NA,NA,NA,NA,NA,NA,NA,NA
0003913116959,1579279.119,172797.1884,0,Multi Serve,NA,NA,NA,NA,NA,NA,NA,NA,NA,NA,NA,NA,NA,NA,NA,NA,NA,NA,NA,NA,NA,NA,NA,NA
0007986102532,36498.08612,7738.583578,0,Multi Serve,NA,NA,NA,NA,NA,NA,NA,NA,NA,NA,NA,NA,NA,NA,NA,NA,NA,NA,NA,NA,NA,NA,NA,NA
0000927495847,0,0,0,Multi Serve,NA,NA,NA,NA,NA,NA,NA,NA,NA,NA,NA,NA,NA,NA,NA,NA,NA,NA,NA,NA,NA,NA,NA,NA
0082900600009,68760.39857,13395.83864,0,Multi Serve,NA,NA,NA,NA,NA,NA,NA,NA,NA,NA,NA,NA,NA,NA,NA,NA,NA,NA,NA,NA,NA,NA,NA,NA
0000041203276,0,0,0,Multi Serve,NA,NA,NA,NA,NA,NA,NA,NA,NA,NA,NA,NA,NA,NA,NA,NA,NA,NA,NA,NA,NA,NA,NA,NA
0000349752982,1464028.772,389966.0967,0,Multi Serve,Non- Indulgent,Cheese/Plain,Others,Others,Cheese/Plain,PL,PL,No Gluten Claim Present,Value,Regular Crust,15.55 Oz,Small (<=20 Oz),Conv Oven,PL,PL,1 Ct,Over Wrap,No Vegan Claim Present,No Natural Claim Present,No Gmo Claim Present,No Organic Claim Present,No Plant based claim,No Preservative-Free Claim Present,Non BFY
0085005505800,98532.98605,8015.85777,0,Multi Serve,NA,NA,NA,NA,NA,NA,NA,NA,NA,NA,NA,NA,NA,NA,NA,NA,NA,NA,NA,NA,NA,NA,NA,NA
0007570630029,0,0,0,Multi Serve,NA,NA,NA,NA,NA,NA,NA,NA,NA,NA,NA,NA,NA,NA,NA,NA,NA,NA,NA,NA,NA,NA,NA,NA
0083746400082,0,0,0,Multi Serve,NA,NA,NA,NA,NA,NA,NA,NA,NA,NA,NA,NA,NA,NA,NA,NA,NA,NA,NA,NA,NA,NA,NA,NA
0000782315915,1191.500299,307.0431227,0,Multi Serve,NA,NA,NA,NA,NA,NA,NA,NA,NA,NA,NA,NA,NA,NA,NA,NA,NA,NA,NA,NA,NA,NA,NA,NA
0063830284494,158892.6738,31222.11521,0,Multi Serve,NA,NA,NA,NA,NA,NA,NA,NA,NA,NA,NA,NA,NA,NA,NA,NA,NA,NA,NA,NA,NA,NA,NA,NA
0007218063322,37354741.74,8017811.68,0,Multi Serve,Non- Indulgent,Pepperoni,Others,Others,Pepperoni,Non-Veg,Red Sauce,No Gluten Claim Present,Value,Thin,15.77 Oz,Small (<=20 Oz),Conv Oven,Thin,Regular Crust,1 Ct,Box,No Vegan Claim Present,No Natural Claim Present,No Gmo Claim Present,No Organic Claim Present,No Plant based claim,No Preservative-Free Claim Present,Non BFY
0001091680564,547.6047962,126.7176131,0,Multi Serve,NA,NA,NA,NA,NA,NA,NA,NA,NA,NA,NA,NA,NA,NA,NA,NA,NA,NA,NA,NA,NA,NA,NA,NA
0007192180127,0,0,1,Multi Serve,NA,NA,NA,NA,NA,NA,NA,NA,NA,NA,NA,NA,NA,NA,NA,NA,NA,NA,NA,NA,NA,NA,NA,NA
0074747930021,20761903.17,2230051.529,0,Multi Serve,Non- Indulgent,Uncured Pepperoni,Others,Others,Pepperoni,Non-Veg,Red Sauce,No Gluten Claim Present,Premium,Wood Fired,18.3 Oz,Small (<=20 Oz),Conv Oven,Thick/Original,Regular Crust,1 Ct,Box,No Vegan Claim Present,No Natural Claim Present,No Gmo Claim Present,No Organic Claim Present,No Plant based claim,No Preservative-Free Claim Present,Non BFY
0000000101558,19.02946732,2.188751531,1,Multi Serve,NA,NA,NA,NA,NA,NA,NA,NA,NA,NA,NA,NA,NA,NA,NA,NA,NA,NA,NA,NA,NA,NA,NA,NA
0000750732796,5851.688129,1602.042035,0,Multi Serve,NA,NA,NA,NA,NA,NA,NA,NA,NA,NA,NA,NA,NA,NA,NA,NA,NA,NA,NA,NA,NA,NA,NA,NA
0009848795241,0,0,0,Multi Serve,NA,NA,NA,NA,NA,NA,NA,NA,NA,NA,NA,NA,NA,NA,NA,NA,NA,NA,NA,NA,NA,NA,NA,NA
0002660511120,156263.5797,27004.38233,0,Multi Serve,NA,NA,NA,NA,NA,NA,NA,NA,NA,NA,NA,NA,NA,NA,NA,NA,NA,NA,NA,NA,NA,NA,NA,NA
0003913116985,0,0,0,Multi Serve,NA,NA,NA,NA,NA,NA,NA,NA,NA,NA,NA,NA,NA,NA,NA,NA,NA,NA,NA,NA,NA,NA,NA,NA
0000153827627,0,0,0,Multi Serve,NA,NA,NA,NA,NA,NA,NA,NA,NA,NA,NA,NA,NA,NA,NA,NA,NA,NA,NA,NA,NA,NA,NA,NA
0069781201236,150350.0802,11055.69894,0,Multi Serve,NA,NA,NA,NA,NA,NA,NA,NA,NA,NA,NA,NA,NA,NA,NA,NA,NA,NA,NA,NA,NA,NA,NA,NA
0085452700403,0,0,0,Multi Serve,NA,NA,NA,NA,NA,NA,NA,NA,NA,NA,NA,NA,NA,NA,NA,NA,NA,NA,NA,NA,NA,NA,NA,NA
0000506257198,5.107923927,1.45611659,0,Multi Serve,NA,NA,NA,NA,NA,NA,NA,NA,NA,NA,NA,NA,NA,NA,NA,NA,NA,NA,NA,NA,NA,NA,NA,NA
0085264200610,0,0,0,Multi Serve,NA,NA,NA,NA,NA,NA,NA,NA,NA,NA,NA,NA,NA,NA,NA,NA,NA,NA,NA,NA,NA,NA,NA,NA
0004219700002,0,0,0,Multi Serve,NA,NA,NA,NA,NA,NA,NA,NA,NA,NA,NA,NA,NA,NA,NA,NA,NA,NA,NA,NA,NA,NA,NA,NA
0007570630716,7069.286877,1744.234819,0,Multi Serve,NA,NA,NA,NA,NA,NA,NA,NA,NA,NA,NA,NA,NA,NA,NA,NA,NA,NA,NA,NA,NA,NA,NA,NA
0079540413202,304740.1397,65120.91491,0,Multi Serve,NA,NA,NA,NA,NA,NA,NA,NA,NA,NA,NA,NA,NA,NA,NA,NA,NA,NA,NA,NA,NA,NA,NA,NA
0001131579686,93035.61337,16495.2285,0,Multi Serve,NA,NA,NA,NA,NA,NA,NA,NA,NA,NA,NA,NA,NA,NA,NA,NA,NA,NA,NA,NA,NA,NA,NA,NA
0005843120458,0,0,0,Multi Serve,NA,NA,NA,NA,NA,NA,NA,NA,NA,NA,NA,NA,NA,NA,NA,NA,NA,NA,NA,NA,NA,NA,NA,NA
0007218056617,3707898.927,762251.9577,0,Multi Serve,Non- Indulgent,Pepperoni,Others,Others,Pepperoni,Non-Veg,Red Sauce,No Gluten Claim Present,Mid Tier,Regular Crust,17.96 Oz,Small (<=20 Oz),Conv Oven,Thick/Original,Regular Crust,1 Ct,Box,No Vegan Claim Present,No Natural Claim Present,No Gmo Claim Present,No Organic Claim Present,No Plant based claim,No Preservative-Free Claim Present,Non BFY
0007218063770,0,0,0,Multi Serve,NA,NA,NA,NA,NA,NA,NA,NA,NA,NA,NA,NA,NA,NA,NA,NA,NA,NA,NA,NA,NA,NA,NA,NA
0000104600089,4.044067243,2.046724264,0,Multi Serve,NA,NA,NA,NA,NA,NA,NA,NA,NA,NA,NA,NA,NA,NA,NA,NA,NA,NA,NA,NA,NA,NA,NA,NA
0086033500121,0,0,0,Multi Serve,NA,NA,NA,NA,NA,NA,NA,NA,NA,NA,NA,NA,NA,NA,NA,NA,NA,NA,NA,NA,NA,NA,NA,NA
0003913116984,13276.89908,2204.861968,0,Multi Serve,NA,NA,NA,NA,NA,NA,NA,NA,NA,NA,NA,NA,NA,NA,NA,NA,NA,NA,NA,NA,NA,NA,NA,NA
0000098546657,36.31,12.6,0,Multi Serve,NA,NA,NA,NA,NA,NA,NA,NA,NA,NA,NA,NA,NA,NA,NA,NA,NA,NA,NA,NA,NA,NA,NA,NA
0008355408420,0,0,0,Multi Serve,NA,NA,NA,NA,NA,NA,NA,NA,NA,NA,NA,NA,NA,NA,NA,NA,NA,NA,NA,NA,NA,NA,NA,NA
0007192187354,12256395.32,3697548.726,1,Multi Serve,Non- Indulgent,Meat Combos,Others,Deluxe/Supreme/Meat Combo,Meat Combos,Non-Veg,Red Sauce,No Gluten Claim Present,Mid Tier,Rising Crust,27.3 Oz,Medium (20-30 Oz),Conv Oven,Thick/Original,Regular Crust,1 Ct,Box,No Vegan Claim Present,No Natural Claim Present,No Gmo Claim Present,No Organic Claim Present,No Plant based claim,No Preservative-Free Claim Present,Non BFY
0007570630214,0,0,0,Multi Serve,NA,NA,NA,NA,NA,NA,NA,NA,NA,NA,NA,NA,NA,NA,NA,NA,NA,NA,NA,NA,NA,NA,NA,NA
0075234957415,115745.2721,17894.53564,0,Multi Serve,NA,NA,NA,NA,NA,NA,NA,NA,NA,NA,NA,NA,NA,NA,NA,NA,NA,NA,NA,NA,NA,NA,NA,NA
0005833619004,0,0,0,Multi Serve,NA,NA,NA,NA,NA,NA,NA,NA,NA,NA,NA,NA,NA,NA,NA,NA,NA,NA,NA,NA,NA,NA,NA,NA
0000745760368,0,0,0,Multi Serve,NA,NA,NA,NA,NA,NA,NA,NA,NA,NA,NA,NA,NA,NA,NA,NA,NA,NA,NA,NA,NA,NA,NA,NA
0000092292438,20663134.77,6359515.697,0,Multi Serve,Non- Indulgent,Pepperoni,Others,Others,Pepperoni,Non-Veg,PL,No Gluten Claim Present,Value,Regular Crust,15.4 Oz,Small (<=20 Oz),Conv Oven,Thick/Original,Regular Crust,1 Ct,Over Wrap,No Vegan Claim Present,No Natural Claim Present,No Gmo Claim Present,No Organic Claim Present,No Plant based claim,No Preservative-Free Claim Present,Non BFY
0000026823301,1506432.784,701705.0323,0,Multi Serve,Non- Indulgent,Deluxe/Supreme,Deluxe/Supreme,Deluxe/Supreme/Meat Combo,Meat Combos,PL,PL,No Gluten Claim Present,Value,Rising Crust,31.5 Oz,Large (>= 30 Oz),Conv Oven,Thick/Original,PL,1 Ct,Box,No Vegan Claim Present,No Natural Claim Present,No Gmo Claim Present,No Organic Claim Present,No Plant based claim,No Preservative-Free Claim Present,Non BFY
0007192155976,5797495.541,1564540.443,1,Multi Serve,Non- Indulgent,Meat Combos,Others,Deluxe/Supreme/Meat Combo,Meat Combos,Non-Veg,Red Sauce,No Gluten Claim Present,Mid Tier,Ao Crust,23.5 Oz,Medium (20-30 Oz),Conv Oven,Thick/Original,Regular Crust,1 Ct,Box,No Vegan Claim Present,No Natural Claim Present,No Gmo Claim Present,No Organic Claim Present,No Plant based claim,No Preservative-Free Claim Present,Non BFY
0000747359285,0,0,0,Multi Serve,NA,NA,NA,NA,NA,NA,NA,NA,NA,NA,NA,NA,NA,NA,NA,NA,NA,NA,NA,NA,NA,NA,NA,NA
0000034133476,90277.74564,37217.2006,0,Multi Serve,NA,NA,NA,NA,NA,NA,NA,NA,NA,NA,NA,NA,NA,NA,NA,NA,NA,NA,NA,NA,NA,NA,NA,NA
0000016321959,31.84,8.625,0,Multi Serve,NA,NA,NA,NA,NA,NA,NA,NA,NA,NA,NA,NA,NA,NA,NA,NA,NA,NA,NA,NA,NA,NA,NA,NA
0002182110789,0,0,0,Multi Serve,NA,NA,NA,NA,NA,NA,NA,NA,NA,NA,NA,NA,NA,NA,NA,NA,NA,NA,NA,NA,NA,NA,NA,NA
0001813505002,0,0,0,Multi Serve,NA,NA,NA,NA,NA,NA,NA,NA,NA,NA,NA,NA,NA,NA,NA,NA,NA,NA,NA,NA,NA,NA,NA,NA
0083041500946,0,0,0,Multi Serve,NA,NA,NA,NA,NA,NA,NA,NA,NA,NA,NA,NA,NA,NA,NA,NA,NA,NA,NA,NA,NA,NA,NA,NA
0000653413569,71468.25101,12970.43442,0,Multi Serve,NA,NA,NA,NA,NA,NA,NA,NA,NA,NA,NA,NA,NA,NA,NA,NA,NA,NA,NA,NA,NA,NA,NA,NA
0000970567705,280518.1491,73474.2497,0,Multi Serve,NA,NA,NA,NA,NA,NA,NA,NA,NA,NA,NA,NA,NA,NA,NA,NA,NA,NA,NA,NA,NA,NA,NA,NA
0085000107848,235.0659587,38.56252648,0,Multi Serve,NA,NA,NA,NA,NA,NA,NA,NA,NA,NA,NA,NA,NA,NA,NA,NA,NA,NA,NA,NA,NA,NA,NA,NA
0002515500055,0,0,0,Multi Serve,NA,NA,NA,NA,NA,NA,NA,NA,NA,NA,NA,NA,NA,NA,NA,NA,NA,NA,NA,NA,NA,NA,NA,NA
0085001837008,0,0,0,Multi Serve,NA,NA,NA,NA,NA,NA,NA,NA,NA,NA,NA,NA,NA,NA,NA,NA,NA,NA,NA,NA,NA,NA,NA,NA
0007192117411,0,0,1,Multi Serve,NA,NA,NA,NA,NA,NA,NA,NA,NA,NA,NA,NA,NA,NA,NA,NA,NA,NA,NA,NA,NA,NA,NA,NA
0000745943043,3905739.77,382331.1637,0,Multi Serve,Non- Indulgent,Chicken,Others,Others,Chicken,Non-Veg,PL,Gluten Free Claim,Premium,Veggie Crust,11.1 Oz,Small (<=20 Oz),Conv Oven,Thick/Original,Healthy,1 Ct,Box,No Vegan Claim Present,No Natural Claim Present,No Gmo Claim Present,No Organic Claim Present,No Plant based claim,No Preservative-Free Claim Present,BFY
0001813509002,0,0,0,Multi Serve,NA,NA,NA,NA,NA,NA,NA,NA,NA,NA,NA,NA,NA,NA,NA,NA,NA,NA,NA,NA,NA,NA,NA,NA
0000782321534,0,0,0,Multi Serve,NA,NA,NA,NA,NA,NA,NA,NA,NA,NA,NA,NA,NA,NA,NA,NA,NA,NA,NA,NA,NA,NA,NA,NA
0085000446807,41379.78963,4791.188778,0,Multi Serve,NA,NA,NA,NA,NA,NA,NA,NA,NA,NA,NA,NA,NA,NA,NA,NA,NA,NA,NA,NA,NA,NA,NA,NA
0079540419111,0,0,0,Multi Serve,NA,NA,NA,NA,NA,NA,NA,NA,NA,NA,NA,NA,NA,NA,NA,NA,NA,NA,NA,NA,NA,NA,NA,NA
0439904061300,259964.81,36651.2625,0,Multi Serve,NA,NA,NA,NA,NA,NA,NA,NA,NA,NA,NA,NA,NA,NA,NA,NA,NA,NA,NA,NA,NA,NA,NA,NA
0008355409895,492791.9215,68553.56495,0,Multi Serve,NA,NA,NA,NA,NA,NA,NA,NA,NA,NA,NA,NA,NA,NA,NA,NA,NA,NA,NA,NA,NA,NA,NA,NA
0000364590622,1206723.418,174870.2752,0,Multi Serve,NA,NA,NA,NA,NA,NA,NA,NA,NA,NA,NA,NA,NA,NA,NA,NA,NA,NA,NA,NA,NA,NA,NA,NA
0000035621501,76562.35913,13661.97983,0,Multi Serve,NA,NA,NA,NA,NA,NA,NA,NA,NA,NA,NA,NA,NA,NA,NA,NA,NA,NA,NA,NA,NA,NA,NA,NA
0000164088396,0,0,0,Multi Serve,NA,NA,NA,NA,NA,NA,NA,NA,NA,NA,NA,NA,NA,NA,NA,NA,NA,NA,NA,NA,NA,NA,NA,NA
0088570901226,5086548.275,751991.9103,0,Multi Serve,Non- Indulgent,Meat Combos,Others,Deluxe/Supreme/Meat Combo,Meat Combos,Non-Veg,NA,No Gluten Claim Present,Premium,Regular Crust,26 Oz,Medium (20-30 Oz),Conv Oven,Thick/Original,NA,1 Ct,Over Wrap,No Vegan Claim Present,No Natural Claim Present,No Gmo Claim Present,No Organic Claim Present,No Plant based claim,No Preservative-Free Claim Present,Non BFY
0071812297822,34341.73028,5316.232471,0,Multi Serve,NA,NA,NA,NA,NA,NA,NA,NA,NA,NA,NA,NA,NA,NA,NA,NA,NA,NA,NA,NA,NA,NA,NA,NA
0085161400617,0,0,0,Multi Serve,NA,NA,NA,NA,NA,NA,NA,NA,NA,NA,NA,NA,NA,NA,NA,NA,NA,NA,NA,NA,NA,NA,NA,NA
0506019864415,0,0,0,Multi Serve,NA,NA,NA,NA,NA,NA,NA,NA,NA,NA,NA,NA,NA,NA,NA,NA,NA,NA,NA,NA,NA,NA,NA,NA
0000948231312,0,0,0,Multi Serve,Non- Indulgent,Meat Combos,Others,Deluxe/Supreme/Meat Combo,Meat Combos,PL,PL,No Gluten Claim Present,Value,Regular Crust,30.5 Oz,Large (>= 30 Oz),Conv Oven,PL,PL,1 Ct,Box,No Vegan Claim Present,No Natural Claim Present,No Gmo Claim Present,No Organic Claim Present,No Plant based claim,No Preservative-Free Claim Present,Non BFY
0074283205421,0,0,0,Multi Serve,NA,NA,NA,NA,NA,NA,NA,NA,NA,NA,NA,NA,NA,NA,NA,NA,NA,NA,NA,NA,NA,NA,NA,NA
0000942700005,6577.345188,621.8846951,0,Multi Serve,NA,NA,NA,NA,NA,NA,NA,NA,NA,NA,NA,NA,NA,NA,NA,NA,NA,NA,NA,NA,NA,NA,NA,NA
0082900600003,107707.0885,24410.24935,0,Multi Serve,NA,NA,NA,NA,NA,NA,NA,NA,NA,NA,NA,NA,NA,NA,NA,NA,NA,NA,NA,NA,NA,NA,NA,NA
0000055321518,577260.3601,210836.1819,0,Multi Serve,Non- Indulgent,Chicken,Others,Others,Chicken,PL,PL,No Gluten Claim Present,Value,Rising Crust,28.9 Oz,Medium (20-30 Oz),Conv Oven,PL,PL,1 Ct,Box,No Vegan Claim Present,No Natural Claim Present,No Gmo Claim Present,No Organic Claim Present,No Plant based claim,No Preservative-Free Claim Present,Non BFY
0003913116989,433.0753699,46.88958192,0,Multi Serve,NA,NA,NA,NA,NA,NA,NA,NA,NA,NA,NA,NA,NA,NA,NA,NA,NA,NA,NA,NA,NA,NA,NA,NA
0085003994907,9823.991451,1786.23389,0,Multi Serve,NA,NA,NA,NA,NA,NA,NA,NA,NA,NA,NA,NA,NA,NA,NA,NA,NA,NA,NA,NA,NA,NA,NA,NA
0001058093367,11.96,4.19375,0,Multi Serve,NA,NA,NA,NA,NA,NA,NA,NA,NA,NA,NA,NA,NA,NA,NA,NA,NA,NA,NA,NA,NA,NA,NA,NA
0007218063969,5054330.823,1682521.043,0,Multi Serve,Non- Indulgent,Meat Combos,Others,Deluxe/Supreme/Meat Combo,Meat Combos,Non-Veg,Red Sauce,No Gluten Claim Present,Mid Tier,Rising Crust,28.83 Oz,Medium (20-30 Oz),Conv Oven,Thick/Original,Regular Crust,1 Ct,Box,No Vegan Claim Present,No Natural Claim Present,No Gmo Claim Present,No Organic Claim Present,No Plant based claim,No Preservative-Free Claim Present,Non BFY
0007192131942,3757022.319,428238.8293,1,Multi Serve,Non- Indulgent,Chicken,Others,Others,Chicken,Non-Veg,Red Sauce,No Gluten Claim Present,Premium,Thin,13.5 Oz,Small (<=20 Oz),Conv Oven,Thin,Regular Crust,1 Ct,Box,No Vegan Claim Present,No Natural Claim Present,No Gmo Claim Present,No Organic Claim Present,No Plant based claim,No Preservative-Free Claim Present,Non BFY
0019589391562,0,0,0,Multi Serve,NA,NA,NA,NA,NA,NA,NA,NA,NA,NA,NA,NA,NA,NA,NA,NA,NA,NA,NA,NA,NA,NA,NA,NA
0085955300438,217975.8493,14192.2334,0,Multi Serve,NA,NA,NA,NA,NA,NA,NA,NA,NA,NA,NA,NA,NA,NA,NA,NA,NA,NA,NA,NA,NA,NA,NA,NA
0061604367791,4979.603696,862.9535152,0,Multi Serve,NA,NA,NA,NA,NA,NA,NA,NA,NA,NA,NA,NA,NA,NA,NA,NA,NA,NA,NA,NA,NA,NA,NA,NA
0085482600364,58037.71042,10123.85125,0,Multi Serve,NA,NA,NA,NA,NA,NA,NA,NA,NA,NA,NA,NA,NA,NA,NA,NA,NA,NA,NA,NA,NA,NA,NA,NA
0000015266602,0,0,0,Multi Serve,NA,NA,NA,NA,NA,NA,NA,NA,NA,NA,NA,NA,NA,NA,NA,NA,NA,NA,NA,NA,NA,NA,NA,NA
0085000446800,86492.65397,9943.005928,0,Multi Serve,NA,NA,NA,NA,NA,NA,NA,NA,NA,NA,NA,NA,NA,NA,NA,NA,NA,NA,NA,NA,NA,NA,NA,NA
0000267334336,50414.17774,21026.43985,0,Multi Serve,NA,NA,NA,NA,NA,NA,NA,NA,NA,NA,NA,NA,NA,NA,NA,NA,NA,NA,NA,NA,NA,NA,NA,NA
0086287100032,15655219.87,1441562.28,0,Multi Serve,Non- Indulgent,Cheese/Plain,Others,Others,Cheese/Plain,Vegetarian,Red Sauce,Gluten Free Claim,Premium,Veggie Crust,11.6 Oz,Small (<=20 Oz),Conv Oven,Thick/Original,Healthy,1 Ct,Box,No Vegan Claim Present,No Natural Claim Present,No Gmo Claim Present,No Organic Claim Present,No Plant based claim,No Preservative-Free Claim Present,BFY
0073178933042,0,0,0,Multi Serve,NA,NA,NA,NA,NA,NA,NA,NA,NA,NA,NA,NA,NA,NA,NA,NA,NA,NA,NA,NA,NA,NA,NA,NA
0005070600221,0,0,0,Multi Serve,NA,NA,NA,NA,NA,NA,NA,NA,NA,NA,NA,NA,NA,NA,NA,NA,NA,NA,NA,NA,NA,NA,NA,NA
0007570630481,544854.6244,176821.153,0,Multi Serve,NA,NA,NA,NA,NA,NA,NA,NA,NA,NA,NA,NA,NA,NA,NA,NA,NA,NA,NA,NA,NA,NA,NA,NA
0068946613208,4497.988062,1032.50978,0,Multi Serve,NA,NA,NA,NA,NA,NA,NA,NA,NA,NA,NA,NA,NA,NA,NA,NA,NA,NA,NA,NA,NA,NA,NA,NA
0270070883105,0,0,1,Multi Serve,NA,NA,NA,NA,NA,NA,NA,NA,NA,NA,NA,NA,NA,NA,NA,NA,NA,NA,NA,NA,NA,NA,NA,NA
0003913170012,1107349.629,130096.9213,0,Multi Serve,NA,NA,NA,NA,NA,NA,NA,NA,NA,NA,NA,NA,NA,NA,NA,NA,NA,NA,NA,NA,NA,NA,NA,NA
0000055390205,120908.8725,15206.57596,0,Multi Serve,NA,NA,NA,NA,NA,NA,NA,NA,NA,NA,NA,NA,NA,NA,NA,NA,NA,NA,NA,NA,NA,NA,NA,NA
0000216275107,307976.3178,74329.90698,0,Multi Serve,NA,NA,NA,NA,NA,NA,NA,NA,NA,NA,NA,NA,NA,NA,NA,NA,NA,NA,NA,NA,NA,NA,NA,NA
0081075701115,0,0,0,Multi Serve,NA,NA,NA,NA,NA,NA,NA,NA,NA,NA,NA,NA,NA,NA,NA,NA,NA,NA,NA,NA,NA,NA,NA,NA
0085037700534,0,0,0,Multi Serve,NA,NA,NA,NA,NA,NA,NA,NA,NA,NA,NA,NA,NA,NA,NA,NA,NA,NA,NA,NA,NA,NA,NA,NA
0000403775112,0,0,0,Multi Serve,NA,NA,NA,NA,NA,NA,NA,NA,NA,NA,NA,NA,NA,NA,NA,NA,NA,NA,NA,NA,NA,NA,NA,NA
0085001837001,51154.15374,5874.188363,0,Multi Serve,NA,NA,NA,NA,NA,NA,NA,NA,NA,NA,NA,NA,NA,NA,NA,NA,NA,NA,NA,NA,NA,NA,NA,NA
0000701517136,0,0,0,Multi Serve,NA,NA,NA,NA,NA,NA,NA,NA,NA,NA,NA,NA,NA,NA,NA,NA,NA,NA,NA,NA,NA,NA,NA,NA
0001202254762,13968.56331,2152.603897,0,Multi Serve,NA,NA,NA,NA,NA,NA,NA,NA,NA,NA,NA,NA,NA,NA,NA,NA,NA,NA,NA,NA,NA,NA,NA,NA
0005149743800,252378.8283,18161.49792,0,Multi Serve,NA,NA,NA,NA,NA,NA,NA,NA,NA,NA,NA,NA,NA,NA,NA,NA,NA,NA,NA,NA,NA,NA,NA,NA
0000276156843,1023194.721,137152.6081,0,Multi Serve,Non- Indulgent,Cheese/Plain,Others,Others,Cheese/Plain,PL,PL,Gluten Free Claim,Premium,Veggie Crust,11.64 Oz,Small (<=20 Oz),Conv Oven,PL,PL,1 Ct,Box,No Vegan Claim Present,No Natural Claim Present,No Gmo Claim Present,No Organic Claim Present,No Plant based claim,No Preservative-Free Claim Present,BFY
0075283034818,15367.01215,1229.673871,0,Multi Serve,NA,NA,NA,NA,NA,NA,NA,NA,NA,NA,NA,NA,NA,NA,NA,NA,NA,NA,NA,NA,NA,NA,NA,NA
0000889957431,598787.4889,81649.63518,0,Multi Serve,NA,NA,NA,NA,NA,NA,NA,NA,NA,NA,NA,NA,NA,NA,NA,NA,NA,NA,NA,NA,NA,NA,NA,NA
0007570615102,1719566.413,388974.1317,0,Multi Serve,Indulgent,Meat Combos,Others,Deluxe/Supreme/Meat Combo,Meat Combos,Non-Veg,NA,No Gluten Claim Present,Mid Tier,Regular Crust,23.5 Oz,Medium (20-30 Oz),Conv Oven,Thin,NA,1 Ct,Box,No Vegan Claim Present,No Natural Claim Present,No Gmo Claim Present,No Organic Claim Present,No Plant based claim,No Preservative-Free Claim Present,Non BFY
0007570612756,370717.1057,89786.79125,0,Multi Serve,NA,NA,NA,NA,NA,NA,NA,NA,NA,NA,NA,NA,NA,NA,NA,NA,NA,NA,NA,NA,NA,NA,NA,NA
0007570615304,0,0,0,Multi Serve,NA,NA,NA,NA,NA,NA,NA,NA,NA,NA,NA,NA,NA,NA,NA,NA,NA,NA,NA,NA,NA,NA,NA,NA
0000922358997,992028.6623,117635.3637,0,Multi Serve,NA,NA,NA,NA,NA,NA,NA,NA,NA,NA,NA,NA,NA,NA,NA,NA,NA,NA,NA,NA,NA,NA,NA,NA
0007570630715,7701.765913,1853.077975,0,Multi Serve,NA,NA,NA,NA,NA,NA,NA,NA,NA,NA,NA,NA,NA,NA,NA,NA,NA,NA,NA,NA,NA,NA,NA,NA
0085003870819,408569.0097,58465.89799,0,Multi Serve,NA,NA,NA,NA,NA,NA,NA,NA,NA,NA,NA,NA,NA,NA,NA,NA,NA,NA,NA,NA,NA,NA,NA,NA
0000101742988,0,0,0,Multi Serve,NA,NA,NA,NA,NA,NA,NA,NA,NA,NA,NA,NA,NA,NA,NA,NA,NA,NA,NA,NA,NA,NA,NA,NA
0000896508746,0,0,0,Multi Serve,NA,NA,NA,NA,NA,NA,NA,NA,NA,NA,NA,NA,NA,NA,NA,NA,NA,NA,NA,NA,NA,NA,NA,NA
0081469501230,0,0,0,Multi Serve,NA,NA,NA,NA,NA,NA,NA,NA,NA,NA,NA,NA,NA,NA,NA,NA,NA,NA,NA,NA,NA,NA,NA,NA
0007192184540,0,0,1,Multi Serve,NA,NA,NA,NA,NA,NA,NA,NA,NA,NA,NA,NA,NA,NA,NA,NA,NA,NA,NA,NA,NA,NA,NA,NA
0007218063069,21736386.57,6572021.24,0,Multi Serve,Non- Indulgent,Bacon,Others,Others,Bacon,Non-Veg,Red Sauce,No Gluten Claim Present,Mid Tier,Rising Crust,27.51 Oz,Medium (20-30 Oz),Conv Oven,Thick/Original,Regular Crust,1 Ct,Box,No Vegan Claim Present,No Natural Claim Present,No Gmo Claim Present,No Organic Claim Present,No Plant based claim,No Preservative-Free Claim Present,Non BFY
0081160601230,0,0,0,Multi Serve,NA,NA,NA,NA,NA,NA,NA,NA,NA,NA,NA,NA,NA,NA,NA,NA,NA,NA,NA,NA,NA,NA,NA,NA
0000895685254,0,0,0,Multi Serve,NA,NA,NA,NA,NA,NA,NA,NA,NA,NA,NA,NA,NA,NA,NA,NA,NA,NA,NA,NA,NA,NA,NA,NA
0001141385676,0,0,0,Multi Serve,NA,NA,NA,NA,NA,NA,NA,NA,NA,NA,NA,NA,NA,NA,NA,NA,NA,NA,NA,NA,NA,NA,NA,NA
0000501775678,0,0,0,Multi Serve,NA,NA,NA,NA,NA,NA,NA,NA,NA,NA,NA,NA,NA,NA,NA,NA,NA,NA,NA,NA,NA,NA,NA,NA
0007192182774,0,0,0,Multi Serve,NA,NA,NA,NA,NA,NA,NA,NA,NA,NA,NA,NA,NA,NA,NA,NA,NA,NA,NA,NA,NA,NA,NA,NA
0085831600328,3203.0205,342.5177408,0,Multi Serve,NA,NA,NA,NA,NA,NA,NA,NA,NA,NA,NA,NA,NA,NA,NA,NA,NA,NA,NA,NA,NA,NA,NA,NA
0007570619102,1567985.259,326314.9871,0,Multi Serve,Non- Indulgent,Pepperoni,Others,Others,Pepperoni,Non-Veg,NA,No Gluten Claim Present,Mid Tier,Regular Crust,22.19 Oz,Medium (20-30 Oz),Conv Oven,Thin,NA,1 Ct,Box,No Vegan Claim Present,No Natural Claim Present,No Gmo Claim Present,No Organic Claim Present,No Plant based claim,No Preservative-Free Claim Present,Non BFY
0085993500216,0,0,0,Multi Serve,NA,NA,NA,NA,NA,NA,NA,NA,NA,NA,NA,NA,NA,NA,NA,NA,NA,NA,NA,NA,NA,NA,NA,NA
0064313010180,81815.32772,20655.19452,0,Multi Serve,NA,NA,NA,NA,NA,NA,NA,NA,NA,NA,NA,NA,NA,NA,NA,NA,NA,NA,NA,NA,NA,NA,NA,NA
0085750300252,22424.27465,2830.061637,0,Multi Serve,NA,NA,NA,NA,NA,NA,NA,NA,NA,NA,NA,NA,NA,NA,NA,NA,NA,NA,NA,NA,NA,NA,NA,NA
0070510584756,2431.17159,352.7092642,0,Multi Serve,NA,NA,NA,NA,NA,NA,NA,NA,NA,NA,NA,NA,NA,NA,NA,NA,NA,NA,NA,NA,NA,NA,NA,NA
0081001297005,0,0,0,Multi Serve,NA,NA,NA,NA,NA,NA,NA,NA,NA,NA,NA,NA,NA,NA,NA,NA,NA,NA,NA,NA,NA,NA,NA,NA
0003120537000,1296295.101,217779.7546,0,Multi Serve,Non- Indulgent,Pepperoni,Others,Others,Pepperoni,Non-Veg,NA,No Gluten Claim Present,Mid Tier,Thin,17.5 Oz,Small (<=20 Oz),Conv Oven,Thin,NA,1 Ct,Box,No Vegan Claim Present,Natural Claim Present,No Gmo Claim Present,No Organic Claim Present,No Plant based claim,Preservative-Free Claim,BFY
0085452700448,0,0,0,Multi Serve,NA,NA,NA,NA,NA,NA,NA,NA,NA,NA,NA,NA,NA,NA,NA,NA,NA,NA,NA,NA,NA,NA,NA,NA
0000016232726,362401.0581,49145.73445,0,Multi Serve,NA,NA,NA,NA,NA,NA,NA,NA,NA,NA,NA,NA,NA,NA,NA,NA,NA,NA,NA,NA,NA,NA,NA,NA
0000428637315,350823.244,73332.7121,0,Multi Serve,NA,NA,NA,NA,NA,NA,NA,NA,NA,NA,NA,NA,NA,NA,NA,NA,NA,NA,NA,NA,NA,NA,NA,NA
0000583007644,1948343.144,212065.9321,0,Multi Serve,NA,NA,NA,NA,NA,NA,NA,NA,NA,NA,NA,NA,NA,NA,NA,NA,NA,NA,NA,NA,NA,NA,NA,NA
0000729200083,0,0,0,Multi Serve,NA,NA,NA,NA,NA,NA,NA,NA,NA,NA,NA,NA,NA,NA,NA,NA,NA,NA,NA,NA,NA,NA,NA,NA
0000759612236,743733.0259,119798.7304,0,Multi Serve,NA,NA,NA,NA,NA,NA,NA,NA,NA,NA,NA,NA,NA,NA,NA,NA,NA,NA,NA,NA,NA,NA,NA,NA
0002228119402,26912.81254,4159.894719,0,Multi Serve,NA,NA,NA,NA,NA,NA,NA,NA,NA,NA,NA,NA,NA,NA,NA,NA,NA,NA,NA,NA,NA,NA,NA,NA
0000029644095,1393991.65,204285.2335,0,Multi Serve,NA,NA,NA,NA,NA,NA,NA,NA,NA,NA,NA,NA,NA,NA,NA,NA,NA,NA,NA,NA,NA,NA,NA,NA
0000942653756,9440323.969,2167512.192,0,Multi Serve,Non- Indulgent,Deluxe/Supreme,Deluxe/Supreme,Deluxe/Supreme/Meat Combo,Meat Combos,PL,PL,No Gluten Claim Present,Value,Thin,18.25 Oz,Small (<=20 Oz),Conv Oven,Thin,PL,1 Ct,Box,No Vegan Claim Present,No Natural Claim Present,No Gmo Claim Present,No Organic Claim Present,No Plant based claim,No Preservative-Free Claim Present,Non BFY
0004219700357,7515.333932,1897.170446,0,Multi Serve,NA,NA,NA,NA,NA,NA,NA,NA,NA,NA,NA,NA,NA,NA,NA,NA,NA,NA,NA,NA,NA,NA,NA,NA
0000217299027,0,0,0,Multi Serve,NA,NA,NA,NA,NA,NA,NA,NA,NA,NA,NA,NA,NA,NA,NA,NA,NA,NA,NA,NA,NA,NA,NA,NA
0007218063694,31917467.54,2841788.836,0,Multi Serve,Non- Indulgent,Pepperoni,Others,Others,Pepperoni,Non-Veg,Red Sauce,Gluten Free Claim,Mid Tier,Regular Crust,17.78 Oz,Small (<=20 Oz),Conv Oven,Thick/Original,Healthy,1 Ct,Box,No Vegan Claim Present,No Natural Claim Present,No Gmo Claim Present,No Organic Claim Present,No Plant based claim,No Preservative-Free Claim Present,BFY
0002069120020,20848.07231,4068.714008,0,Multi Serve,NA,NA,NA,NA,NA,NA,NA,NA,NA,NA,NA,NA,NA,NA,NA,NA,NA,NA,NA,NA,NA,NA,NA,NA
0000000604184,0,0,0,Multi Serve,NA,NA,NA,NA,NA,NA,NA,NA,NA,NA,NA,NA,NA,NA,NA,NA,NA,NA,NA,NA,NA,NA,NA,NA
0000950068613,0,0,0,Multi Serve,NA,NA,NA,NA,NA,NA,NA,NA,NA,NA,NA,NA,NA,NA,NA,NA,NA,NA,NA,NA,NA,NA,NA,NA
0000132225530,0,0,0,Multi Serve,NA,NA,NA,NA,NA,NA,NA,NA,NA,NA,NA,NA,NA,NA,NA,NA,NA,NA,NA,NA,NA,NA,NA,NA
0085592200631,0,0,0,Multi Serve,NA,NA,NA,NA,NA,NA,NA,NA,NA,NA,NA,NA,NA,NA,NA,NA,NA,NA,NA,NA,NA,NA,NA,NA
0003913116972,0,0,0,Multi Serve,NA,NA,NA,NA,NA,NA,NA,NA,NA,NA,NA,NA,NA,NA,NA,NA,NA,NA,NA,NA,NA,NA,NA,NA
0000336895017,0,0,0,Multi Serve,NA,NA,NA,NA,NA,NA,NA,NA,NA,NA,NA,NA,NA,NA,NA,NA,NA,NA,NA,NA,NA,NA,NA,NA
0005070600032,0,0,0,Multi Serve,NA,NA,NA,NA,NA,NA,NA,NA,NA,NA,NA,NA,NA,NA,NA,NA,NA,NA,NA,NA,NA,NA,NA,NA
0000143455480,302025.2582,103270.5276,0,Multi Serve,NA,NA,NA,NA,NA,NA,NA,NA,NA,NA,NA,NA,NA,NA,NA,NA,NA,NA,NA,NA,NA,NA,NA,NA
0071812297792,26325.4944,3543.432665,0,Multi Serve,NA,NA,NA,NA,NA,NA,NA,NA,NA,NA,NA,NA,NA,NA,NA,NA,NA,NA,NA,NA,NA,NA,NA,NA
0068506001209,0,0,0,Multi Serve,NA,NA,NA,NA,NA,NA,NA,NA,NA,NA,NA,NA,NA,NA,NA,NA,NA,NA,NA,NA,NA,NA,NA,NA
0000358872792,4.99,0.90625,0,Multi Serve,NA,NA,NA,NA,NA,NA,NA,NA,NA,NA,NA,NA,NA,NA,NA,NA,NA,NA,NA,NA,NA,NA,NA,NA
0000041006338,26.90216713,10.80890644,0,Multi Serve,NA,NA,NA,NA,NA,NA,NA,NA,NA,NA,NA,NA,NA,NA,NA,NA,NA,NA,NA,NA,NA,NA,NA,NA
0007465321343,0,0,1,Multi Serve,NA,NA,NA,NA,NA,NA,NA,NA,NA,NA,NA,NA,NA,NA,NA,NA,NA,NA,NA,NA,NA,NA,NA,NA
0000191855452,4449.777651,540.8045029,0,Multi Serve,NA,NA,NA,NA,NA,NA,NA,NA,NA,NA,NA,NA,NA,NA,NA,NA,NA,NA,NA,NA,NA,NA,NA,NA
0001202980024,100809.9615,30984.33216,0,Multi Serve,NA,NA,NA,NA,NA,NA,NA,NA,NA,NA,NA,NA,NA,NA,NA,NA,NA,NA,NA,NA,NA,NA,NA,NA
0270000198882,0,0,0,Multi Serve,NA,NA,NA,NA,NA,NA,NA,NA,NA,NA,NA,NA,NA,NA,NA,NA,NA,NA,NA,NA,NA,NA,NA,NA
0085001837011,0,0,0,Multi Serve,NA,NA,NA,NA,NA,NA,NA,NA,NA,NA,NA,NA,NA,NA,NA,NA,NA,NA,NA,NA,NA,NA,NA,NA
0062845159996,0,0,0,Multi Serve,NA,NA,NA,NA,NA,NA,NA,NA,NA,NA,NA,NA,NA,NA,NA,NA,NA,NA,NA,NA,NA,NA,NA,NA
0000016324107,0,0,0,Multi Serve,NA,NA,NA,NA,NA,NA,NA,NA,NA,NA,NA,NA,NA,NA,NA,NA,NA,NA,NA,NA,NA,NA,NA,NA
0082657011211,0,0,0,Multi Serve,NA,NA,NA,NA,NA,NA,NA,NA,NA,NA,NA,NA,NA,NA,NA,NA,NA,NA,NA,NA,NA,NA,NA,NA
0002660512009,32335.0155,5969.306599,0,Multi Serve,NA,NA,NA,NA,NA,NA,NA,NA,NA,NA,NA,NA,NA,NA,NA,NA,NA,NA,NA,NA,NA,NA,NA,NA
0000099313382,0,0,0,Multi Serve,NA,NA,NA,NA,NA,NA,NA,NA,NA,NA,NA,NA,NA,NA,NA,NA,NA,NA,NA,NA,NA,NA,NA,NA
0007192181424,89009.84514,19144.21168,1,Multi Serve,NA,NA,NA,NA,NA,NA,NA,NA,NA,NA,NA,NA,NA,NA,NA,NA,NA,NA,NA,NA,NA,NA,NA,NA
0000006183905,339022.3329,135484.8908,0,Multi Serve,Non- Indulgent,Pepperoni,Others,Others,Pepperoni,PL,PL,No Gluten Claim Present,Value,Rising Crust,30 Oz,Medium (20-30 Oz),Conv Oven,PL,PL,1 Ct,Box,No Vegan Claim Present,No Natural Claim Present,No Gmo Claim Present,No Organic Claim Present,No Plant based claim,No Preservative-Free Claim Present,Non BFY
0002870447200,1322202.31,234720.9513,0,Multi Serve,NA,NA,NA,NA,NA,NA,NA,NA,NA,NA,NA,NA,NA,NA,NA,NA,NA,NA,NA,NA,NA,NA,NA,NA
0065512220172,0,0,0,Multi Serve,NA,NA,NA,NA,NA,NA,NA,NA,NA,NA,NA,NA,NA,NA,NA,NA,NA,NA,NA,NA,NA,NA,NA,NA
0007218056707,0,0,0,Multi Serve,NA,NA,NA,NA,NA,NA,NA,NA,NA,NA,NA,NA,NA,NA,NA,NA,NA,NA,NA,NA,NA,NA,NA,NA
0000332927705,646166.9747,96733.14937,0,Multi Serve,NA,NA,NA,NA,NA,NA,NA,NA,NA,NA,NA,NA,NA,NA,NA,NA,NA,NA,NA,NA,NA,NA,NA,NA
0087145900197,1063563.497,119472.234,0,Multi Serve,Non- Indulgent,Ao Topping,Others,Others,Ao Topping,Vegetarian,NA,Gluten Free Claim,Premium,Regular Crust,15.3 Oz,Small (<=20 Oz),Conv Oven,Thick/Original,Healthy,1 Ct,Box,No Vegan Claim Present,No Natural Claim Present,Non-Gmo Claim,No Organic Claim Present,No Plant based claim,No Preservative-Free Claim Present,BFY
0000294573861,0,0,0,Multi Serve,NA,NA,NA,NA,NA,NA,NA,NA,NA,NA,NA,NA,NA,NA,NA,NA,NA,NA,NA,NA,NA,NA,NA,NA
0071812293084,0,0,0,Multi Serve,NA,NA,NA,NA,NA,NA,NA,NA,NA,NA,NA,NA,NA,NA,NA,NA,NA,NA,NA,NA,NA,NA,NA,NA
0008805755844,0,0,0,Multi Serve,NA,NA,NA,NA,NA,NA,NA,NA,NA,NA,NA,NA,NA,NA,NA,NA,NA,NA,NA,NA,NA,NA,NA,NA
0000948230817,0,0,0,Multi Serve,Non- Indulgent,Ao Topping,Others,Others,Ao Topping,PL,PL,No Gluten Claim Present,Value,Thin,12.8 Oz,Small (<=20 Oz),Conv Oven,PL,PL,1 Ct,Box,No Vegan Claim Present,No Natural Claim Present,No Gmo Claim Present,No Organic Claim Present,No Plant based claim,No Preservative-Free Claim Present,Non BFY
0007465336877,0,0,1,Multi Serve,NA,NA,NA,NA,NA,NA,NA,NA,NA,NA,NA,NA,NA,NA,NA,NA,NA,NA,NA,NA,NA,NA,NA,NA
0088570910183,3398.574626,506.7530867,0,Multi Serve,NA,NA,NA,NA,NA,NA,NA,NA,NA,NA,NA,NA,NA,NA,NA,NA,NA,NA,NA,NA,NA,NA,NA,NA
0000000640375,9.014965168,2.221303213,1,Multi Serve,NA,NA,NA,NA,NA,NA,NA,NA,NA,NA,NA,NA,NA,NA,NA,NA,NA,NA,NA,NA,NA,NA,NA,NA
0001076625436,2712057.084,1313028.653,0,Multi Serve,Non- Indulgent,Deluxe/Supreme,Deluxe/Supreme,Deluxe/Supreme/Meat Combo,Meat Combos,PL,PL,No Gluten Claim Present,Value,Rising Crust,31.5 Oz,Large (>= 30 Oz),Conv Oven,Thick/Original,PL,1 Ct,Box,No Vegan Claim Present,No Natural Claim Present,No Gmo Claim Present,No Organic Claim Present,No Plant based claim,No Preservative-Free Claim Present,Non BFY
0003120506400,0,0,0,Multi Serve,NA,NA,NA,NA,NA,NA,NA,NA,NA,NA,NA,NA,NA,NA,NA,NA,NA,NA,NA,NA,NA,NA,NA,NA
0000045621873,0,0,0,Multi Serve,NA,NA,NA,NA,NA,NA,NA,NA,NA,NA,NA,NA,NA,NA,NA,NA,NA,NA,NA,NA,NA,NA,NA,NA
0000255021450,1538884.058,266950.0235,0,Multi Serve,Non- Indulgent,Ao Topping,Others,Others,Ao Topping,PL,PL,No Gluten Claim Present,Value,Ao Crust,18.4 Oz,Small (<=20 Oz),Conv Oven,PL,PL,1 Ct,Box,No Vegan Claim Present,No Natural Claim Present,No Gmo Claim Present,No Organic Claim Present,No Plant based claim,No Preservative-Free Claim Present,Non BFY
0002182110678,0,0,0,Multi Serve,NA,NA,NA,NA,NA,NA,NA,NA,NA,NA,NA,NA,NA,NA,NA,NA,NA,NA,NA,NA,NA,NA,NA,NA
0000131316662,3655.523737,923.5818273,0,Multi Serve,NA,NA,NA,NA,NA,NA,NA,NA,NA,NA,NA,NA,NA,NA,NA,NA,NA,NA,NA,NA,NA,NA,NA,NA
0000003282910,0,0,0,Multi Serve,NA,NA,NA,NA,NA,NA,NA,NA,NA,NA,NA,NA,NA,NA,NA,NA,NA,NA,NA,NA,NA,NA,NA,NA
0002515500056,0,0,0,Multi Serve,NA,NA,NA,NA,NA,NA,NA,NA,NA,NA,NA,NA,NA,NA,NA,NA,NA,NA,NA,NA,NA,NA,NA,NA
0079033460207,0,0,0,Multi Serve,NA,NA,NA,NA,NA,NA,NA,NA,NA,NA,NA,NA,NA,NA,NA,NA,NA,NA,NA,NA,NA,NA,NA,NA
0001051766180,1151848.249,416193.6454,0,Multi Serve,Non- Indulgent,Cheese/Plain,Others,Others,Cheese/Plain,Vegetarian,PL,No Gluten Claim Present,Value,Regular Crust,21.06 Oz,Medium (20-30 Oz),Conv Oven,Thick/Original,Regular Crust,1 Ct,Box,No Vegan Claim Present,No Natural Claim Present,No Gmo Claim Present,No Organic Claim Present,No Plant based claim,No Preservative-Free Claim Present,Non BFY
0088570901014,113515.421,14247.6851,0,Multi Serve,NA,NA,NA,NA,NA,NA,NA,NA,NA,NA,NA,NA,NA,NA,NA,NA,NA,NA,NA,NA,NA,NA,NA,NA
0000252847827,1038071.115,118466.8742,0,Multi Serve,NA,NA,NA,NA,NA,NA,NA,NA,NA,NA,NA,NA,NA,NA,NA,NA,NA,NA,NA,NA,NA,NA,NA,NA
0001202255530,34514.26911,5389.187385,0,Multi Serve,NA,NA,NA,NA,NA,NA,NA,NA,NA,NA,NA,NA,NA,NA,NA,NA,NA,NA,NA,NA,NA,NA,NA,NA
0085595400726,186263.3172,10681.98692,0,Multi Serve,NA,NA,NA,NA,NA,NA,NA,NA,NA,NA,NA,NA,NA,NA,NA,NA,NA,NA,NA,NA,NA,NA,NA,NA
0000896496635,3268147.319,503593.7821,0,Multi Serve,Non- Indulgent,Pepperoni,Others,Others,Ao Topping,Non-Veg,PL,No Gluten Claim Present,Value,Regular Crust,16.72 Oz,Small (<=20 Oz),Conv Oven,Thick/Original,PL,1 Ct,Box,No Vegan Claim Present,No Natural Claim Present,No Gmo Claim Present,No Organic Claim Present,No Plant based claim,No Preservative-Free Claim Present,Non BFY
0004158100134,9018.786865,2146.561235,0,Multi Serve,NA,NA,NA,NA,NA,NA,NA,NA,NA,NA,NA,NA,NA,NA,NA,NA,NA,NA,NA,NA,NA,NA,NA,NA
0085831600326,3578.311935,329.3121149,0,Multi Serve,NA,NA,NA,NA,NA,NA,NA,NA,NA,NA,NA,NA,NA,NA,NA,NA,NA,NA,NA,NA,NA,NA,NA,NA
0085452700428,929612.1592,188702.8439,0,Multi Serve,NA,NA,NA,NA,NA,NA,NA,NA,NA,NA,NA,NA,NA,NA,NA,NA,NA,NA,NA,NA,NA,NA,NA,NA
0000058060964,0,0,0,Multi Serve,NA,NA,NA,NA,NA,NA,NA,NA,NA,NA,NA,NA,NA,NA,NA,NA,NA,NA,NA,NA,NA,NA,NA,NA
0002038392186,0,0,0,Multi Serve,NA,NA,NA,NA,NA,NA,NA,NA,NA,NA,NA,NA,NA,NA,NA,NA,NA,NA,NA,NA,NA,NA,NA,NA
0076584762967,3140.429599,474.6207134,0,Multi Serve,NA,NA,NA,NA,NA,NA,NA,NA,NA,NA,NA,NA,NA,NA,NA,NA,NA,NA,NA,NA,NA,NA,NA,NA
0002066200644,5303785.406,902726.5675,0,Multi Serve,Non- Indulgent,Uncured Pepperoni,Others,Others,Pepperoni,Non-Veg,Red Sauce,No Gluten Claim Present,Premium,Ao Crust,21.55 Oz,Medium (20-30 Oz),Conv Oven,Thick/Original,Regular Crust,1 Ct,Box,No Vegan Claim Present,No Natural Claim Present,No Gmo Claim Present,No Organic Claim Present,No Plant based claim,No Preservative-Free Claim Present,Non BFY
0000817327771,0,0,0,Multi Serve,NA,NA,NA,NA,NA,NA,NA,NA,NA,NA,NA,NA,NA,NA,NA,NA,NA,NA,NA,NA,NA,NA,NA,NA
0000577001759,0,0,0,Multi Serve,NA,NA,NA,NA,NA,NA,NA,NA,NA,NA,NA,NA,NA,NA,NA,NA,NA,NA,NA,NA,NA,NA,NA,NA
0001186345945,434320.4684,218808.0929,0,Multi Serve,NA,NA,NA,NA,NA,NA,NA,NA,NA,NA,NA,NA,NA,NA,NA,NA,NA,NA,NA,NA,NA,NA,NA,NA
0000138322411,0,0,0,Multi Serve,NA,NA,NA,NA,NA,NA,NA,NA,NA,NA,NA,NA,NA,NA,NA,NA,NA,NA,NA,NA,NA,NA,NA,NA
0000922359048,284730.6956,42195.19508,0,Multi Serve,NA,NA,NA,NA,NA,NA,NA,NA,NA,NA,NA,NA,NA,NA,NA,NA,NA,NA,NA,NA,NA,NA,NA,NA
0003007409901,0,0,0,Multi Serve,NA,NA,NA,NA,NA,NA,NA,NA,NA,NA,NA,NA,NA,NA,NA,NA,NA,NA,NA,NA,NA,NA,NA,NA
0007192111439,182812.5037,29643.32877,1,Multi Serve,NA,NA,NA,NA,NA,NA,NA,NA,NA,NA,NA,NA,NA,NA,NA,NA,NA,NA,NA,NA,NA,NA,NA,NA
0086001140415,731668.3974,103217.6983,0,Multi Serve,NA,NA,NA,NA,NA,NA,NA,NA,NA,NA,NA,NA,NA,NA,NA,NA,NA,NA,NA,NA,NA,NA,NA,NA
0085001610725,1745.393098,125.592728,0,Multi Serve,NA,NA,NA,NA,NA,NA,NA,NA,NA,NA,NA,NA,NA,NA,NA,NA,NA,NA,NA,NA,NA,NA,NA,NA
0001813506001,86152.74593,14204.40791,0,Multi Serve,NA,NA,NA,NA,NA,NA,NA,NA,NA,NA,NA,NA,NA,NA,NA,NA,NA,NA,NA,NA,NA,NA,NA,NA
0086098100032,11853.76883,930.4405192,0,Multi Serve,NA,NA,NA,NA,NA,NA,NA,NA,NA,NA,NA,NA,NA,NA,NA,NA,NA,NA,NA,NA,NA,NA,NA,NA
0000200499327,577213.7842,82059.51594,0,Multi Serve,NA,NA,NA,NA,NA,NA,NA,NA,NA,NA,NA,NA,NA,NA,NA,NA,NA,NA,NA,NA,NA,NA,NA,NA
0001200873968,20192.17197,4076.679255,0,Multi Serve,NA,NA,NA,NA,NA,NA,NA,NA,NA,NA,NA,NA,NA,NA,NA,NA,NA,NA,NA,NA,NA,NA,NA,NA
0086098100031,7599.88063,594.4703189,0,Multi Serve,NA,NA,NA,NA,NA,NA,NA,NA,NA,NA,NA,NA,NA,NA,NA,NA,NA,NA,NA,NA,NA,NA,NA,NA
0004786111111,920278.0805,148163.343,0,Multi Serve,NA,NA,NA,NA,NA,NA,NA,NA,NA,NA,NA,NA,NA,NA,NA,NA,NA,NA,NA,NA,NA,NA,NA,NA
0007390000515,69377.62779,10926.79244,0,Multi Serve,NA,NA,NA,NA,NA,NA,NA,NA,NA,NA,NA,NA,NA,NA,NA,NA,NA,NA,NA,NA,NA,NA,NA,NA
0019685244290,32363.5678,4701.705797,0,Multi Serve,NA,NA,NA,NA,NA,NA,NA,NA,NA,NA,NA,NA,NA,NA,NA,NA,NA,NA,NA,NA,NA,NA,NA,NA
0067763600008,1188943.869,193640.8455,0,Multi Serve,NA,NA,NA,NA,NA,NA,NA,NA,NA,NA,NA,NA,NA,NA,NA,NA,NA,NA,NA,NA,NA,NA,NA,NA
0009350602615,0,0,0,Multi Serve,NA,NA,NA,NA,NA,NA,NA,NA,NA,NA,NA,NA,NA,NA,NA,NA,NA,NA,NA,NA,NA,NA,NA,NA
0801429430258,0,0,0,Multi Serve,NA,NA,NA,NA,NA,NA,NA,NA,NA,NA,NA,NA,NA,NA,NA,NA,NA,NA,NA,NA,NA,NA,NA,NA
0007390000510,25890.83997,4769.230652,0,Multi Serve,NA,NA,NA,NA,NA,NA,NA,NA,NA,NA,NA,NA,NA,NA,NA,NA,NA,NA,NA,NA,NA,NA,NA,NA
0009350602889,42.63389443,18.23243862,0,Multi Serve,NA,NA,NA,NA,NA,NA,NA,NA,NA,NA,NA,NA,NA,NA,NA,NA,NA,NA,NA,NA,NA,NA,NA,NA
0085004649082,20310.50175,2072.489118,0,Multi Serve,NA,NA,NA,NA,NA,NA,NA,NA,NA,NA,NA,NA,NA,NA,NA,NA,NA,NA,NA,NA,NA,NA,NA,NA
0081475700000,0,0,0,Multi Serve,NA,NA,NA,NA,NA,NA,NA,NA,NA,NA,NA,NA,NA,NA,NA,NA,NA,NA,NA,NA,NA,NA,NA,NA
0007660190001,16076.40774,2846.1241,0,Multi Serve,NA,NA,NA,NA,NA,NA,NA,NA,NA,NA,NA,NA,NA,NA,NA,NA,NA,NA,NA,NA,NA,NA,NA,NA
0007192125296,4756888.053,1449554.642,1,Multi Serve,Non- Indulgent,Cheese/Plain,Others,Others,Cheese/Plain,Vegetarian,Red Sauce,No Gluten Claim Present,Mid Tier,Rising Crust,73.8 Oz,Large (>= 30 Oz),Conv Oven,Thick/Original,Regular Crust,3 Ct,Box,No Vegan Claim Present,No Natural Claim Present,No Gmo Claim Present,No Organic Claim Present,No Plant based claim,No Preservative-Free Claim Present,Non BFY
0000055390206,116733.2812,18435.05813,0,Multi Serve,NA,NA,NA,NA,NA,NA,NA,NA,NA,NA,NA,NA,NA,NA,NA,NA,NA,NA,NA,NA,NA,NA,NA,NA
0000576968223,0,0,0,Multi Serve,NA,NA,NA,NA,NA,NA,NA,NA,NA,NA,NA,NA,NA,NA,NA,NA,NA,NA,NA,NA,NA,NA,NA,NA
0062845168486,1578.983189,172.9174331,0,Multi Serve,NA,NA,NA,NA,NA,NA,NA,NA,NA,NA,NA,NA,NA,NA,NA,NA,NA,NA,NA,NA,NA,NA,NA,NA
0007192194947,1162743.592,282356.3486,1,Multi Serve,NA,NA,NA,NA,NA,NA,NA,NA,NA,NA,NA,NA,NA,NA,NA,NA,NA,NA,NA,NA,NA,NA,NA,NA
0071006930126,13638.28759,1391.792541,0,Multi Serve,NA,NA,NA,NA,NA,NA,NA,NA,NA,NA,NA,NA,NA,NA,NA,NA,NA,NA,NA,NA,NA,NA,NA,NA
0000037373010,929000.5886,111218.1636,0,Multi Serve,NA,NA,NA,NA,NA,NA,NA,NA,NA,NA,NA,NA,NA,NA,NA,NA,NA,NA,NA,NA,NA,NA,NA,NA
0000121442659,0,0,0,Multi Serve,NA,NA,NA,NA,NA,NA,NA,NA,NA,NA,NA,NA,NA,NA,NA,NA,NA,NA,NA,NA,NA,NA,NA,NA
0000005710760,407145.3042,90950.75927,0,Multi Serve,NA,NA,NA,NA,NA,NA,NA,NA,NA,NA,NA,NA,NA,NA,NA,NA,NA,NA,NA,NA,NA,NA,NA,NA
0007864240004,357429.4334,87420.72408,0,Multi Serve,NA,NA,NA,NA,NA,NA,NA,NA,NA,NA,NA,NA,NA,NA,NA,NA,NA,NA,NA,NA,NA,NA,NA,NA
0439904058800,121750.81,28672.4625,1,Multi Serve,NA,NA,NA,NA,NA,NA,NA,NA,NA,NA,NA,NA,NA,NA,NA,NA,NA,NA,NA,NA,NA,NA,NA,NA
0085813000503,0,0,0,Multi Serve,NA,NA,NA,NA,NA,NA,NA,NA,NA,NA,NA,NA,NA,NA,NA,NA,NA,NA,NA,NA,NA,NA,NA,NA
0004219700376,7.994161246,1.385736734,0,Multi Serve,NA,NA,NA,NA,NA,NA,NA,NA,NA,NA,NA,NA,NA,NA,NA,NA,NA,NA,NA,NA,NA,NA,NA,NA
0003870895224,0,0,0,Multi Serve,NA,NA,NA,NA,NA,NA,NA,NA,NA,NA,NA,NA,NA,NA,NA,NA,NA,NA,NA,NA,NA,NA,NA,NA
0002066200603,1357412.996,200314.7523,0,Multi Serve,Non- Indulgent,Cheese/Plain,Others,Others,Cheese/Plain,Vegetarian,Red Sauce,No Gluten Claim Present,Premium,Thin,16.4 Oz,Small (<=20 Oz),Conv Oven,Thin,Regular Crust,1 Ct,Box,No Vegan Claim Present,No Natural Claim Present,No Gmo Claim Present,No Organic Claim Present,No Plant based claim,Preservative-Free Claim,BFY
0000327754200,13414.46087,1886.989039,0,Multi Serve,NA,NA,NA,NA,NA,NA,NA,NA,NA,NA,NA,NA,NA,NA,NA,NA,NA,NA,NA,NA,NA,NA,NA,NA
0007218063811,113816203,26869774.28,0,Multi Serve,Non- Indulgent,Pepperoni,Others,Others,Pepperoni,Non-Veg,Red Sauce,No Gluten Claim Present,Value,Wood Fired,17.89 Oz,Small (<=20 Oz),Conv Oven,Thick/Original,Regular Crust,1 Ct,Box,No Vegan Claim Present,No Natural Claim Present,No Gmo Claim Present,No Organic Claim Present,No Plant based claim,No Preservative-Free Claim Present,Non BFY
0068946613202,11409.57837,2202.352783,0,Multi Serve,NA,NA,NA,NA,NA,NA,NA,NA,NA,NA,NA,NA,NA,NA,NA,NA,NA,NA,NA,NA,NA,NA,NA,NA
0082900600007,19505.97481,3096.824398,0,Multi Serve,NA,NA,NA,NA,NA,NA,NA,NA,NA,NA,NA,NA,NA,NA,NA,NA,NA,NA,NA,NA,NA,NA,NA,NA
0002182113234,46606.51068,5321.569615,0,Multi Serve,NA,NA,NA,NA,NA,NA,NA,NA,NA,NA,NA,NA,NA,NA,NA,NA,NA,NA,NA,NA,NA,NA,NA,NA
0439904061200,159980.67,30264.325,1,Multi Serve,NA,NA,NA,NA,NA,NA,NA,NA,NA,NA,NA,NA,NA,NA,NA,NA,NA,NA,NA,NA,NA,NA,NA,NA
0000349752980,0,0,0,Multi Serve,NA,NA,NA,NA,NA,NA,NA,NA,NA,NA,NA,NA,NA,NA,NA,NA,NA,NA,NA,NA,NA,NA,NA,NA
0007192113530,671235.9584,123749.2385,1,Multi Serve,NA,NA,NA,NA,NA,NA,NA,NA,NA,NA,NA,NA,NA,NA,NA,NA,NA,NA,NA,NA,NA,NA,NA,NA
0000951273020,0,0,0,Multi Serve,NA,NA,NA,NA,NA,NA,NA,NA,NA,NA,NA,NA,NA,NA,NA,NA,NA,NA,NA,NA,NA,NA,NA,NA
0073178989144,48084.50734,4792.49209,0,Multi Serve,NA,NA,NA,NA,NA,NA,NA,NA,NA,NA,NA,NA,NA,NA,NA,NA,NA,NA,NA,NA,NA,NA,NA,NA
0088570901228,131890.0765,20409.58376,0,Multi Serve,NA,NA,NA,NA,NA,NA,NA,NA,NA,NA,NA,NA,NA,NA,NA,NA,NA,NA,NA,NA,NA,NA,NA,NA
0439914570300,217.86,32.2875,1,Multi Serve,NA,NA,NA,NA,NA,NA,NA,NA,NA,NA,NA,NA,NA,NA,NA,NA,NA,NA,NA,NA,NA,NA,NA,NA
0086098100034,6659.983772,518.1228606,0,Multi Serve,NA,NA,NA,NA,NA,NA,NA,NA,NA,NA,NA,NA,NA,NA,NA,NA,NA,NA,NA,NA,NA,NA,NA,NA
0004219700339,0,0,0,Multi Serve,NA,NA,NA,NA,NA,NA,NA,NA,NA,NA,NA,NA,NA,NA,NA,NA,NA,NA,NA,NA,NA,NA,NA,NA
0085264200603,0,0,0,Multi Serve,NA,NA,NA,NA,NA,NA,NA,NA,NA,NA,NA,NA,NA,NA,NA,NA,NA,NA,NA,NA,NA,NA,NA,NA
0064313031001,79304.01682,17805.93862,0,Multi Serve,NA,NA,NA,NA,NA,NA,NA,NA,NA,NA,NA,NA,NA,NA,NA,NA,NA,NA,NA,NA,NA,NA,NA,NA
0000104600038,3.733434856,1.738981344,0,Multi Serve,NA,NA,NA,NA,NA,NA,NA,NA,NA,NA,NA,NA,NA,NA,NA,NA,NA,NA,NA,NA,NA,NA,NA,NA
0079033460201,0,0,0,Multi Serve,NA,NA,NA,NA,NA,NA,NA,NA,NA,NA,NA,NA,NA,NA,NA,NA,NA,NA,NA,NA,NA,NA,NA,NA
0000452840950,1767.420256,265.4446604,0,Multi Serve,NA,NA,NA,NA,NA,NA,NA,NA,NA,NA,NA,NA,NA,NA,NA,NA,NA,NA,NA,NA,NA,NA,NA,NA
0005073200252,22569.29969,4667.434994,0,Multi Serve,NA,NA,NA,NA,NA,NA,NA,NA,NA,NA,NA,NA,NA,NA,NA,NA,NA,NA,NA,NA,NA,NA,NA,NA
0002182110987,0,0,0,Multi Serve,NA,NA,NA,NA,NA,NA,NA,NA,NA,NA,NA,NA,NA,NA,NA,NA,NA,NA,NA,NA,NA,NA,NA,NA
0089245300174,11170.09097,544.1789881,0,Multi Serve,NA,NA,NA,NA,NA,NA,NA,NA,NA,NA,NA,NA,NA,NA,NA,NA,NA,NA,NA,NA,NA,NA,NA,NA
0061604367797,633541.2663,127384.1413,0,Multi Serve,NA,NA,NA,NA,NA,NA,NA,NA,NA,NA,NA,NA,NA,NA,NA,NA,NA,NA,NA,NA,NA,NA,NA,NA
0073178903514,33470.60736,3699.409273,0,Multi Serve,NA,NA,NA,NA,NA,NA,NA,NA,NA,NA,NA,NA,NA,NA,NA,NA,NA,NA,NA,NA,NA,NA,NA,NA
0089784600253,0,0,0,Multi Serve,NA,NA,NA,NA,NA,NA,NA,NA,NA,NA,NA,NA,NA,NA,NA,NA,NA,NA,NA,NA,NA,NA,NA,NA
0000006097359,0,0,0,Multi Serve,NA,NA,NA,NA,NA,NA,NA,NA,NA,NA,NA,NA,NA,NA,NA,NA,NA,NA,NA,NA,NA,NA,NA,NA
0003120506600,2642219.864,635116.8317,0,Multi Serve,Non- Indulgent,Cheese/Plain,Others,Others,Cheese/Plain,Vegetarian,Red Sauce,No Gluten Claim Present,Mid Tier,Regular Crust,27 Oz,Medium (20-30 Oz),Conv Oven,Thick/Original,Regular Crust,1 Ct,Box,No Vegan Claim Present,Natural Claim Present,No Gmo Claim Present,No Organic Claim Present,No Plant based claim,Preservative-Free Claim,BFY
0007192172371,0,0,1,Multi Serve,NA,NA,NA,NA,NA,NA,NA,NA,NA,NA,NA,NA,NA,NA,NA,NA,NA,NA,NA,NA,NA,NA,NA,NA
0002660511111,99415.00604,20438.50546,0,Multi Serve,NA,NA,NA,NA,NA,NA,NA,NA,NA,NA,NA,NA,NA,NA,NA,NA,NA,NA,NA,NA,NA,NA,NA,NA
0004219700007,2.48,1,0,Multi Serve,NA,NA,NA,NA,NA,NA,NA,NA,NA,NA,NA,NA,NA,NA,NA,NA,NA,NA,NA,NA,NA,NA,NA,NA
0007192144119,0,0,1,Multi Serve,NA,NA,NA,NA,NA,NA,NA,NA,NA,NA,NA,NA,NA,NA,NA,NA,NA,NA,NA,NA,NA,NA,NA,NA
0002660513002,8886.361546,1620.834889,0,Multi Serve,NA,NA,NA,NA,NA,NA,NA,NA,NA,NA,NA,NA,NA,NA,NA,NA,NA,NA,NA,NA,NA,NA,NA,NA
0007192179354,41123419.23,7685875.484,1,Multi Serve,Non- Indulgent,Pepperoni,Others,Others,Pepperoni,Non-Veg,Red Sauce,No Gluten Claim Present,Mid Tier,Regular Crust,16.9 Oz,Small (<=20 Oz),Conv Oven,Thick/Original,Regular Crust,1 Ct,Box,No Vegan Claim Present,No Natural Claim Present,No Gmo Claim Present,No Organic Claim Present,No Plant based claim,No Preservative-Free Claim Present,Non BFY
0069899781035,544820.0174,57418.8495,0,Multi Serve,NA,NA,NA,NA,NA,NA,NA,NA,NA,NA,NA,NA,NA,NA,NA,NA,NA,NA,NA,NA,NA,NA,NA,NA
0004219700397,575169.183,108563.5348,0,Multi Serve,NA,NA,NA,NA,NA,NA,NA,NA,NA,NA,NA,NA,NA,NA,NA,NA,NA,NA,NA,NA,NA,NA,NA,NA
0064313010115,104448.4718,25869.85972,0,Multi Serve,NA,NA,NA,NA,NA,NA,NA,NA,NA,NA,NA,NA,NA,NA,NA,NA,NA,NA,NA,NA,NA,NA,NA,NA
0003952802478,0,0,0,Multi Serve,NA,NA,NA,NA,NA,NA,NA,NA,NA,NA,NA,NA,NA,NA,NA,NA,NA,NA,NA,NA,NA,NA,NA,NA
0001220709747,573.4263055,110.0249269,0,Multi Serve,NA,NA,NA,NA,NA,NA,NA,NA,NA,NA,NA,NA,NA,NA,NA,NA,NA,NA,NA,NA,NA,NA,NA,NA
0007192191711,0,0,1,Multi Serve,NA,NA,NA,NA,NA,NA,NA,NA,NA,NA,NA,NA,NA,NA,NA,NA,NA,NA,NA,NA,NA,NA,NA,NA
0000091252264,27752.45242,5325.707899,0,Multi Serve,NA,NA,NA,NA,NA,NA,NA,NA,NA,NA,NA,NA,NA,NA,NA,NA,NA,NA,NA,NA,NA,NA,NA,NA
0085763000309,7971.056539,1441.454477,0,Multi Serve,NA,NA,NA,NA,NA,NA,NA,NA,NA,NA,NA,NA,NA,NA,NA,NA,NA,NA,NA,NA,NA,NA,NA,NA
0007192171351,0,0,1,Multi Serve,NA,NA,NA,NA,NA,NA,NA,NA,NA,NA,NA,NA,NA,NA,NA,NA,NA,NA,NA,NA,NA,NA,NA,NA
0089903900290,7951.936053,756.3918728,0,Multi Serve,NA,NA,NA,NA,NA,NA,NA,NA,NA,NA,NA,NA,NA,NA,NA,NA,NA,NA,NA,NA,NA,NA,NA,NA
0007570630482,0,0,0,Multi Serve,NA,NA,NA,NA,NA,NA,NA,NA,NA,NA,NA,NA,NA,NA,NA,NA,NA,NA,NA,NA,NA,NA,NA,NA
0086000860061,64913.95271,3518.778942,0,Multi Serve,NA,NA,NA,NA,NA,NA,NA,NA,NA,NA,NA,NA,NA,NA,NA,NA,NA,NA,NA,NA,NA,NA,NA,NA
0001200784583,89983.51052,27725.82777,0,Multi Serve,NA,NA,NA,NA,NA,NA,NA,NA,NA,NA,NA,NA,NA,NA,NA,NA,NA,NA,NA,NA,NA,NA,NA,NA
0000408004665,0,0,0,Multi Serve,NA,NA,NA,NA,NA,NA,NA,NA,NA,NA,NA,NA,NA,NA,NA,NA,NA,NA,NA,NA,NA,NA,NA,NA
0085493400717,0,0,0,Multi Serve,NA,NA,NA,NA,NA,NA,NA,NA,NA,NA,NA,NA,NA,NA,NA,NA,NA,NA,NA,NA,NA,NA,NA,NA
0063759910006,41674.75559,5510.809728,0,Multi Serve,NA,NA,NA,NA,NA,NA,NA,NA,NA,NA,NA,NA,NA,NA,NA,NA,NA,NA,NA,NA,NA,NA,NA,NA
0002089846078,2617141.816,414875.4352,0,Multi Serve,Non- Indulgent,Cheese/Plain,Others,Others,Cheese/Plain,Vegetarian,PL,No Gluten Claim Present,Value,Regular Crust,17.3 Oz,Small (<=20 Oz),Conv Oven,Thick/Original,Regular Crust,1 Ct,Box,No Vegan Claim Present,No Natural Claim Present,No Gmo Claim Present,No Organic Claim Present,No Plant based claim,No Preservative-Free Claim Present,Non BFY
0000349753055,1984843.978,552626.6553,0,Multi Serve,Non- Indulgent,Pepperoni,Others,Others,Pepperoni,PL,PL,No Gluten Claim Present,Value,Regular Crust,16.35 Oz,Small (<=20 Oz),Conv Oven,PL,PL,1 Ct,Over Wrap,No Vegan Claim Present,No Natural Claim Present,No Gmo Claim Present,No Organic Claim Present,No Plant based claim,No Preservative-Free Claim Present,Non BFY
0007192128007,0,0,1,Multi Serve,NA,NA,NA,NA,NA,NA,NA,NA,NA,NA,NA,NA,NA,NA,NA,NA,NA,NA,NA,NA,NA,NA,NA,NA
0007192154816,0,0,1,Multi Serve,NA,NA,NA,NA,NA,NA,NA,NA,NA,NA,NA,NA,NA,NA,NA,NA,NA,NA,NA,NA,NA,NA,NA,NA
0007570618013,0,0,0,Multi Serve,NA,NA,NA,NA,NA,NA,NA,NA,NA,NA,NA,NA,NA,NA,NA,NA,NA,NA,NA,NA,NA,NA,NA,NA
0007570615301,718937.584,95950.70909,0,Multi Serve,NA,NA,NA,NA,NA,NA,NA,NA,NA,NA,NA,NA,NA,NA,NA,NA,NA,NA,NA,NA,NA,NA,NA,NA
0005070614326,10244.60673,1427.813641,0,Multi Serve,NA,NA,NA,NA,NA,NA,NA,NA,NA,NA,NA,NA,NA,NA,NA,NA,NA,NA,NA,NA,NA,NA,NA,NA
0085164100308,595.6505572,77.68403172,0,Multi Serve,NA,NA,NA,NA,NA,NA,NA,NA,NA,NA,NA,NA,NA,NA,NA,NA,NA,NA,NA,NA,NA,NA,NA,NA
0081496700002,602.8053515,112.9700591,0,Multi Serve,NA,NA,NA,NA,NA,NA,NA,NA,NA,NA,NA,NA,NA,NA,NA,NA,NA,NA,NA,NA,NA,NA,NA,NA
0007218076270,0,0,0,Multi Serve,NA,NA,NA,NA,NA,NA,NA,NA,NA,NA,NA,NA,NA,NA,NA,NA,NA,NA,NA,NA,NA,NA,NA,NA
0000625238296,6433005.038,1846772.888,0,Multi Serve,Non- Indulgent,Meat Combos,Others,Deluxe/Supreme/Meat Combo,Ao Topping,Non-Veg,PL,No Gluten Claim Present,Value,Regular Crust,14.4 Oz,Small (<=20 Oz),Conv Oven,Thick/Original,Regular Crust,1 Ct,Over Wrap,No Vegan Claim Present,No Natural Claim Present,No Gmo Claim Present,No Organic Claim Present,No Plant based claim,No Preservative-Free Claim Present,Non BFY
0001477703396,0,0,0,Multi Serve,NA,NA,NA,NA,NA,NA,NA,NA,NA,NA,NA,NA,NA,NA,NA,NA,NA,NA,NA,NA,NA,NA,NA,NA
0073178913105,0,0,0,Multi Serve,NA,NA,NA,NA,NA,NA,NA,NA,NA,NA,NA,NA,NA,NA,NA,NA,NA,NA,NA,NA,NA,NA,NA,NA
0002870447400,0,0,0,Multi Serve,NA,NA,NA,NA,NA,NA,NA,NA,NA,NA,NA,NA,NA,NA,NA,NA,NA,NA,NA,NA,NA,NA,NA,NA
0000592935774,3.760563716,1.89811651,0,Multi Serve,NA,NA,NA,NA,NA,NA,NA,NA,NA,NA,NA,NA,NA,NA,NA,NA,NA,NA,NA,NA,NA,NA,NA,NA
0067400700224,50009.98686,6157.826997,0,Multi Serve,NA,NA,NA,NA,NA,NA,NA,NA,NA,NA,NA,NA,NA,NA,NA,NA,NA,NA,NA,NA,NA,NA,NA,NA
0003033311334,399756.5054,68118.17006,0,Multi Serve,NA,NA,NA,NA,NA,NA,NA,NA,NA,NA,NA,NA,NA,NA,NA,NA,NA,NA,NA,NA,NA,NA,NA,NA
0003870895251,80865.23742,11783.09483,0,Multi Serve,NA,NA,NA,NA,NA,NA,NA,NA,NA,NA,NA,NA,NA,NA,NA,NA,NA,NA,NA,NA,NA,NA,NA,NA
0000483034633,38163.54288,4871.31221,0,Multi Serve,NA,NA,NA,NA,NA,NA,NA,NA,NA,NA,NA,NA,NA,NA,NA,NA,NA,NA,NA,NA,NA,NA,NA,NA
0000563887034,538375.3248,113572.5258,0,Multi Serve,Non- Indulgent,Ao Topping,Others,Others,Ao Topping,PL,PL,No Gluten Claim Present,Value,Wood Fired,16.5 Oz,Small (<=20 Oz),Conv Oven,PL,PL,1 Ct,Box,No Vegan Claim Present,No Natural Claim Present,No Gmo Claim Present,No Organic Claim Present,No Plant based claim,No Preservative-Free Claim Present,Non BFY
0007192174819,0,0,1,Multi Serve,NA,NA,NA,NA,NA,NA,NA,NA,NA,NA,NA,NA,NA,NA,NA,NA,NA,NA,NA,NA,NA,NA,NA,NA
0088570901222,1394390.6,160527.7448,0,Multi Serve,NA,NA,NA,NA,NA,NA,NA,NA,NA,NA,NA,NA,NA,NA,NA,NA,NA,NA,NA,NA,NA,NA,NA,NA
0000388807238,0,0,0,Multi Serve,NA,NA,NA,NA,NA,NA,NA,NA,NA,NA,NA,NA,NA,NA,NA,NA,NA,NA,NA,NA,NA,NA,NA,NA
0076584700605,7.58083634,1.569173473,0,Multi Serve,NA,NA,NA,NA,NA,NA,NA,NA,NA,NA,NA,NA,NA,NA,NA,NA,NA,NA,NA,NA,NA,NA,NA,NA
0000490520836,422514.3058,165182.9267,0,Multi Serve,Non- Indulgent,Pepperoni,Others,Others,Pepperoni,PL,PL,No Gluten Claim Present,Value,Thin,20.2 Oz,Medium (20-30 Oz),Conv Oven,PL,PL,1 Ct,Box,No Vegan Claim Present,No Natural Claim Present,No Gmo Claim Present,No Organic Claim Present,No Plant based claim,No Preservative-Free Claim Present,Non BFY
0085000107834,22768.80007,6256.221361,0,Multi Serve,NA,NA,NA,NA,NA,NA,NA,NA,NA,NA,NA,NA,NA,NA,NA,NA,NA,NA,NA,NA,NA,NA,NA,NA
0078510412653,25411.27959,3815.507446,0,Multi Serve,NA,NA,NA,NA,NA,NA,NA,NA,NA,NA,NA,NA,NA,NA,NA,NA,NA,NA,NA,NA,NA,NA,NA,NA
0000770801865,0,0,0,Multi Serve,NA,NA,NA,NA,NA,NA,NA,NA,NA,NA,NA,NA,NA,NA,NA,NA,NA,NA,NA,NA,NA,NA,NA,NA
0001825189162,109969.9356,18722.74077,0,Multi Serve,NA,NA,NA,NA,NA,NA,NA,NA,NA,NA,NA,NA,NA,NA,NA,NA,NA,NA,NA,NA,NA,NA,NA,NA
0069899781032,1642694.255,158530.3199,0,Multi Serve,NA,NA,NA,NA,NA,NA,NA,NA,NA,NA,NA,NA,NA,NA,NA,NA,NA,NA,NA,NA,NA,NA,NA,NA
0000571480013,0,0,0,Multi Serve,NA,NA,NA,NA,NA,NA,NA,NA,NA,NA,NA,NA,NA,NA,NA,NA,NA,NA,NA,NA,NA,NA,NA,NA
0007570615300,402094.5029,56423.01055,0,Multi Serve,Non- Indulgent,Meat Combos,Others,Deluxe/Supreme/Meat Combo,Meat Combos,Non-Veg,NA,No Gluten Claim Present,Premium,Regular Crust,20.45 Oz,Medium (20-30 Oz),Conv Oven,Thin ,NA,1 Ct,Box,No Vegan Claim Present,No Natural Claim Present,No Gmo Claim Present,No Organic Claim Present,No Plant based claim,Preservative-Free Claim,BFY
0086000931964,983.078025,361.6048217,0,Multi Serve,NA,NA,NA,NA,NA,NA,NA,NA,NA,NA,NA,NA,NA,NA,NA,NA,NA,NA,NA,NA,NA,NA,NA,NA
0007218063717,64957581.7,19266827.37,0,Multi Serve,Non- Indulgent,Pepperoni,Others,Others,Pepperoni,Non-Veg,Red Sauce,No Gluten Claim Present,Value,Hand Tossed/Pizzeria Style,18.56 Oz,Small (<=20 Oz),Conv Oven,Thick/Original,NA,1 Ct,Box,No Vegan Claim Present,No Natural Claim Present,No Gmo Claim Present,No Organic Claim Present,No Plant based claim,No Preservative-Free Claim Present,Non BFY
0007192114208,8004096.104,3143164.849,1,Multi Serve,Non- Indulgent,Pepperoni,Others,Others,Pepperoni,Non-Veg,Red Sauce,No Gluten Claim Present,Value,Regular Crust,27 Oz,Medium (20-30 Oz),Conv Oven,Thick/Original,Regular Crust,1 Ct,Over Wrap,No Vegan Claim Present,No Natural Claim Present,No Gmo Claim Present,No Organic Claim Present,No Plant based claim,No Preservative-Free Claim Present,Non BFY
0081931601041,0,0,0,Multi Serve,NA,NA,NA,NA,NA,NA,NA,NA,NA,NA,NA,NA,NA,NA,NA,NA,NA,NA,NA,NA,NA,NA,NA,NA
0019685282440,76917.47012,3859.369902,0,Multi Serve,NA,NA,NA,NA,NA,NA,NA,NA,NA,NA,NA,NA,NA,NA,NA,NA,NA,NA,NA,NA,NA,NA,NA,NA
0009194596797,253.9398858,57.04832177,0,Multi Serve,NA,NA,NA,NA,NA,NA,NA,NA,NA,NA,NA,NA,NA,NA,NA,NA,NA,NA,NA,NA,NA,NA,NA,NA
0004219700352,0,0,0,Multi Serve,NA,NA,NA,NA,NA,NA,NA,NA,NA,NA,NA,NA,NA,NA,NA,NA,NA,NA,NA,NA,NA,NA,NA,NA
0002943500111,0,0,0,Multi Serve,NA,NA,NA,NA,NA,NA,NA,NA,NA,NA,NA,NA,NA,NA,NA,NA,NA,NA,NA,NA,NA,NA,NA,NA
0085763000384,47728.88371,8022.828708,0,Multi Serve,NA,NA,NA,NA,NA,NA,NA,NA,NA,NA,NA,NA,NA,NA,NA,NA,NA,NA,NA,NA,NA,NA,NA,NA
0000090811874,0,0,0,Multi Serve,NA,NA,NA,NA,NA,NA,NA,NA,NA,NA,NA,NA,NA,NA,NA,NA,NA,NA,NA,NA,NA,NA,NA,NA
0000259241176,0,0,0,Multi Serve,NA,NA,NA,NA,NA,NA,NA,NA,NA,NA,NA,NA,NA,NA,NA,NA,NA,NA,NA,NA,NA,NA,NA,NA
0007192185440,0,0,1,Multi Serve,NA,NA,NA,NA,NA,NA,NA,NA,NA,NA,NA,NA,NA,NA,NA,NA,NA,NA,NA,NA,NA,NA,NA,NA
0000122960042,0,0,0,Multi Serve,NA,NA,NA,NA,NA,NA,NA,NA,NA,NA,NA,NA,NA,NA,NA,NA,NA,NA,NA,NA,NA,NA,NA,NA
0007986102310,11878.54727,2051.627563,0,Multi Serve,NA,NA,NA,NA,NA,NA,NA,NA,NA,NA,NA,NA,NA,NA,NA,NA,NA,NA,NA,NA,NA,NA,NA,NA
0085001598233,0,0,0,Multi Serve,NA,NA,NA,NA,NA,NA,NA,NA,NA,NA,NA,NA,NA,NA,NA,NA,NA,NA,NA,NA,NA,NA,NA,NA
0089245300125,8554.727865,392.7314557,0,Multi Serve,NA,NA,NA,NA,NA,NA,NA,NA,NA,NA,NA,NA,NA,NA,NA,NA,NA,NA,NA,NA,NA,NA,NA,NA
0089928500007,0,0,0,Multi Serve,NA,NA,NA,NA,NA,NA,NA,NA,NA,NA,NA,NA,NA,NA,NA,NA,NA,NA,NA,NA,NA,NA,NA,NA
0074283205422,0,0,0,Multi Serve,NA,NA,NA,NA,NA,NA,NA,NA,NA,NA,NA,NA,NA,NA,NA,NA,NA,NA,NA,NA,NA,NA,NA,NA
0085493400735,62054.28712,5106.667102,0,Multi Serve,NA,NA,NA,NA,NA,NA,NA,NA,NA,NA,NA,NA,NA,NA,NA,NA,NA,NA,NA,NA,NA,NA,NA,NA
0000506245376,0,0,0,Multi Serve,NA,NA,NA,NA,NA,NA,NA,NA,NA,NA,NA,NA,NA,NA,NA,NA,NA,NA,NA,NA,NA,NA,NA,NA
0061891512012,0,0,0,Multi Serve,NA,NA,NA,NA,NA,NA,NA,NA,NA,NA,NA,NA,NA,NA,NA,NA,NA,NA,NA,NA,NA,NA,NA,NA
0003870881324,0,0,0,Multi Serve,NA,NA,NA,NA,NA,NA,NA,NA,NA,NA,NA,NA,NA,NA,NA,NA,NA,NA,NA,NA,NA,NA,NA,NA
0007192132105,5238581.868,745028.8951,1,Multi Serve,Non- Indulgent,Pepperoni,Others,Others,Pepperoni,Non-Veg,Red Sauce,No Gluten Claim Present,Mid Tier,Stuffed Crust,20 Oz,Small (<=20 Oz),Conv Oven,Thick/Original,Regular Crust,1 Ct,Box,No Vegan Claim Present,No Natural Claim Present,No Gmo Claim Present,No Organic Claim Present,No Plant based claim,No Preservative-Free Claim Present,Non BFY
0007192141844,1018467.68,78434.31938,1,Multi Serve,NA,NA,NA,NA,NA,NA,NA,NA,NA,NA,NA,NA,NA,NA,NA,NA,NA,NA,NA,NA,NA,NA,NA,NA
0007218063766,0,0,0,Multi Serve,NA,NA,NA,NA,NA,NA,NA,NA,NA,NA,NA,NA,NA,NA,NA,NA,NA,NA,NA,NA,NA,NA,NA,NA
0000042474726,0,0,0,Multi Serve,NA,NA,NA,NA,NA,NA,NA,NA,NA,NA,NA,NA,NA,NA,NA,NA,NA,NA,NA,NA,NA,NA,NA,NA
0007465371211,6737.454184,1448.642045,1,Multi Serve,NA,NA,NA,NA,NA,NA,NA,NA,NA,NA,NA,NA,NA,NA,NA,NA,NA,NA,NA,NA,NA,NA,NA,NA
0000466216319,0,0,0,Multi Serve,NA,NA,NA,NA,NA,NA,NA,NA,NA,NA,NA,NA,NA,NA,NA,NA,NA,NA,NA,NA,NA,NA,NA,NA
0085584000605,0,0,0,Multi Serve,NA,NA,NA,NA,NA,NA,NA,NA,NA,NA,NA,NA,NA,NA,NA,NA,NA,NA,NA,NA,NA,NA,NA,NA
0000268720221,58616.66284,10253.19453,0,Multi Serve,NA,NA,NA,NA,NA,NA,NA,NA,NA,NA,NA,NA,NA,NA,NA,NA,NA,NA,NA,NA,NA,NA,NA,NA
0003870895083,195.9077479,23.36234857,0,Multi Serve,NA,NA,NA,NA,NA,NA,NA,NA,NA,NA,NA,NA,NA,NA,NA,NA,NA,NA,NA,NA,NA,NA,NA,NA
0000532758265,0,0,0,Multi Serve,NA,NA,NA,NA,NA,NA,NA,NA,NA,NA,NA,NA,NA,NA,NA,NA,NA,NA,NA,NA,NA,NA,NA,NA
0074517845000,0,0,0,Multi Serve,NA,NA,NA,NA,NA,NA,NA,NA,NA,NA,NA,NA,NA,NA,NA,NA,NA,NA,NA,NA,NA,NA,NA,NA
0003870895260,218442.4811,38622.33268,0,Multi Serve,NA,NA,NA,NA,NA,NA,NA,NA,NA,NA,NA,NA,NA,NA,NA,NA,NA,NA,NA,NA,NA,NA,NA,NA
0000031683802,0,0,0,Multi Serve,NA,NA,NA,NA,NA,NA,NA,NA,NA,NA,NA,NA,NA,NA,NA,NA,NA,NA,NA,NA,NA,NA,NA,NA
0000017016713,962.6417349,204.6065574,0,Multi Serve,NA,NA,NA,NA,NA,NA,NA,NA,NA,NA,NA,NA,NA,NA,NA,NA,NA,NA,NA,NA,NA,NA,NA,NA
0000070646941,0,0,0,Multi Serve,NA,NA,NA,NA,NA,NA,NA,NA,NA,NA,NA,NA,NA,NA,NA,NA,NA,NA,NA,NA,NA,NA,NA,NA
0007192115652,0,0,1,Multi Serve,NA,NA,NA,NA,NA,NA,NA,NA,NA,NA,NA,NA,NA,NA,NA,NA,NA,NA,NA,NA,NA,NA,NA,NA
0007192165199,11966528.66,1127020.501,1,Multi Serve,Non- Indulgent,Meat Combos,Others,Deluxe/Supreme/Meat Combo,Meat Combos,Non-Veg,Red Sauce,Gluten Free Claim,Premium,Veggie Crust,12.4 Oz,Small (<=20 Oz),Conv Oven,Thin,Healthy,1 Ct,Box,No Vegan Claim Present,No Natural Claim Present,No Gmo Claim Present,No Organic Claim Present,No Plant based claim,No Preservative-Free Claim Present,BFY
0000423345077,244965.0758,32006.28803,0,Multi Serve,NA,NA,NA,NA,NA,NA,NA,NA,NA,NA,NA,NA,NA,NA,NA,NA,NA,NA,NA,NA,NA,NA,NA,NA
0004219700351,2786031.123,631742.9782,0,Multi Serve,Indulgent,Hawaiian Style,Others,Others,Ao Topping,Vegetarian,Red Sauce,No Gluten Claim Present,Mid Tier,Regular Crust,24 Oz,Medium (20-30 Oz),Conv Oven,Thick/Original,Regular Crust,1 Ct,Over Wrap,No Vegan Claim Present,No Natural Claim Present,No Gmo Claim Present,No Organic Claim Present,No Plant based claim,No Preservative-Free Claim Present,Non BFY
0072031083171,35215.26601,2798.02155,0,Multi Serve,NA,NA,NA,NA,NA,NA,NA,NA,NA,NA,NA,NA,NA,NA,NA,NA,NA,NA,NA,NA,NA,NA,NA,NA
0087282400981,16.89424932,15.63849367,0,Multi Serve,NA,NA,NA,NA,NA,NA,NA,NA,NA,NA,NA,NA,NA,NA,NA,NA,NA,NA,NA,NA,NA,NA,NA,NA
0805149921068,0,0,0,Multi Serve,NA,NA,NA,NA,NA,NA,NA,NA,NA,NA,NA,NA,NA,NA,NA,NA,NA,NA,NA,NA,NA,NA,NA,NA
0085720800304,226277.6156,34401.60481,0,Multi Serve,NA,NA,NA,NA,NA,NA,NA,NA,NA,NA,NA,NA,NA,NA,NA,NA,NA,NA,NA,NA,NA,NA,NA,NA
0074446300003,61545.28149,7661.252273,0,Multi Serve,NA,NA,NA,NA,NA,NA,NA,NA,NA,NA,NA,NA,NA,NA,NA,NA,NA,NA,NA,NA,NA,NA,NA,NA
0000672997723,876956.1518,322168.6543,0,Multi Serve,Non- Indulgent,Chicken,Others,Others,Chicken,Non-Veg,PL,No Gluten Claim Present,Value,Rising Crust,29 Oz,Medium (20-30 Oz),Conv Oven,Thick/Original,PL,1 Ct,Box,No Vegan Claim Present,No Natural Claim Present,No Gmo Claim Present,PL,No Plant based claim,No Preservative-Free Claim Present,Non BFY
0000145644829,194920.8466,76173.81546,0,Multi Serve,NA,NA,NA,NA,NA,NA,NA,NA,NA,NA,NA,NA,NA,NA,NA,NA,NA,NA,NA,NA,NA,NA,NA,NA
0007192159013,16.46589214,4.269087768,1,Multi Serve,NA,NA,NA,NA,NA,NA,NA,NA,NA,NA,NA,NA,NA,NA,NA,NA,NA,NA,NA,NA,NA,NA,NA,NA
0072031083173,10439.24534,821.581356,0,Multi Serve,NA,NA,NA,NA,NA,NA,NA,NA,NA,NA,NA,NA,NA,NA,NA,NA,NA,NA,NA,NA,NA,NA,NA,NA
0086001140412,579443.7528,87277.53878,0,Multi Serve,NA,NA,NA,NA,NA,NA,NA,NA,NA,NA,NA,NA,NA,NA,NA,NA,NA,NA,NA,NA,NA,NA,NA,NA
0007218056533,0,0,0,Multi Serve,NA,NA,NA,NA,NA,NA,NA,NA,NA,NA,NA,NA,NA,NA,NA,NA,NA,NA,NA,NA,NA,NA,NA,NA
0000195584476,666532.5252,274326.9377,0,Multi Serve,Non- Indulgent,Meat Combos,Others,Deluxe/Supreme/Meat Combo,Meat Combos,PL,PL,No Gluten Claim Present,Value,Rising Crust,30 Oz,Medium (20-30 Oz),Conv Oven,PL,PL,1 Ct,Box,No Vegan Claim Present,No Natural Claim Present,No Gmo Claim Present,No Organic Claim Present,No Plant based claim,No Preservative-Free Claim Present,Non BFY
0000079757929,0,0,0,Multi Serve,NA,NA,NA,NA,NA,NA,NA,NA,NA,NA,NA,NA,NA,NA,NA,NA,NA,NA,NA,NA,NA,NA,NA,NA
0000299011909,135928.6677,31869.31284,0,Multi Serve,NA,NA,NA,NA,NA,NA,NA,NA,NA,NA,NA,NA,NA,NA,NA,NA,NA,NA,NA,NA,NA,NA,NA,NA
0064313040000,456212.343,124804.4492,0,Multi Serve,NA,NA,NA,NA,NA,NA,NA,NA,NA,NA,NA,NA,NA,NA,NA,NA,NA,NA,NA,NA,NA,NA,NA,NA
0005070613009,0,0,0,Multi Serve,NA,NA,NA,NA,NA,NA,NA,NA,NA,NA,NA,NA,NA,NA,NA,NA,NA,NA,NA,NA,NA,NA,NA,NA
0081475700001,0,0,0,Multi Serve,NA,NA,NA,NA,NA,NA,NA,NA,NA,NA,NA,NA,NA,NA,NA,NA,NA,NA,NA,NA,NA,NA,NA,NA
0000734072814,0,0,0,Multi Serve,NA,NA,NA,NA,NA,NA,NA,NA,NA,NA,NA,NA,NA,NA,NA,NA,NA,NA,NA,NA,NA,NA,NA,NA
0088570912282,218965.4033,33398.10619,0,Multi Serve,NA,NA,NA,NA,NA,NA,NA,NA,NA,NA,NA,NA,NA,NA,NA,NA,NA,NA,NA,NA,NA,NA,NA,NA
0000006634381,0,0,0,Multi Serve,NA,NA,NA,NA,NA,NA,NA,NA,NA,NA,NA,NA,NA,NA,NA,NA,NA,NA,NA,NA,NA,NA,NA,NA
0000497385979,358145.6225,45475.63019,0,Multi Serve,NA,NA,NA,NA,NA,NA,NA,NA,NA,NA,NA,NA,NA,NA,NA,NA,NA,NA,NA,NA,NA,NA,NA,NA
0270070883015,0,0,0,Multi Serve,NA,NA,NA,NA,NA,NA,NA,NA,NA,NA,NA,NA,NA,NA,NA,NA,NA,NA,NA,NA,NA,NA,NA,NA
0008355408413,1094316.282,140696.1327,0,Multi Serve,NA,NA,NA,NA,NA,NA,NA,NA,NA,NA,NA,NA,NA,NA,NA,NA,NA,NA,NA,NA,NA,NA,NA,NA
0087145900200,260.4054702,22.94483796,0,Multi Serve,NA,NA,NA,NA,NA,NA,NA,NA,NA,NA,NA,NA,NA,NA,NA,NA,NA,NA,NA,NA,NA,NA,NA,NA
0062845168434,0,0,0,Multi Serve,NA,NA,NA,NA,NA,NA,NA,NA,NA,NA,NA,NA,NA,NA,NA,NA,NA,NA,NA,NA,NA,NA,NA,NA
0000678298620,0,0,0,Multi Serve,NA,NA,NA,NA,NA,NA,NA,NA,NA,NA,NA,NA,NA,NA,NA,NA,NA,NA,NA,NA,NA,NA,NA,NA
0085161400612,0,0,0,Multi Serve,NA,NA,NA,NA,NA,NA,NA,NA,NA,NA,NA,NA,NA,NA,NA,NA,NA,NA,NA,NA,NA,NA,NA,NA
0000437955217,0,0,0,Multi Serve,Non- Indulgent,Cheese/Plain,Others,Others,Cheese/Plain,PL,PL,No Gluten Claim Present,Value,Thin,14.74 Oz,Small (<=20 Oz),Conv Oven,PL,PL,1 Ct,Over Wrap,No Vegan Claim Present,No Natural Claim Present,No Gmo Claim Present,No Organic Claim Present,No Plant based claim,No Preservative-Free Claim Present,Non BFY
0003952890096,132.9993055,14.27258048,0,Multi Serve,NA,NA,NA,NA,NA,NA,NA,NA,NA,NA,NA,NA,NA,NA,NA,NA,NA,NA,NA,NA,NA,NA,NA,NA
0000437973131,0,0,0,Multi Serve,NA,NA,NA,NA,NA,NA,NA,NA,NA,NA,NA,NA,NA,NA,NA,NA,NA,NA,NA,NA,NA,NA,NA,NA
0063759910003,196924.3962,23034.57954,0,Multi Serve,NA,NA,NA,NA,NA,NA,NA,NA,NA,NA,NA,NA,NA,NA,NA,NA,NA,NA,NA,NA,NA,NA,NA,NA
0009350602908,25228.43815,3034.023586,0,Multi Serve,NA,NA,NA,NA,NA,NA,NA,NA,NA,NA,NA,NA,NA,NA,NA,NA,NA,NA,NA,NA,NA,NA,NA,NA
0002660512001,21837.94634,3591.538739,0,Multi Serve,NA,NA,NA,NA,NA,NA,NA,NA,NA,NA,NA,NA,NA,NA,NA,NA,NA,NA,NA,NA,NA,NA,NA,NA
0007570630772,0,0,0,Multi Serve,NA,NA,NA,NA,NA,NA,NA,NA,NA,NA,NA,NA,NA,NA,NA,NA,NA,NA,NA,NA,NA,NA,NA,NA
0000081578856,0,0,0,Multi Serve,NA,NA,NA,NA,NA,NA,NA,NA,NA,NA,NA,NA,NA,NA,NA,NA,NA,NA,NA,NA,NA,NA,NA,NA
0000942700006,0,0,0,Multi Serve,NA,NA,NA,NA,NA,NA,NA,NA,NA,NA,NA,NA,NA,NA,NA,NA,NA,NA,NA,NA,NA,NA,NA,NA
0001058334973,1634143.433,304478.778,0,Multi Serve,Non- Indulgent,Meat Combos,Others,Deluxe/Supreme/Meat Combo,Meat Combos,PL,PL,No Gluten Claim Present,Value,Stuffed Crust,24.5 Oz,Medium (20-30 Oz),Conv Oven,PL,PL,1 Ct,Box,No Vegan Claim Present,No Natural Claim Present,No Gmo Claim Present,No Organic Claim Present,No Plant based claim,No Preservative-Free Claim Present,Non BFY
0005843120467,0,0,0,Multi Serve,NA,NA,NA,NA,NA,NA,NA,NA,NA,NA,NA,NA,NA,NA,NA,NA,NA,NA,NA,NA,NA,NA,NA,NA
0002066200623,404502.1317,57860.52339,0,Multi Serve,Non- Indulgent,Chicken,Others,Others,Chicken,Non-Veg,NA,No Gluten Claim Present,Premium,Thin,15.4 Oz,Small (<=20 Oz),Conv Oven,Thin,NA,1 Ct,Box,No Vegan Claim Present,No Natural Claim Present,No Gmo Claim Present,No Organic Claim Present,No Plant based claim,No Preservative-Free Claim Present,Non BFY
0001299136173,0,0,0,Multi Serve,NA,NA,NA,NA,NA,NA,NA,NA,NA,NA,NA,NA,NA,NA,NA,NA,NA,NA,NA,NA,NA,NA,NA,NA
0003870895221,0,0,0,Multi Serve,NA,NA,NA,NA,NA,NA,NA,NA,NA,NA,NA,NA,NA,NA,NA,NA,NA,NA,NA,NA,NA,NA,NA,NA
0086195604001,2744.22383,440.0948307,0,Multi Serve,NA,NA,NA,NA,NA,NA,NA,NA,NA,NA,NA,NA,NA,NA,NA,NA,NA,NA,NA,NA,NA,NA,NA,NA
0000678305166,95756.34674,15483.61059,0,Multi Serve,NA,NA,NA,NA,NA,NA,NA,NA,NA,NA,NA,NA,NA,NA,NA,NA,NA,NA,NA,NA,NA,NA,NA,NA
0007192161553,0,0,1,Multi Serve,NA,NA,NA,NA,NA,NA,NA,NA,NA,NA,NA,NA,NA,NA,NA,NA,NA,NA,NA,NA,NA,NA,NA,NA
0007192166465,340996.8646,62846.1101,1,Multi Serve,NA,NA,NA,NA,NA,NA,NA,NA,NA,NA,NA,NA,NA,NA,NA,NA,NA,NA,NA,NA,NA,NA,NA,NA
0004219700378,12182.24132,2362.285267,0,Multi Serve,NA,NA,NA,NA,NA,NA,NA,NA,NA,NA,NA,NA,NA,NA,NA,NA,NA,NA,NA,NA,NA,NA,NA,NA
0000041203275,0,0,0,Multi Serve,NA,NA,NA,NA,NA,NA,NA,NA,NA,NA,NA,NA,NA,NA,NA,NA,NA,NA,NA,NA,NA,NA,NA,NA
0004786100000,2672148.674,387003.2076,0,Multi Serve,Non- Indulgent,Meat Combos,Others,Deluxe/Supreme/Meat Combo,Meat Combos,Non-Veg,NA,No Gluten Claim Present,Premium,Regular Crust,19 Oz,Small (<=20 Oz),Conv Oven,Thick/Original,NA,1 Ct,Over Wrap,No Vegan Claim Present,No Natural Claim Present,No Gmo Claim Present,No Organic Claim Present,No Plant based claim,No Preservative-Free Claim Present,Non BFY
0003952890124,2984628.042,562936.9613,0,Multi Serve,Indulgent,Sausage,Others,Others,Sausage,Non-Veg,Red Sauce,No Gluten Claim Present,Mid Tier,Regular Crust,28.3 Oz,Medium (20-30 Oz),Conv Oven,Thick/Original,Regular Crust,1 Ct,Box,No Vegan Claim Present,No Natural Claim Present,No Gmo Claim Present,No Organic Claim Present,No Plant based claim,No Preservative-Free Claim Present,Non BFY
0000467413256,0,0,0,Multi Serve,NA,NA,NA,NA,NA,NA,NA,NA,NA,NA,NA,NA,NA,NA,NA,NA,NA,NA,NA,NA,NA,NA,NA,NA
0007192177070,1424737.036,267917.2999,1,Multi Serve,Non- Indulgent,Deluxe/Supreme,Deluxe/Supreme,Deluxe/Supreme/Meat Combo,Meat Combos,Non-Veg,Red Sauce,No Gluten Claim Present,Mid Tier,Wood Fired,17.1 Oz,Small (<=20 Oz),Conv Oven,Thick/Original,Regular Crust,1 Ct,Box,No Vegan Claim Present,No Natural Claim Present,No Gmo Claim Present,No Organic Claim Present,No Plant based claim,No Preservative-Free Claim Present,Non BFY
0061891560012,0,0,0,Multi Serve,NA,NA,NA,NA,NA,NA,NA,NA,NA,NA,NA,NA,NA,NA,NA,NA,NA,NA,NA,NA,NA,NA,NA,NA
0000778245030,0,0,0,Multi Serve,NA,NA,NA,NA,NA,NA,NA,NA,NA,NA,NA,NA,NA,NA,NA,NA,NA,NA,NA,NA,NA,NA,NA,NA
0085922500308,0,0,0,Multi Serve,NA,NA,NA,NA,NA,NA,NA,NA,NA,NA,NA,NA,NA,NA,NA,NA,NA,NA,NA,NA,NA,NA,NA,NA
0085001144345,26.66704009,2.461444564,0,Multi Serve,NA,NA,NA,NA,NA,NA,NA,NA,NA,NA,NA,NA,NA,NA,NA,NA,NA,NA,NA,NA,NA,NA,NA,NA
0000016320181,19.92,4.325,0,Multi Serve,NA,NA,NA,NA,NA,NA,NA,NA,NA,NA,NA,NA,NA,NA,NA,NA,NA,NA,NA,NA,NA,NA,NA,NA
0007192156420,44498084.77,11941754.76,1,Multi Serve,Non- Indulgent,Meat Combos,Others,Deluxe/Supreme/Meat Combo,Meat Combos,Non-Veg,Red Sauce,No Gluten Claim Present,Value,Regular Crust,21.1 Oz,Medium (20-30 Oz),Conv Oven,Thick/Original,Regular Crust,1 Ct,Over Wrap,No Vegan Claim Present,No Natural Claim Present,No Gmo Claim Present,No Organic Claim Present,No Plant based claim,No Preservative-Free Claim Present,Non BFY
0270070883121,0,0,1,Multi Serve,NA,NA,NA,NA,NA,NA,NA,NA,NA,NA,NA,NA,NA,NA,NA,NA,NA,NA,NA,NA,NA,NA,NA,NA
0000084701800,0,0,0,Multi Serve,NA,NA,NA,NA,NA,NA,NA,NA,NA,NA,NA,NA,NA,NA,NA,NA,NA,NA,NA,NA,NA,NA,NA,NA
0085264200602,1536430.508,224350.8737,0,Multi Serve,Non- Indulgent,Meat Combos,Others,Deluxe/Supreme/Meat Combo,Meat Combos,Non-Veg,NA,No Gluten Claim Present,Premium,Regular Crust,16.5 Oz,Small (<=20 Oz),Conv Oven,Thick/Original,NA,1 Ct,Over Wrap,No Vegan Claim Present,No Natural Claim Present,No Gmo Claim Present,No Organic Claim Present,No Plant based claim,No Preservative-Free Claim Present,Non BFY
0085786200604,19753.47935,2275.464742,0,Multi Serve,NA,NA,NA,NA,NA,NA,NA,NA,NA,NA,NA,NA,NA,NA,NA,NA,NA,NA,NA,NA,NA,NA,NA,NA
0007570630779,8769718.948,1524349.296,0,Multi Serve,Indulgent,Pepperoni,Others,Others,Pepperoni,Non-Veg,Red Sauce,No Gluten Claim Present,Mid Tier,Stuffed Crust,24.35 Oz,Medium (20-30 Oz),Conv Oven,Thick/Original,Regular Crust,1 Ct,Box,No Vegan Claim Present,No Natural Claim Present,No Gmo Claim Present,No Organic Claim Present,No Plant based claim,No Preservative-Free Claim Present,Non BFY
0001078492582,35958.0502,3162.62705,0,Multi Serve,NA,NA,NA,NA,NA,NA,NA,NA,NA,NA,NA,NA,NA,NA,NA,NA,NA,NA,NA,NA,NA,NA,NA,NA
0007192169276,0,0,1,Multi Serve,NA,NA,NA,NA,NA,NA,NA,NA,NA,NA,NA,NA,NA,NA,NA,NA,NA,NA,NA,NA,NA,NA,NA,NA
0000156196565,0,0,0,Multi Serve,NA,NA,NA,NA,NA,NA,NA,NA,NA,NA,NA,NA,NA,NA,NA,NA,NA,NA,NA,NA,NA,NA,NA,NA
0000199957546,1574878.343,565055.8331,0,Multi Serve,Non- Indulgent,Pepperoni,Others,Others,Pepperoni,PL,PL,No Gluten Claim Present,Value,Rising Crust,28.3 Oz,Medium (20-30 Oz),Conv Oven,PL,PL,1 Ct,Box,No Vegan Claim Present,No Natural Claim Present,No Gmo Claim Present,No Organic Claim Present,No Plant based claim,No Preservative-Free Claim Present,Non BFY
0007218063008,0,0,0,Multi Serve,NA,NA,NA,NA,NA,NA,NA,NA,NA,NA,NA,NA,NA,NA,NA,NA,NA,NA,NA,NA,NA,NA,NA,NA
0002066200548,0,0,0,Multi Serve,NA,NA,NA,NA,NA,NA,NA,NA,NA,NA,NA,NA,NA,NA,NA,NA,NA,NA,NA,NA,NA,NA,NA,NA
0004219700202,4124905.684,1038361.254,0,Multi Serve,Indulgent,Sausage,Others,Others,Sausage,Non-Veg,Red Sauce,No Gluten Claim Present,Mid Tier,Regular Crust,26.75 Oz,Medium (20-30 Oz),Conv Oven,Thick/Original,Regular Crust,1 Ct,Over Wrap,No Vegan Claim Present,No Natural Claim Present,No Gmo Claim Present,No Organic Claim Present,No Plant based claim,No Preservative-Free Claim Present,Non BFY
0001126207298,961462.4374,196653.2003,0,Multi Serve,Non- Indulgent,Chicken,Others,Others,Chicken,Non-Veg,PL,No Gluten Claim Present,Value,Regular Crust,18.1 Oz,Small (<=20 Oz),Conv Oven,Thick/Original,Regular Crust,1 Ct,Over Wrap,No Vegan Claim Present,No Natural Claim Present,No Gmo Claim Present,PL,PL,No Preservative-Free Claim Present,Non BFY
0000486610821,880859.116,195341.5894,0,Multi Serve,Non- Indulgent,Meat Combos,Others,Deluxe/Supreme/Meat Combo,Meat Combos,PL,PL,No Gluten Claim Present,Value,Wood Fired,19.15 Oz,Small (<=20 Oz),Conv Oven,PL,PL,1 Ct,Box,No Vegan Claim Present,No Natural Claim Present,No Gmo Claim Present,No Organic Claim Present,No Plant based claim,No Preservative-Free Claim Present,Non BFY
0000199957544,664062.0061,118218.358,0,Multi Serve,Non- Indulgent,Cheese/Plain,Others,Others,Cheese/Plain,PL,PL,No Gluten Claim Present,Value,Thin,14.8 Oz,Small (<=20 Oz),Conv Oven,PL,PL,1 Ct,Box,No Vegan Claim Present,No Natural Claim Present,No Gmo Claim Present,No Organic Claim Present,No Plant based claim,No Preservative-Free Claim Present,Non BFY
0081496700008,711.605518,121.7648905,0,Multi Serve,NA,NA,NA,NA,NA,NA,NA,NA,NA,NA,NA,NA,NA,NA,NA,NA,NA,NA,NA,NA,NA,NA,NA,NA
0000008501491,76703.22625,19302.26858,0,Multi Serve,NA,NA,NA,NA,NA,NA,NA,NA,NA,NA,NA,NA,NA,NA,NA,NA,NA,NA,NA,NA,NA,NA,NA,NA
0000042653660,55255.57738,9203.046919,0,Multi Serve,NA,NA,NA,NA,NA,NA,NA,NA,NA,NA,NA,NA,NA,NA,NA,NA,NA,NA,NA,NA,NA,NA,NA,NA
0007192193557,0,0,1,Multi Serve,NA,NA,NA,NA,NA,NA,NA,NA,NA,NA,NA,NA,NA,NA,NA,NA,NA,NA,NA,NA,NA,NA,NA,NA
0001674199814,647.6047199,115.1329089,1,Multi Serve,NA,NA,NA,NA,NA,NA,NA,NA,NA,NA,NA,NA,NA,NA,NA,NA,NA,NA,NA,NA,NA,NA,NA,NA
0076584762963,4833.26575,593.9096524,0,Multi Serve,NA,NA,NA,NA,NA,NA,NA,NA,NA,NA,NA,NA,NA,NA,NA,NA,NA,NA,NA,NA,NA,NA,NA,NA
0002228125501,7574.544588,1521.952354,0,Multi Serve,NA,NA,NA,NA,NA,NA,NA,NA,NA,NA,NA,NA,NA,NA,NA,NA,NA,NA,NA,NA,NA,NA,NA,NA
0070510584796,0,0,0,Multi Serve,NA,NA,NA,NA,NA,NA,NA,NA,NA,NA,NA,NA,NA,NA,NA,NA,NA,NA,NA,NA,NA,NA,NA,NA
0000218493004,6929340.185,640205.0589,0,Multi Serve,Non- Indulgent,Uncured Pepperoni,Others,Others,Pepperoni,Non-Veg,PL,Gluten Free Claim,Premium,Veggie Crust,10.63 Oz,Small (<=20 Oz),Conv Oven,PL,PL,1 Ct,Box,No Vegan Claim Present,No Natural Claim Present,No Gmo Claim Present,No Organic Claim Present,No Plant based claim,No Preservative-Free Claim Present,BFY
0008355408457,65874.59916,8514.73771,0,Multi Serve,NA,NA,NA,NA,NA,NA,NA,NA,NA,NA,NA,NA,NA,NA,NA,NA,NA,NA,NA,NA,NA,NA,NA,NA
0000060248480,0,0,0,Multi Serve,NA,NA,NA,NA,NA,NA,NA,NA,NA,NA,NA,NA,NA,NA,NA,NA,NA,NA,NA,NA,NA,NA,NA,NA
0081496700006,203.5112779,37.02935055,0,Multi Serve,NA,NA,NA,NA,NA,NA,NA,NA,NA,NA,NA,NA,NA,NA,NA,NA,NA,NA,NA,NA,NA,NA,NA,NA
0000008553077,27.25,4.85625,0,Multi Serve,NA,NA,NA,NA,NA,NA,NA,NA,NA,NA,NA,NA,NA,NA,NA,NA,NA,NA,NA,NA,NA,NA,NA,NA
0007465364030,14423228.31,5063115.925,1,Multi Serve,Non- Indulgent,Meat Combos,Others,Deluxe/Supreme/Meat Combo,Meat Combos,Non-Veg,Red Sauce,No Gluten Claim Present,Value,Regular Crust,64.4 Oz,Large (>= 30 Oz),Conv Oven,Thick/Original,Regular Crust,4 Ct,Bag In Box,No Vegan Claim Present,No Natural Claim Present,No Gmo Claim Present,No Organic Claim Present,No Plant based claim,No Preservative-Free Claim Present,Non BFY
0007192191484,0,0,1,Multi Serve,NA,NA,NA,NA,NA,NA,NA,NA,NA,NA,NA,NA,NA,NA,NA,NA,NA,NA,NA,NA,NA,NA,NA,NA
0000031755920,1901.63,313.38125,0,Multi Serve,NA,NA,NA,NA,NA,NA,NA,NA,NA,NA,NA,NA,NA,NA,NA,NA,NA,NA,NA,NA,NA,NA,NA,NA
0000942700004,0,0,0,Multi Serve,NA,NA,NA,NA,NA,NA,NA,NA,NA,NA,NA,NA,NA,NA,NA,NA,NA,NA,NA,NA,NA,NA,NA,NA
0085649700404,156961.8329,45674.99152,0,Multi Serve,NA,NA,NA,NA,NA,NA,NA,NA,NA,NA,NA,NA,NA,NA,NA,NA,NA,NA,NA,NA,NA,NA,NA,NA
0007192170636,27141.6455,5071.801636,1,Multi Serve,NA,NA,NA,NA,NA,NA,NA,NA,NA,NA,NA,NA,NA,NA,NA,NA,NA,NA,NA,NA,NA,NA,NA,NA
0801429430260,0,0,0,Multi Serve,NA,NA,NA,NA,NA,NA,NA,NA,NA,NA,NA,NA,NA,NA,NA,NA,NA,NA,NA,NA,NA,NA,NA,NA
0085482600372,690.9192033,94.7788231,0,Multi Serve,NA,NA,NA,NA,NA,NA,NA,NA,NA,NA,NA,NA,NA,NA,NA,NA,NA,NA,NA,NA,NA,NA,NA,NA
0081496700208,0,0,0,Multi Serve,NA,NA,NA,NA,NA,NA,NA,NA,NA,NA,NA,NA,NA,NA,NA,NA,NA,NA,NA,NA,NA,NA,NA,NA
0000000602849,0,0,0,Multi Serve,NA,NA,NA,NA,NA,NA,NA,NA,NA,NA,NA,NA,NA,NA,NA,NA,NA,NA,NA,NA,NA,NA,NA,NA
0000042474725,0,0,0,Multi Serve,NA,NA,NA,NA,NA,NA,NA,NA,NA,NA,NA,NA,NA,NA,NA,NA,NA,NA,NA,NA,NA,NA,NA,NA
0004219700023,471087.5312,144273.9353,0,Multi Serve,NA,NA,NA,NA,NA,NA,NA,NA,NA,NA,NA,NA,NA,NA,NA,NA,NA,NA,NA,NA,NA,NA,NA,NA
0000922359385,2075.929762,651.7717811,0,Multi Serve,NA,NA,NA,NA,NA,NA,NA,NA,NA,NA,NA,NA,NA,NA,NA,NA,NA,NA,NA,NA,NA,NA,NA,NA
0007986102317,15536.25647,2699.0105,0,Multi Serve,NA,NA,NA,NA,NA,NA,NA,NA,NA,NA,NA,NA,NA,NA,NA,NA,NA,NA,NA,NA,NA,NA,NA,NA
0001202973195,35550.70303,6394.360279,0,Multi Serve,NA,NA,NA,NA,NA,NA,NA,NA,NA,NA,NA,NA,NA,NA,NA,NA,NA,NA,NA,NA,NA,NA,NA,NA
0081459801001,2976518.161,1471722.927,0,Multi Serve,NA,NA,NA,NA,NA,NA,NA,NA,NA,NA,NA,NA,NA,NA,NA,NA,NA,NA,NA,NA,NA,NA,NA,NA
0085584000619,0,0,0,Multi Serve,NA,NA,NA,NA,NA,NA,NA,NA,NA,NA,NA,NA,NA,NA,NA,NA,NA,NA,NA,NA,NA,NA,NA,NA
0081006772641,2259859.66,293859.748,0,Multi Serve,NA,NA,NA,NA,NA,NA,NA,NA,NA,NA,NA,NA,NA,NA,NA,NA,NA,NA,NA,NA,NA,NA,NA,NA
0007570630839,0,0,0,Multi Serve,NA,NA,NA,NA,NA,NA,NA,NA,NA,NA,NA,NA,NA,NA,NA,NA,NA,NA,NA,NA,NA,NA,NA,NA
0088884900895,0,0,0,Multi Serve,NA,NA,NA,NA,NA,NA,NA,NA,NA,NA,NA,NA,NA,NA,NA,NA,NA,NA,NA,NA,NA,NA,NA,NA
0064313010117,33827.9497,8187.70753,0,Multi Serve,NA,NA,NA,NA,NA,NA,NA,NA,NA,NA,NA,NA,NA,NA,NA,NA,NA,NA,NA,NA,NA,NA,NA,NA
0064313040002,0,0,0,Multi Serve,NA,NA,NA,NA,NA,NA,NA,NA,NA,NA,NA,NA,NA,NA,NA,NA,NA,NA,NA,NA,NA,NA,NA,NA
0007465370285,0,0,1,Multi Serve,NA,NA,NA,NA,NA,NA,NA,NA,NA,NA,NA,NA,NA,NA,NA,NA,NA,NA,NA,NA,NA,NA,NA,NA
0007390000005,14734.79182,3540.110456,0,Multi Serve,NA,NA,NA,NA,NA,NA,NA,NA,NA,NA,NA,NA,NA,NA,NA,NA,NA,NA,NA,NA,NA,NA,NA,NA
0000942700016,0,0,0,Multi Serve,NA,NA,NA,NA,NA,NA,NA,NA,NA,NA,NA,NA,NA,NA,NA,NA,NA,NA,NA,NA,NA,NA,NA,NA
0001034020795,75714.64939,16720.02799,0,Multi Serve,NA,NA,NA,NA,NA,NA,NA,NA,NA,NA,NA,NA,NA,NA,NA,NA,NA,NA,NA,NA,NA,NA,NA,NA
0003913116819,0,0,0,Multi Serve,NA,NA,NA,NA,NA,NA,NA,NA,NA,NA,NA,NA,NA,NA,NA,NA,NA,NA,NA,NA,NA,NA,NA,NA
0085584000600,0,0,0,Multi Serve,NA,NA,NA,NA,NA,NA,NA,NA,NA,NA,NA,NA,NA,NA,NA,NA,NA,NA,NA,NA,NA,NA,NA,NA
0069899780624,0,0,0,Multi Serve,NA,NA,NA,NA,NA,NA,NA,NA,NA,NA,NA,NA,NA,NA,NA,NA,NA,NA,NA,NA,NA,NA,NA,NA
0007465300406,56796.04091,17079.06587,1,Multi Serve,NA,NA,NA,NA,NA,NA,NA,NA,NA,NA,NA,NA,NA,NA,NA,NA,NA,NA,NA,NA,NA,NA,NA,NA
0000455491880,0,0,0,Multi Serve,NA,NA,NA,NA,NA,NA,NA,NA,NA,NA,NA,NA,NA,NA,NA,NA,NA,NA,NA,NA,NA,NA,NA,NA
0085161400614,0,0,0,Multi Serve,NA,NA,NA,NA,NA,NA,NA,NA,NA,NA,NA,NA,NA,NA,NA,NA,NA,NA,NA,NA,NA,NA,NA,NA
0000000602759,0,0,0,Multi Serve,NA,NA,NA,NA,NA,NA,NA,NA,NA,NA,NA,NA,NA,NA,NA,NA,NA,NA,NA,NA,NA,NA,NA,NA
0000723418004,0,0,0,Multi Serve,NA,NA,NA,NA,NA,NA,NA,NA,NA,NA,NA,NA,NA,NA,NA,NA,NA,NA,NA,NA,NA,NA,NA,NA
0270070883082,0,0,1,Multi Serve,NA,NA,NA,NA,NA,NA,NA,NA,NA,NA,NA,NA,NA,NA,NA,NA,NA,NA,NA,NA,NA,NA,NA,NA
0007570630483,493289.9872,178481.0236,0,Multi Serve,NA,NA,NA,NA,NA,NA,NA,NA,NA,NA,NA,NA,NA,NA,NA,NA,NA,NA,NA,NA,NA,NA,NA,NA
0000029644096,762881.3555,131622.9837,0,Multi Serve,NA,NA,NA,NA,NA,NA,NA,NA,NA,NA,NA,NA,NA,NA,NA,NA,NA,NA,NA,NA,NA,NA,NA,NA
0000019561484,462008.0244,153834.5751,0,Multi Serve,NA,NA,NA,NA,NA,NA,NA,NA,NA,NA,NA,NA,NA,NA,NA,NA,NA,NA,NA,NA,NA,NA,NA,NA
0007570619107,0,0,0,Multi Serve,NA,NA,NA,NA,NA,NA,NA,NA,NA,NA,NA,NA,NA,NA,NA,NA,NA,NA,NA,NA,NA,NA,NA,NA
0007192127897,0,0,1,Multi Serve,NA,NA,NA,NA,NA,NA,NA,NA,NA,NA,NA,NA,NA,NA,NA,NA,NA,NA,NA,NA,NA,NA,NA,NA
0076170612310,0,0,0,Multi Serve,NA,NA,NA,NA,NA,NA,NA,NA,NA,NA,NA,NA,NA,NA,NA,NA,NA,NA,NA,NA,NA,NA,NA,NA
0000942700007,0,0,0,Multi Serve,NA,NA,NA,NA,NA,NA,NA,NA,NA,NA,NA,NA,NA,NA,NA,NA,NA,NA,NA,NA,NA,NA,NA,NA
0087037500503,24485246.55,5140600.235,0,Multi Serve,Indulgent,Meat Combos,Others,Deluxe/Supreme/Meat Combo,Meat Combos,Non-Veg,Red Sauce,No Gluten Claim Present,Mid Tier,Regular Crust,27.87 Oz,Medium (20-30 Oz),Conv Oven,Thick/Original,Regular Crust,1 Ct,Box,No Vegan Claim Present,No Natural Claim Present,No Gmo Claim Present,No Organic Claim Present,No Plant based claim,No Preservative-Free Claim Present,Non BFY
0071153550822,0,0,0,Multi Serve,NA,NA,NA,NA,NA,NA,NA,NA,NA,NA,NA,NA,NA,NA,NA,NA,NA,NA,NA,NA,NA,NA,NA,NA
0000563835305,0,0,0,Multi Serve,NA,NA,NA,NA,NA,NA,NA,NA,NA,NA,NA,NA,NA,NA,NA,NA,NA,NA,NA,NA,NA,NA,NA,NA
0076584762964,10250.63256,1391.305603,0,Multi Serve,NA,NA,NA,NA,NA,NA,NA,NA,NA,NA,NA,NA,NA,NA,NA,NA,NA,NA,NA,NA,NA,NA,NA,NA
0000191855453,684893.5814,77942.69096,0,Multi Serve,NA,NA,NA,NA,NA,NA,NA,NA,NA,NA,NA,NA,NA,NA,NA,NA,NA,NA,NA,NA,NA,NA,NA,NA
0089784600283,0,0,0,Multi Serve,NA,NA,NA,NA,NA,NA,NA,NA,NA,NA,NA,NA,NA,NA,NA,NA,NA,NA,NA,NA,NA,NA,NA,NA
0007570630479,559197.8332,193179.8117,0,Multi Serve,NA,NA,NA,NA,NA,NA,NA,NA,NA,NA,NA,NA,NA,NA,NA,NA,NA,NA,NA,NA,NA,NA,NA,NA
0801429430221,0,0,0,Multi Serve,NA,NA,NA,NA,NA,NA,NA,NA,NA,NA,NA,NA,NA,NA,NA,NA,NA,NA,NA,NA,NA,NA,NA,NA
0000006178294,303219.9218,39779.28008,0,Multi Serve,NA,NA,NA,NA,NA,NA,NA,NA,NA,NA,NA,NA,NA,NA,NA,NA,NA,NA,NA,NA,NA,NA,NA,NA
0007570630685,32001.06562,3874.371069,0,Multi Serve,NA,NA,NA,NA,NA,NA,NA,NA,NA,NA,NA,NA,NA,NA,NA,NA,NA,NA,NA,NA,NA,NA,NA,NA
0007570631084,1084337.951,155204.8464,0,Multi Serve,Non- Indulgent,Pepperoni,Others,Others,Pepperoni,Non-Veg,Red Sauce,No Gluten Claim Present,Premium,Ao Crust,17.1 Oz,Small (<=20 Oz),Conv Oven,Thin,NA,1 Ct,Box,No Vegan Claim Present,No Natural Claim Present,No Gmo Claim Present,No Organic Claim Present,No Plant based claim,No Preservative-Free Claim Present,Non BFY
0064313010107,0,0,0,Multi Serve,NA,NA,NA,NA,NA,NA,NA,NA,NA,NA,NA,NA,NA,NA,NA,NA,NA,NA,NA,NA,NA,NA,NA,NA
0069899781036,0,0,0,Multi Serve,NA,NA,NA,NA,NA,NA,NA,NA,NA,NA,NA,NA,NA,NA,NA,NA,NA,NA,NA,NA,NA,NA,NA,NA
0000894522301,3008.3607,1454.451405,0,Multi Serve,NA,NA,NA,NA,NA,NA,NA,NA,NA,NA,NA,NA,NA,NA,NA,NA,NA,NA,NA,NA,NA,NA,NA,NA
0008355409891,162741.8898,26540.61154,0,Multi Serve,NA,NA,NA,NA,NA,NA,NA,NA,NA,NA,NA,NA,NA,NA,NA,NA,NA,NA,NA,NA,NA,NA,NA,NA
0000711553769,2757932.238,289439.0175,0,Multi Serve,Non- Indulgent,Cheese/Plain,Others,Others,Cheese/Plain,Vegetarian,PL,No Gluten Claim Present,Premium,Veggie Crust,13.25 Oz,Small (<=20 Oz),Conv Oven,PL,PL,1 Ct,Box,No Vegan Claim Present,No Natural Claim Present,No Gmo Claim Present,No Organic Claim Present,No Plant based claim,No Preservative-Free Claim Present,Non BFY
0078358392084,42371.49758,3453.567382,0,Multi Serve,NA,NA,NA,NA,NA,NA,NA,NA,NA,NA,NA,NA,NA,NA,NA,NA,NA,NA,NA,NA,NA,NA,NA,NA
0079540413404,412556.0721,99899.51917,0,Multi Serve,NA,NA,NA,NA,NA,NA,NA,NA,NA,NA,NA,NA,NA,NA,NA,NA,NA,NA,NA,NA,NA,NA,NA,NA
0062496700245,0,0,0,Multi Serve,NA,NA,NA,NA,NA,NA,NA,NA,NA,NA,NA,NA,NA,NA,NA,NA,NA,NA,NA,NA,NA,NA,NA,NA
0000042966116,1346474.987,333180.242,0,Multi Serve,Non- Indulgent,Pepperoni,Others,Others,Pepperoni,Non-Veg,PL,No Gluten Claim Present,Value,Regular Crust,16.25 Oz,Small (<=20 Oz),Conv Oven,Thick/Original,Regular Crust,1 Ct,Box,No Vegan Claim Present,No Natural Claim Present,No Gmo Claim Present,No Organic Claim Present,No Plant based claim,No Preservative-Free Claim Present,Non BFY
0004219700379,6548.362431,1342.997022,0,Multi Serve,NA,NA,NA,NA,NA,NA,NA,NA,NA,NA,NA,NA,NA,NA,NA,NA,NA,NA,NA,NA,NA,NA,NA,NA
0078510412656,85583.4408,14377.57216,0,Multi Serve,NA,NA,NA,NA,NA,NA,NA,NA,NA,NA,NA,NA,NA,NA,NA,NA,NA,NA,NA,NA,NA,NA,NA,NA
0007218063716,21124310.58,1850335.614,0,Multi Serve,Non- Indulgent,Cheese/Plain,Others,Others,Cheese/Plain,Vegetarian,Red Sauce,Gluten Free Claim,Mid Tier,Regular Crust,17.5 Oz,Small (<=20 Oz),Conv Oven,Thick/Original,Healthy,1 Ct,Box,No Vegan Claim Present,No Natural Claim Present,No Gmo Claim Present,No Organic Claim Present,No Plant based claim,Preservative-Free Claim,BFY
0000308377470,0,0,0,Multi Serve,NA,NA,NA,NA,NA,NA,NA,NA,NA,NA,NA,NA,NA,NA,NA,NA,NA,NA,NA,NA,NA,NA,NA,NA
0000589957784,0,0,0,Multi Serve,NA,NA,NA,NA,NA,NA,NA,NA,NA,NA,NA,NA,NA,NA,NA,NA,NA,NA,NA,NA,NA,NA,NA,NA
0005149743799,661107.8888,44970.57456,0,Multi Serve,NA,NA,NA,NA,NA,NA,NA,NA,NA,NA,NA,NA,NA,NA,NA,NA,NA,NA,NA,NA,NA,NA,NA,NA
0009350602662,2632.064034,508.8197875,0,Multi Serve,NA,NA,NA,NA,NA,NA,NA,NA,NA,NA,NA,NA,NA,NA,NA,NA,NA,NA,NA,NA,NA,NA,NA,NA
0000592935816,5012130.57,1358771.443,0,Multi Serve,Non- Indulgent,Cheese/Plain,Others,Others,Cheese/Plain,Vegetarian,PL,No Gluten Claim Present,Value,Stuffed Crust,30.4 Oz,Large (>= 30 Oz),Conv Oven,PL,PL,1 Ct,Box,No Vegan Claim Present,No Natural Claim Present,No Gmo Claim Present,No Organic Claim Present,No Plant based claim,No Preservative-Free Claim Present,Non BFY
0000951273024,0,0,0,Multi Serve,NA,NA,NA,NA,NA,NA,NA,NA,NA,NA,NA,NA,NA,NA,NA,NA,NA,NA,NA,NA,NA,NA,NA,NA
0000000603768,1117360.116,468847.8807,0,Multi Serve,Non- Indulgent,Cheese/Plain,Others,Others,Cheese/Plain,PL,PL,No Gluten Claim Present,Value,Rising Crust,28.2 Oz,Medium (20-30 Oz),Conv Oven,PL,PL,1 Ct,Box,No Vegan Claim Present,No Natural Claim Present,No Gmo Claim Present,No Organic Claim Present,No Plant based claim,No Preservative-Free Claim Present,Non BFY
0007538317516,0,0,0,Multi Serve,NA,NA,NA,NA,NA,NA,NA,NA,NA,NA,NA,NA,NA,NA,NA,NA,NA,NA,NA,NA,NA,NA,NA,NA
0089903900288,34528.42128,4200.654071,0,Multi Serve,NA,NA,NA,NA,NA,NA,NA,NA,NA,NA,NA,NA,NA,NA,NA,NA,NA,NA,NA,NA,NA,NA,NA,NA
0072737000404,0,0,0,Multi Serve,NA,NA,NA,NA,NA,NA,NA,NA,NA,NA,NA,NA,NA,NA,NA,NA,NA,NA,NA,NA,NA,NA,NA,NA
0000000602935,0,0,0,Multi Serve,NA,NA,NA,NA,NA,NA,NA,NA,NA,NA,NA,NA,NA,NA,NA,NA,NA,NA,NA,NA,NA,NA,NA,NA
0087145900201,411.5444643,30.42331389,0,Multi Serve,NA,NA,NA,NA,NA,NA,NA,NA,NA,NA,NA,NA,NA,NA,NA,NA,NA,NA,NA,NA,NA,NA,NA,NA
0007192196957,0,0,1,Multi Serve,NA,NA,NA,NA,NA,NA,NA,NA,NA,NA,NA,NA,NA,NA,NA,NA,NA,NA,NA,NA,NA,NA,NA,NA
0000740986419,0,0,0,Multi Serve,NA,NA,NA,NA,NA,NA,NA,NA,NA,NA,NA,NA,NA,NA,NA,NA,NA,NA,NA,NA,NA,NA,NA,NA
0000667663555,0,0,0,Multi Serve,NA,NA,NA,NA,NA,NA,NA,NA,NA,NA,NA,NA,NA,NA,NA,NA,NA,NA,NA,NA,NA,NA,NA,NA
0085352800172,210842.8,16115,0,Multi Serve,NA,NA,NA,NA,NA,NA,NA,NA,NA,NA,NA,NA,NA,NA,NA,NA,NA,NA,NA,NA,NA,NA,NA,NA
0000423344358,172373.9795,22191.80283,0,Multi Serve,NA,NA,NA,NA,NA,NA,NA,NA,NA,NA,NA,NA,NA,NA,NA,NA,NA,NA,NA,NA,NA,NA,NA,NA
0000153827683,0,0,0,Multi Serve,NA,NA,NA,NA,NA,NA,NA,NA,NA,NA,NA,NA,NA,NA,NA,NA,NA,NA,NA,NA,NA,NA,NA,NA
0088570912241,49661.33628,6741.724237,0,Multi Serve,NA,NA,NA,NA,NA,NA,NA,NA,NA,NA,NA,NA,NA,NA,NA,NA,NA,NA,NA,NA,NA,NA,NA,NA
0085001144343,4786.547366,269.3631241,0,Multi Serve,NA,NA,NA,NA,NA,NA,NA,NA,NA,NA,NA,NA,NA,NA,NA,NA,NA,NA,NA,NA,NA,NA,NA,NA
0085856600304,0,0,0,Multi Serve,NA,NA,NA,NA,NA,NA,NA,NA,NA,NA,NA,NA,NA,NA,NA,NA,NA,NA,NA,NA,NA,NA,NA,NA
0004219700399,1576493.157,295430.3267,0,Multi Serve,Indulgent,Ao Topping,Others,Others,Ao Topping,Non-Veg,Red Sauce,No Gluten Claim Present,Mid Tier,Regular Crust,20.29 Oz,Medium (20-30 Oz),Conv Oven,Thick/Original,Regular Crust,1 Ct,Over Wrap,No Vegan Claim Present,No Natural Claim Present,No Gmo Claim Present,No Organic Claim Present,No Plant based claim,No Preservative-Free Claim Present,Non BFY
0004219700371,42520.61391,9443.38924,0,Multi Serve,NA,NA,NA,NA,NA,NA,NA,NA,NA,NA,NA,NA,NA,NA,NA,NA,NA,NA,NA,NA,NA,NA,NA,NA
0085922500300,0,0,0,Multi Serve,NA,NA,NA,NA,NA,NA,NA,NA,NA,NA,NA,NA,NA,NA,NA,NA,NA,NA,NA,NA,NA,NA,NA,NA
0000006109058,0,0,0,Multi Serve,NA,NA,NA,NA,NA,NA,NA,NA,NA,NA,NA,NA,NA,NA,NA,NA,NA,NA,NA,NA,NA,NA,NA,NA
0000656086867,5.026456839,1.045079954,0,Multi Serve,NA,NA,NA,NA,NA,NA,NA,NA,NA,NA,NA,NA,NA,NA,NA,NA,NA,NA,NA,NA,NA,NA,NA,NA
0001233134903,255555.2021,42298.55282,0,Multi Serve,NA,NA,NA,NA,NA,NA,NA,NA,NA,NA,NA,NA,NA,NA,NA,NA,NA,NA,NA,NA,NA,NA,NA,NA
0000346300466,0,0,0,Multi Serve,NA,NA,NA,NA,NA,NA,NA,NA,NA,NA,NA,NA,NA,NA,NA,NA,NA,NA,NA,NA,NA,NA,NA,NA
0007218056611,37002493.39,9254540.83,0,Multi Serve,Non- Indulgent,Deluxe/Supreme,Deluxe/Supreme,Deluxe/Supreme/Meat Combo,Meat Combos,Non-Veg,Red Sauce,No Gluten Claim Present,Value,Wood Fired,18.64 Oz,Small (<=20 Oz),Conv Oven,Thick/Original,Regular Crust,1 Ct,Box,No Vegan Claim Present,No Natural Claim Present,No Gmo Claim Present,No Organic Claim Present,No Plant based claim,No Preservative-Free Claim Present,Non BFY
0074446300005,65023.468,5970.260718,0,Multi Serve,NA,NA,NA,NA,NA,NA,NA,NA,NA,NA,NA,NA,NA,NA,NA,NA,NA,NA,NA,NA,NA,NA,NA,NA
0089062400144,200259.2343,16784.65116,0,Multi Serve,NA,NA,NA,NA,NA,NA,NA,NA,NA,NA,NA,NA,NA,NA,NA,NA,NA,NA,NA,NA,NA,NA,NA,NA
0007192112913,0,0,1,Multi Serve,NA,NA,NA,NA,NA,NA,NA,NA,NA,NA,NA,NA,NA,NA,NA,NA,NA,NA,NA,NA,NA,NA,NA,NA
0007192126132,241,68.75,1,Multi Serve,NA,NA,NA,NA,NA,NA,NA,NA,NA,NA,NA,NA,NA,NA,NA,NA,NA,NA,NA,NA,NA,NA,NA,NA
0002660512010,27558.8165,5069.398512,0,Multi Serve,NA,NA,NA,NA,NA,NA,NA,NA,NA,NA,NA,NA,NA,NA,NA,NA,NA,NA,NA,NA,NA,NA,NA,NA
0007192173999,18151.07029,3033.683131,1,Multi Serve,NA,NA,NA,NA,NA,NA,NA,NA,NA,NA,NA,NA,NA,NA,NA,NA,NA,NA,NA,NA,NA,NA,NA,NA
0004227200191,0,0,0,Multi Serve,NA,NA,NA,NA,NA,NA,NA,NA,NA,NA,NA,NA,NA,NA,NA,NA,NA,NA,NA,NA,NA,NA,NA,NA
0000253382524,0,0,0,Multi Serve,NA,NA,NA,NA,NA,NA,NA,NA,NA,NA,NA,NA,NA,NA,NA,NA,NA,NA,NA,NA,NA,NA,NA,NA
0005843120466,0,0,0,Multi Serve,NA,NA,NA,NA,NA,NA,NA,NA,NA,NA,NA,NA,NA,NA,NA,NA,NA,NA,NA,NA,NA,NA,NA,NA
0000114502507,0,0,0,Multi Serve,NA,NA,NA,NA,NA,NA,NA,NA,NA,NA,NA,NA,NA,NA,NA,NA,NA,NA,NA,NA,NA,NA,NA,NA
0073178903510,407597.8847,40874.18846,0,Multi Serve,NA,NA,NA,NA,NA,NA,NA,NA,NA,NA,NA,NA,NA,NA,NA,NA,NA,NA,NA,NA,NA,NA,NA,NA
0001136599404,15500.06799,2942.457938,0,Multi Serve,NA,NA,NA,NA,NA,NA,NA,NA,NA,NA,NA,NA,NA,NA,NA,NA,NA,NA,NA,NA,NA,NA,NA,NA
0000328321516,5360158.349,1067728.542,0,Multi Serve,Non- Indulgent,Cheese/Plain,Others,Others,Cheese/Plain,Vegetarian,PL,No Gluten Claim Present,Value,Thin,14.8 Oz,Small (<=20 Oz),Conv Oven,Thin,PL,1 Ct,Box,No Vegan Claim Present,No Natural Claim Present,No Gmo Claim Present,No Organic Claim Present,No Plant based claim,No Preservative-Free Claim Present,Non BFY
0000682942026,139278.4105,41423.86234,0,Multi Serve,NA,NA,NA,NA,NA,NA,NA,NA,NA,NA,NA,NA,NA,NA,NA,NA,NA,NA,NA,NA,NA,NA,NA,NA
0085955300447,0,0,0,Multi Serve,NA,NA,NA,NA,NA,NA,NA,NA,NA,NA,NA,NA,NA,NA,NA,NA,NA,NA,NA,NA,NA,NA,NA,NA
0007570630803,208392.4241,42671.82093,0,Multi Serve,NA,NA,NA,NA,NA,NA,NA,NA,NA,NA,NA,NA,NA,NA,NA,NA,NA,NA,NA,NA,NA,NA,NA,NA
0007192166472,0,0,0,Multi Serve,NA,NA,NA,NA,NA,NA,NA,NA,NA,NA,NA,NA,NA,NA,NA,NA,NA,NA,NA,NA,NA,NA,NA,NA
0007192102529,0,0,1,Multi Serve,NA,NA,NA,NA,NA,NA,NA,NA,NA,NA,NA,NA,NA,NA,NA,NA,NA,NA,NA,NA,NA,NA,NA,NA
0007192159524,0,0,1,Multi Serve,NA,NA,NA,NA,NA,NA,NA,NA,NA,NA,NA,NA,NA,NA,NA,NA,NA,NA,NA,NA,NA,NA,NA,NA
0004227200104,20.50224643,1.801710002,0,Multi Serve,NA,NA,NA,NA,NA,NA,NA,NA,NA,NA,NA,NA,NA,NA,NA,NA,NA,NA,NA,NA,NA,NA,NA,NA
0060654160103,2955287.918,223217.7693,0,Multi Serve,Non- Indulgent,Vegetarian,Others,Others,Vegetarian,Vegetarian,Red Sauce,Gluten Free Claim,Premium,Veggie Crust,11 Oz,Small (<=20 Oz),Conv Oven,Thin,Healthy,1 Ct,Box,No Vegan Claim Present,No Natural Claim Present,No Gmo Claim Present,No Organic Claim Present,No Plant based claim,No Preservative-Free Claim Present,BFY
0000910056945,1123557.474,139573.2333,0,Multi Serve,Non- Indulgent,Ao Topping,Others,Others,Ao Topping,PL,PL,No Gluten Claim Present,Value,Wood Fired,14.39 Oz,Small (<=20 Oz),Conv Oven,PL,PL,1 Ct,Box,No Vegan Claim Present,No Natural Claim Present,Non-Gmo Claim,No Organic Claim Present,No Plant based claim,No Preservative-Free Claim Present,BFY
0000079122966,4442286.751,962636.1679,0,Multi Serve,Non- Indulgent,Meat Combos,Others,Deluxe/Supreme/Meat Combo,Meat Combos,Non-Veg,PL,No Gluten Claim Present,Value,Thin,16.25 Oz,Small (<=20 Oz),Conv Oven,Thin,PL,1 Ct,Box,No Vegan Claim Present,No Natural Claim Present,No Gmo Claim Present,No Organic Claim Present,No Plant based claim,No Preservative-Free Claim Present,Non BFY
0089245300127,175505.2916,13691.97612,0,Multi Serve,NA,NA,NA,NA,NA,NA,NA,NA,NA,NA,NA,NA,NA,NA,NA,NA,NA,NA,NA,NA,NA,NA,NA,NA
0085955300446,216.1950344,11.25139527,0,Multi Serve,NA,NA,NA,NA,NA,NA,NA,NA,NA,NA,NA,NA,NA,NA,NA,NA,NA,NA,NA,NA,NA,NA,NA,NA
0007192101637,19.93982505,4.382701384,1,Multi Serve,NA,NA,NA,NA,NA,NA,NA,NA,NA,NA,NA,NA,NA,NA,NA,NA,NA,NA,NA,NA,NA,NA,NA,NA
0007570631082,97439.47634,25684.38304,0,Multi Serve,NA,NA,NA,NA,NA,NA,NA,NA,NA,NA,NA,NA,NA,NA,NA,NA,NA,NA,NA,NA,NA,NA,NA,NA
0019589384239,85973.95671,5097.56651,0,Multi Serve,NA,NA,NA,NA,NA,NA,NA,NA,NA,NA,NA,NA,NA,NA,NA,NA,NA,NA,NA,NA,NA,NA,NA,NA
0001477700497,13377.43632,3512.59129,0,Multi Serve,NA,NA,NA,NA,NA,NA,NA,NA,NA,NA,NA,NA,NA,NA,NA,NA,NA,NA,NA,NA,NA,NA,NA,NA
0085084100201,248.9718508,42.13577431,0,Multi Serve,NA,NA,NA,NA,NA,NA,NA,NA,NA,NA,NA,NA,NA,NA,NA,NA,NA,NA,NA,NA,NA,NA,NA,NA
0088884900718,1893365.798,210673.3857,0,Multi Serve,Non- Indulgent,Deluxe/Supreme,Deluxe/Supreme,Deluxe/Supreme/Meat Combo,Meat Combos,Non-Veg,NA,No Gluten Claim Present,Premium,Regular Crust,13.5 Oz,Small (<=20 Oz),Conv Oven,Thick/Original,NA,1 Ct,Box,No Vegan Claim Present,No Natural Claim Present,No Gmo Claim Present,No Organic Claim Present,No Plant based claim,No Preservative-Free Claim Present,BFY
0001103760630,2126898.782,508421.9951,0,Multi Serve,Non- Indulgent,Chicken,Others,Others,Chicken,Non-Veg,PL,PL,Value,Regular Crust,28.56 Oz,Medium (20-30 Oz),Conv Oven,Thick/Original,PL,1 Ct,Over Wrap,No Vegan Claim Present,No Natural Claim Present,No Gmo Claim Present,No Organic Claim Present,No Plant based claim,No Preservative-Free Claim Present,Non BFY
0000707592979,0,0,0,Multi Serve,NA,NA,NA,NA,NA,NA,NA,NA,NA,NA,NA,NA,NA,NA,NA,NA,NA,NA,NA,NA,NA,NA,NA,NA
0081459801007,0,0,0,Multi Serve,NA,NA,NA,NA,NA,NA,NA,NA,NA,NA,NA,NA,NA,NA,NA,NA,NA,NA,NA,NA,NA,NA,NA,NA
0000742812428,0,0,0,Multi Serve,NA,NA,NA,NA,NA,NA,NA,NA,NA,NA,NA,NA,NA,NA,NA,NA,NA,NA,NA,NA,NA,NA,NA,NA
0000104596437,0,0,0,Multi Serve,NA,NA,NA,NA,NA,NA,NA,NA,NA,NA,NA,NA,NA,NA,NA,NA,NA,NA,NA,NA,NA,NA,NA,NA
0085493400767,322.7311553,30.59414317,0,Multi Serve,NA,NA,NA,NA,NA,NA,NA,NA,NA,NA,NA,NA,NA,NA,NA,NA,NA,NA,NA,NA,NA,NA,NA,NA
0001558229116,0,0,0,Multi Serve,NA,NA,NA,NA,NA,NA,NA,NA,NA,NA,NA,NA,NA,NA,NA,NA,NA,NA,NA,NA,NA,NA,NA,NA
0001076866198,103.481225,25.26904914,0,Multi Serve,NA,NA,NA,NA,NA,NA,NA,NA,NA,NA,NA,NA,NA,NA,NA,NA,NA,NA,NA,NA,NA,NA,NA,NA
0001138483080,2134994.074,946446.8641,0,Multi Serve,Non- Indulgent,Pepperoni,Others,Others,Pepperoni,Non-Veg,PL,No Gluten Claim Present,Value,Rising Crust,30.2 Oz,Large (>= 30 Oz),Conv Oven,Thick/Original,PL,1 Ct,Box,No Vegan Claim Present,No Natural Claim Present,No Gmo Claim Present,No Organic Claim Present,PL,No Preservative-Free Claim Present,Non BFY
0000216416604,0,0,0,Multi Serve,NA,NA,NA,NA,NA,NA,NA,NA,NA,NA,NA,NA,NA,NA,NA,NA,NA,NA,NA,NA,NA,NA,NA,NA
0004158100133,3344463.588,806098.1695,0,Multi Serve,Non- Indulgent,Cheese/Plain,Others,Others,Cheese/Plain,Vegetarian,Red Sauce,No Gluten Claim Present,Mid Tier,Regular Crust,12.1 Oz,Small (<=20 Oz),Conv Oven,Thick/Original,Regular Crust,1 Ct,Over Wrap,No Vegan Claim Present,No Natural Claim Present,No Gmo Claim Present,No Organic Claim Present,No Plant based claim,No Preservative-Free Claim Present,Non BFY
0007465365243,38338929.15,9958744.926,1,Multi Serve,Non- Indulgent,Deluxe/Supreme,Deluxe/Supreme,Deluxe/Supreme/Meat Combo,Meat Combos,Non-Veg,Red Sauce,No Gluten Claim Present,Value,Regular Crust,15.8 Oz,Small (<=20 Oz),Conv Oven,Thick/Original,Regular Crust,1 Ct,Over Wrap,No Vegan Claim Present,No Natural Claim Present,No Gmo Claim Present,No Organic Claim Present,No Plant based claim,No Preservative-Free Claim Present,Non BFY
0000114502508,0,0,0,Multi Serve,NA,NA,NA,NA,NA,NA,NA,NA,NA,NA,NA,NA,NA,NA,NA,NA,NA,NA,NA,NA,NA,NA,NA,NA
0000596575668,0,0,0,Multi Serve,NA,NA,NA,NA,NA,NA,NA,NA,NA,NA,NA,NA,NA,NA,NA,NA,NA,NA,NA,NA,NA,NA,NA,NA
0002182110345,0,0,0,Multi Serve,NA,NA,NA,NA,NA,NA,NA,NA,NA,NA,NA,NA,NA,NA,NA,NA,NA,NA,NA,NA,NA,NA,NA,NA
0001077565601,0,0,0,Multi Serve,NA,NA,NA,NA,NA,NA,NA,NA,NA,NA,NA,NA,NA,NA,NA,NA,NA,NA,NA,NA,NA,NA,NA,NA
0067400700211,1028.49003,113.6571552,0,Multi Serve,NA,NA,NA,NA,NA,NA,NA,NA,NA,NA,NA,NA,NA,NA,NA,NA,NA,NA,NA,NA,NA,NA,NA,NA
0007570630033,0,0,0,Multi Serve,NA,NA,NA,NA,NA,NA,NA,NA,NA,NA,NA,NA,NA,NA,NA,NA,NA,NA,NA,NA,NA,NA,NA,NA
0088570912284,95362.89371,12678.32526,0,Multi Serve,NA,NA,NA,NA,NA,NA,NA,NA,NA,NA,NA,NA,NA,NA,NA,NA,NA,NA,NA,NA,NA,NA,NA,NA
0000654370317,863358.3428,174576.6535,0,Multi Serve,Non- Indulgent,Ao Topping,Others,Others,Ao Topping,PL,PL,No Gluten Claim Present,Value,Wood Fired,17.3 Oz,Small (<=20 Oz),Conv Oven,PL,PL,1 Ct,Box,No Vegan Claim Present,No Natural Claim Present,No Gmo Claim Present,No Organic Claim Present,PL,No Preservative-Free Claim Present,Non BFY
0009350602474,0,0,0,Multi Serve,NA,NA,NA,NA,NA,NA,NA,NA,NA,NA,NA,NA,NA,NA,NA,NA,NA,NA,NA,NA,NA,NA,NA,NA
0000712423587,2738.92071,731.7466186,0,Multi Serve,NA,NA,NA,NA,NA,NA,NA,NA,NA,NA,NA,NA,NA,NA,NA,NA,NA,NA,NA,NA,NA,NA,NA,NA
0000141531886,0,0,0,Multi Serve,NA,NA,NA,NA,NA,NA,NA,NA,NA,NA,NA,NA,NA,NA,NA,NA,NA,NA,NA,NA,NA,NA,NA,NA
0000685157441,0,0,0,Multi Serve,NA,NA,NA,NA,NA,NA,NA,NA,NA,NA,NA,NA,NA,NA,NA,NA,NA,NA,NA,NA,NA,NA,NA,NA
0007218063481,72.65,24.49125,0,Multi Serve,NA,NA,NA,NA,NA,NA,NA,NA,NA,NA,NA,NA,NA,NA,NA,NA,NA,NA,NA,NA,NA,NA,NA,NA
0007192155142,2143371.804,555376.5565,1,Multi Serve,Non- Indulgent,Meat Combos,Others,Deluxe/Supreme/Meat Combo,Meat Combos,Non-Veg,Red Sauce,No Gluten Claim Present,Value,Regular Crust,19.4 Oz,Small (<=20 Oz),Conv Oven,Thick/Original,Regular Crust,1 Ct,Box,No Vegan Claim Present,No Natural Claim Present,No Gmo Claim Present,No Organic Claim Present,No Plant based claim,No Preservative-Free Claim Present,Non BFY
0085584000603,0,0,0,Multi Serve,NA,NA,NA,NA,NA,NA,NA,NA,NA,NA,NA,NA,NA,NA,NA,NA,NA,NA,NA,NA,NA,NA,NA,NA
0001186345942,456443.0984,211258.7808,0,Multi Serve,NA,NA,NA,NA,NA,NA,NA,NA,NA,NA,NA,NA,NA,NA,NA,NA,NA,NA,NA,NA,NA,NA,NA,NA
0007218056619,1309600.31,266812.2562,0,Multi Serve,Non- Indulgent,Cheese/Plain,Others,Others,Cheese/Plain,Vegetarian,Red Sauce,No Gluten Claim Present,Mid Tier,Regular Crust,17.71 Oz,Small (<=20 Oz),Conv Oven,Thick/Original,Regular Crust,1 Ct,Box,No Vegan Claim Present,No Natural Claim Present,No Gmo Claim Present,No Organic Claim Present,No Plant based claim,No Preservative-Free Claim Present,Non BFY
0083041500937,0,0,0,Multi Serve,NA,NA,NA,NA,NA,NA,NA,NA,NA,NA,NA,NA,NA,NA,NA,NA,NA,NA,NA,NA,NA,NA,NA,NA
0009350602925,0,0,0,Multi Serve,NA,NA,NA,NA,NA,NA,NA,NA,NA,NA,NA,NA,NA,NA,NA,NA,NA,NA,NA,NA,NA,NA,NA,NA
0062845168485,0,0,0,Multi Serve,NA,NA,NA,NA,NA,NA,NA,NA,NA,NA,NA,NA,NA,NA,NA,NA,NA,NA,NA,NA,NA,NA,NA,NA
0004227201243,0,0,0,Multi Serve,NA,NA,NA,NA,NA,NA,NA,NA,NA,NA,NA,NA,NA,NA,NA,NA,NA,NA,NA,NA,NA,NA,NA,NA
0000951273026,0,0,0,Multi Serve,NA,NA,NA,NA,NA,NA,NA,NA,NA,NA,NA,NA,NA,NA,NA,NA,NA,NA,NA,NA,NA,NA,NA,NA
0000589974672,0,0,0,Multi Serve,NA,NA,NA,NA,NA,NA,NA,NA,NA,NA,NA,NA,NA,NA,NA,NA,NA,NA,NA,NA,NA,NA,NA,NA
0007218063893,404878.5989,40239.23847,0,Multi Serve,NA,NA,NA,NA,NA,NA,NA,NA,NA,NA,NA,NA,NA,NA,NA,NA,NA,NA,NA,NA,NA,NA,NA,NA
0000897048116,0,0,0,Multi Serve,NA,NA,NA,NA,NA,NA,NA,NA,NA,NA,NA,NA,NA,NA,NA,NA,NA,NA,NA,NA,NA,NA,NA,NA
0000003894111,0,0,0,Multi Serve,NA,NA,NA,NA,NA,NA,NA,NA,NA,NA,NA,NA,NA,NA,NA,NA,NA,NA,NA,NA,NA,NA,NA,NA
0007192164958,12110.29493,1368.590012,1,Multi Serve,NA,NA,NA,NA,NA,NA,NA,NA,NA,NA,NA,NA,NA,NA,NA,NA,NA,NA,NA,NA,NA,NA,NA,NA
0002146734655,0,0,0,Multi Serve,NA,NA,NA,NA,NA,NA,NA,NA,NA,NA,NA,NA,NA,NA,NA,NA,NA,NA,NA,NA,NA,NA,NA,NA
0004256360597,4900.545059,443.9696247,0,Multi Serve,NA,NA,NA,NA,NA,NA,NA,NA,NA,NA,NA,NA,NA,NA,NA,NA,NA,NA,NA,NA,NA,NA,NA,NA
0004227201179,0,0,0,Multi Serve,NA,NA,NA,NA,NA,NA,NA,NA,NA,NA,NA,NA,NA,NA,NA,NA,NA,NA,NA,NA,NA,NA,NA,NA
0004309856303,88193.45073,17310.6668,0,Multi Serve,NA,NA,NA,NA,NA,NA,NA,NA,NA,NA,NA,NA,NA,NA,NA,NA,NA,NA,NA,NA,NA,NA,NA,NA
0085001837005,0,0,0,Multi Serve,NA,NA,NA,NA,NA,NA,NA,NA,NA,NA,NA,NA,NA,NA,NA,NA,NA,NA,NA,NA,NA,NA,NA,NA
0000907921389,2157.250963,446.8995971,0,Multi Serve,NA,NA,NA,NA,NA,NA,NA,NA,NA,NA,NA,NA,NA,NA,NA,NA,NA,NA,NA,NA,NA,NA,NA,NA
0088006646014,0,0,0,Multi Serve,NA,NA,NA,NA,NA,NA,NA,NA,NA,NA,NA,NA,NA,NA,NA,NA,NA,NA,NA,NA,NA,NA,NA,NA
0000676098146,594612.74,83436.28125,0,Multi Serve,NA,NA,NA,NA,NA,NA,NA,NA,NA,NA,NA,NA,NA,NA,NA,NA,NA,NA,NA,NA,NA,NA,NA,NA
0007192163088,0,0,1,Multi Serve,NA,NA,NA,NA,NA,NA,NA,NA,NA,NA,NA,NA,NA,NA,NA,NA,NA,NA,NA,NA,NA,NA,NA,NA
0009492256284,13304.48214,1746.375778,0,Multi Serve,NA,NA,NA,NA,NA,NA,NA,NA,NA,NA,NA,NA,NA,NA,NA,NA,NA,NA,NA,NA,NA,NA,NA,NA
0004219700387,233692.1972,47794.76008,0,Multi Serve,NA,NA,NA,NA,NA,NA,NA,NA,NA,NA,NA,NA,NA,NA,NA,NA,NA,NA,NA,NA,NA,NA,NA,NA
0085763000321,36705.87897,6819.288399,0,Multi Serve,NA,NA,NA,NA,NA,NA,NA,NA,NA,NA,NA,NA,NA,NA,NA,NA,NA,NA,NA,NA,NA,NA,NA,NA
0007671344427,351.7362783,46.47847597,0,Multi Serve,NA,NA,NA,NA,NA,NA,NA,NA,NA,NA,NA,NA,NA,NA,NA,NA,NA,NA,NA,NA,NA,NA,NA,NA
0002066200544,0,0,0,Multi Serve,NA,NA,NA,NA,NA,NA,NA,NA,NA,NA,NA,NA,NA,NA,NA,NA,NA,NA,NA,NA,NA,NA,NA,NA
0004227201244,0,0,0,Multi Serve,NA,NA,NA,NA,NA,NA,NA,NA,NA,NA,NA,NA,NA,NA,NA,NA,NA,NA,NA,NA,NA,NA,NA,NA
0000114502505,0,0,0,Multi Serve,NA,NA,NA,NA,NA,NA,NA,NA,NA,NA,NA,NA,NA,NA,NA,NA,NA,NA,NA,NA,NA,NA,NA,NA
0002182112678,33808.63348,8218.706136,0,Multi Serve,NA,NA,NA,NA,NA,NA,NA,NA,NA,NA,NA,NA,NA,NA,NA,NA,NA,NA,NA,NA,NA,NA,NA,NA
0003870895007,2443470.937,544906.1698,0,Multi Serve,Indulgent,Cheese/Plain,Others,Others,Cheese/Plain,Vegetarian,NA,No Gluten Claim Present,Mid Tier,Regular Crust,33.8 Oz,Large (>= 30 Oz),Conv Oven,Thick/Original,NA,1 Ct,Over Wrap,No Vegan Claim Present,No Natural Claim Present,No Gmo Claim Present,No Organic Claim Present,No Plant based claim,No Preservative-Free Claim Present,Non BFY
0003870895088,34519.79832,8440.518008,0,Multi Serve,NA,NA,NA,NA,NA,NA,NA,NA,NA,NA,NA,NA,NA,NA,NA,NA,NA,NA,NA,NA,NA,NA,NA,NA
0000015277475,224591.3408,61487.82659,0,Multi Serve,NA,NA,NA,NA,NA,NA,NA,NA,NA,NA,NA,NA,NA,NA,NA,NA,NA,NA,NA,NA,NA,NA,NA,NA
0004158100127,2.98,0.8125,0,Multi Serve,NA,NA,NA,NA,NA,NA,NA,NA,NA,NA,NA,NA,NA,NA,NA,NA,NA,NA,NA,NA,NA,NA,NA,NA
0000270919093,0,0,0,Multi Serve,NA,NA,NA,NA,NA,NA,NA,NA,NA,NA,NA,NA,NA,NA,NA,NA,NA,NA,NA,NA,NA,NA,NA,NA
0068614800002,170413.7816,25990.84936,0,Multi Serve,NA,NA,NA,NA,NA,NA,NA,NA,NA,NA,NA,NA,NA,NA,NA,NA,NA,NA,NA,NA,NA,NA,NA,NA
0000951274688,0,0,0,Multi Serve,NA,NA,NA,NA,NA,NA,NA,NA,NA,NA,NA,NA,NA,NA,NA,NA,NA,NA,NA,NA,NA,NA,NA,NA
0270070883305,0,0,1,Multi Serve,NA,NA,NA,NA,NA,NA,NA,NA,NA,NA,NA,NA,NA,NA,NA,NA,NA,NA,NA,NA,NA,NA,NA,NA
0007192103339,312.7866403,91.89989759,1,Multi Serve,NA,NA,NA,NA,NA,NA,NA,NA,NA,NA,NA,NA,NA,NA,NA,NA,NA,NA,NA,NA,NA,NA,NA,NA
0000141373102,430255.2027,115640.121,0,Multi Serve,NA,NA,NA,NA,NA,NA,NA,NA,NA,NA,NA,NA,NA,NA,NA,NA,NA,NA,NA,NA,NA,NA,NA,NA
0001379016750,0,0,0,Multi Serve,NA,NA,NA,NA,NA,NA,NA,NA,NA,NA,NA,NA,NA,NA,NA,NA,NA,NA,NA,NA,NA,NA,NA,NA
0000346300580,0,0,0,Multi Serve,NA,NA,NA,NA,NA,NA,NA,NA,NA,NA,NA,NA,NA,NA,NA,NA,NA,NA,NA,NA,NA,NA,NA,NA
0009194596857,416104.7326,86178.52445,0,Multi Serve,NA,NA,NA,NA,NA,NA,NA,NA,NA,NA,NA,NA,NA,NA,NA,NA,NA,NA,NA,NA,NA,NA,NA,NA
0000174207755,0,0,0,Multi Serve,NA,NA,NA,NA,NA,NA,NA,NA,NA,NA,NA,NA,NA,NA,NA,NA,NA,NA,NA,NA,NA,NA,NA,NA
0000483164329,7999.821739,2112.62898,0,Multi Serve,NA,NA,NA,NA,NA,NA,NA,NA,NA,NA,NA,NA,NA,NA,NA,NA,NA,NA,NA,NA,NA,NA,NA,NA
0000006197605,340291.1261,148608.862,0,Multi Serve,NA,NA,NA,NA,NA,NA,NA,NA,NA,NA,NA,NA,NA,NA,NA,NA,NA,NA,NA,NA,NA,NA,NA,NA
0000159033506,0,0,0,Multi Serve,NA,NA,NA,NA,NA,NA,NA,NA,NA,NA,NA,NA,NA,NA,NA,NA,NA,NA,NA,NA,NA,NA,NA,NA
0000003910389,0,0,0,Multi Serve,NA,NA,NA,NA,NA,NA,NA,NA,NA,NA,NA,NA,NA,NA,NA,NA,NA,NA,NA,NA,NA,NA,NA,NA
0000041553504,0,0,0,Multi Serve,NA,NA,NA,NA,NA,NA,NA,NA,NA,NA,NA,NA,NA,NA,NA,NA,NA,NA,NA,NA,NA,NA,NA,NA
0075234957417,77556.60041,11853.13505,0,Multi Serve,NA,NA,NA,NA,NA,NA,NA,NA,NA,NA,NA,NA,NA,NA,NA,NA,NA,NA,NA,NA,NA,NA,NA,NA
0001024999908,0,0,0,Multi Serve,NA,NA,NA,NA,NA,NA,NA,NA,NA,NA,NA,NA,NA,NA,NA,NA,NA,NA,NA,NA,NA,NA,NA,NA
0001200784738,73335.51229,21523.71038,0,Multi Serve,NA,NA,NA,NA,NA,NA,NA,NA,NA,NA,NA,NA,NA,NA,NA,NA,NA,NA,NA,NA,NA,NA,NA,NA
0000116928566,0,0,0,Multi Serve,NA,NA,NA,NA,NA,NA,NA,NA,NA,NA,NA,NA,NA,NA,NA,NA,NA,NA,NA,NA,NA,NA,NA,NA
0000933167991,186753.0257,43921.05028,0,Multi Serve,NA,NA,NA,NA,NA,NA,NA,NA,NA,NA,NA,NA,NA,NA,NA,NA,NA,NA,NA,NA,NA,NA,NA,NA
0000104600037,7205477.38,1998360.344,0,Multi Serve,Non- Indulgent,Pepperoni,Others,Others,Pepperoni,Non-Veg,PL,No Gluten Claim Present,Value,Stuffed Crust,31.1 Oz,Large (>= 30 Oz),Conv Oven,PL,PL,1 Ct,Box,No Vegan Claim Present,No Natural Claim Present,No Gmo Claim Present,No Organic Claim Present,No Plant based claim,No Preservative-Free Claim Present,Non BFY
0086039600132,0,0,0,Multi Serve,NA,NA,NA,NA,NA,NA,NA,NA,NA,NA,NA,NA,NA,NA,NA,NA,NA,NA,NA,NA,NA,NA,NA,NA
0001070953132,239463.7964,72590.04037,0,Multi Serve,NA,NA,NA,NA,NA,NA,NA,NA,NA,NA,NA,NA,NA,NA,NA,NA,NA,NA,NA,NA,NA,NA,NA,NA
0009350602729,1451.00814,204.3033989,0,Multi Serve,NA,NA,NA,NA,NA,NA,NA,NA,NA,NA,NA,NA,NA,NA,NA,NA,NA,NA,NA,NA,NA,NA,NA,NA
0000950542630,194.5520481,31.43438653,0,Multi Serve,NA,NA,NA,NA,NA,NA,NA,NA,NA,NA,NA,NA,NA,NA,NA,NA,NA,NA,NA,NA,NA,NA,NA,NA
0009492269568,32934.51338,4419.988224,0,Multi Serve,NA,NA,NA,NA,NA,NA,NA,NA,NA,NA,NA,NA,NA,NA,NA,NA,NA,NA,NA,NA,NA,NA,NA,NA
0007192152532,0,0,1,Multi Serve,NA,NA,NA,NA,NA,NA,NA,NA,NA,NA,NA,NA,NA,NA,NA,NA,NA,NA,NA,NA,NA,NA,NA,NA
0004227201328,1286969.211,101185.9056,0,Multi Serve,NA,NA,NA,NA,NA,NA,NA,NA,NA,NA,NA,NA,NA,NA,NA,NA,NA,NA,NA,NA,NA,NA,NA,NA
0000437955210,0,0,0,Multi Serve,Non- Indulgent,Pepperoni,Others,Others,Pepperoni,PL,PL,No Gluten Claim Present,Value,Thin,15.2 Oz,Small (<=20 Oz),Conv Oven,PL,PL,1 Ct,Over Wrap,No Vegan Claim Present,No Natural Claim Present,No Gmo Claim Present,No Organic Claim Present,No Plant based claim,No Preservative-Free Claim Present,Non BFY
0000041720027,11.96,3.86875,0,Multi Serve,NA,NA,NA,NA,NA,NA,NA,NA,NA,NA,NA,NA,NA,NA,NA,NA,NA,NA,NA,NA,NA,NA,NA,NA
0007986106000,4216.525781,1201.149163,0,Multi Serve,NA,NA,NA,NA,NA,NA,NA,NA,NA,NA,NA,NA,NA,NA,NA,NA,NA,NA,NA,NA,NA,NA,NA,NA
0004219700359,36794.17874,10796.08973,0,Multi Serve,NA,NA,NA,NA,NA,NA,NA,NA,NA,NA,NA,NA,NA,NA,NA,NA,NA,NA,NA,NA,NA,NA,NA,NA
0007570630028,0,0,0,Multi Serve,NA,NA,NA,NA,NA,NA,NA,NA,NA,NA,NA,NA,NA,NA,NA,NA,NA,NA,NA,NA,NA,NA,NA,NA
0000030264111,1300331.822,387997.3669,0,Multi Serve,Non- Indulgent,Pepperoni,Others,Others,Pepperoni,PL,PL,No Gluten Claim Present,Value,Regular Crust,15.4 Oz,Small (<=20 Oz),Conv Oven,PL,PL,1 Ct,Over Wrap,No Vegan Claim Present,No Natural Claim Present,No Gmo Claim Present,No Organic Claim Present,No Plant based claim,No Preservative-Free Claim Present,Non BFY
0004227201449,2818.480133,299.1290716,0,Multi Serve,NA,NA,NA,NA,NA,NA,NA,NA,NA,NA,NA,NA,NA,NA,NA,NA,NA,NA,NA,NA,NA,NA,NA,NA
0089245300110,11304.45257,1406.516574,0,Multi Serve,NA,NA,NA,NA,NA,NA,NA,NA,NA,NA,NA,NA,NA,NA,NA,NA,NA,NA,NA,NA,NA,NA,NA,NA
0270071739552,0,0,0,Multi Serve,NA,NA,NA,NA,NA,NA,NA,NA,NA,NA,NA,NA,NA,NA,NA,NA,NA,NA,NA,NA,NA,NA,NA,NA
0000195347875,0,0,0,Multi Serve,NA,NA,NA,NA,NA,NA,NA,NA,NA,NA,NA,NA,NA,NA,NA,NA,NA,NA,NA,NA,NA,NA,NA,NA
0000171872905,0,0,0,Multi Serve,NA,NA,NA,NA,NA,NA,NA,NA,NA,NA,NA,NA,NA,NA,NA,NA,NA,NA,NA,NA,NA,NA,NA,NA
0001674100067,0,0,1,Multi Serve,NA,NA,NA,NA,NA,NA,NA,NA,NA,NA,NA,NA,NA,NA,NA,NA,NA,NA,NA,NA,NA,NA,NA,NA
0081496700403,0,0,0,Multi Serve,NA,NA,NA,NA,NA,NA,NA,NA,NA,NA,NA,NA,NA,NA,NA,NA,NA,NA,NA,NA,NA,NA,NA,NA
0003870895102,203598.8917,32064.95493,0,Multi Serve,NA,NA,NA,NA,NA,NA,NA,NA,NA,NA,NA,NA,NA,NA,NA,NA,NA,NA,NA,NA,NA,NA,NA,NA
0000353766359,261952.0084,45822.90462,0,Multi Serve,NA,NA,NA,NA,NA,NA,NA,NA,NA,NA,NA,NA,NA,NA,NA,NA,NA,NA,NA,NA,NA,NA,NA,NA
0069781201235,17211.82834,1247.518208,0,Multi Serve,NA,NA,NA,NA,NA,NA,NA,NA,NA,NA,NA,NA,NA,NA,NA,NA,NA,NA,NA,NA,NA,NA,NA,NA
0002102518789,0,0,0,Multi Serve,NA,NA,NA,NA,NA,NA,NA,NA,NA,NA,NA,NA,NA,NA,NA,NA,NA,NA,NA,NA,NA,NA,NA,NA
0000349752966,505361.7942,151137.6194,0,Multi Serve,NA,NA,NA,NA,NA,NA,NA,NA,NA,NA,NA,NA,NA,NA,NA,NA,NA,NA,NA,NA,NA,NA,NA,NA
0003870895215,0,0,0,Multi Serve,NA,NA,NA,NA,NA,NA,NA,NA,NA,NA,NA,NA,NA,NA,NA,NA,NA,NA,NA,NA,NA,NA,NA,NA
0005073238831,98493.68373,17169.47065,0,Multi Serve,NA,NA,NA,NA,NA,NA,NA,NA,NA,NA,NA,NA,NA,NA,NA,NA,NA,NA,NA,NA,NA,NA,NA,NA
0007465370335,316.6242303,65.86814716,1,Multi Serve,NA,NA,NA,NA,NA,NA,NA,NA,NA,NA,NA,NA,NA,NA,NA,NA,NA,NA,NA,NA,NA,NA,NA,NA
0085692100600,754923.2869,108418.6799,0,Multi Serve,NA,NA,NA,NA,NA,NA,NA,NA,NA,NA,NA,NA,NA,NA,NA,NA,NA,NA,NA,NA,NA,NA,NA,NA
0270070883024,0,0,0,Multi Serve,NA,NA,NA,NA,NA,NA,NA,NA,NA,NA,NA,NA,NA,NA,NA,NA,NA,NA,NA,NA,NA,NA,NA,NA
0004219700381,26593.53891,5685.145449,0,Multi Serve,NA,NA,NA,NA,NA,NA,NA,NA,NA,NA,NA,NA,NA,NA,NA,NA,NA,NA,NA,NA,NA,NA,NA,NA
0000358333063,0,0,0,Multi Serve,NA,NA,NA,NA,NA,NA,NA,NA,NA,NA,NA,NA,NA,NA,NA,NA,NA,NA,NA,NA,NA,NA,NA,NA
0000753899147,0,0,0,Multi Serve,NA,NA,NA,NA,NA,NA,NA,NA,NA,NA,NA,NA,NA,NA,NA,NA,NA,NA,NA,NA,NA,NA,NA,NA
0086000601690,305446.0502,64652.82415,0,Multi Serve,NA,NA,NA,NA,NA,NA,NA,NA,NA,NA,NA,NA,NA,NA,NA,NA,NA,NA,NA,NA,NA,NA,NA,NA
0000868350306,8.896473522,2.345206177,0,Multi Serve,NA,NA,NA,NA,NA,NA,NA,NA,NA,NA,NA,NA,NA,NA,NA,NA,NA,NA,NA,NA,NA,NA,NA,NA
0001811448605,469507.2122,173586.1728,0,Multi Serve,Non- Indulgent,Chicken,Others,Others,Chicken,PL,PL,No Gluten Claim Present,Value,Rising Crust,27.15 Oz,Medium (20-30 Oz),Conv Oven,PL,PL,1 Ct,Box,No Vegan Claim Present,No Natural Claim Present,No Gmo Claim Present,No Organic Claim Present,No Plant based claim,No Preservative-Free Claim Present,Non BFY
0000008548803,3.16,0.8,0,Multi Serve,NA,NA,NA,NA,NA,NA,NA,NA,NA,NA,NA,NA,NA,NA,NA,NA,NA,NA,NA,NA,NA,NA,NA,NA
0000913640859,53260.40412,26691.81733,0,Multi Serve,NA,NA,NA,NA,NA,NA,NA,NA,NA,NA,NA,NA,NA,NA,NA,NA,NA,NA,NA,NA,NA,NA,NA,NA
0083041500899,0,0,0,Multi Serve,NA,NA,NA,NA,NA,NA,NA,NA,NA,NA,NA,NA,NA,NA,NA,NA,NA,NA,NA,NA,NA,NA,NA,NA
0070273059883,567478.0461,94940.47758,0,Multi Serve,NA,NA,NA,NA,NA,NA,NA,NA,NA,NA,NA,NA,NA,NA,NA,NA,NA,NA,NA,NA,NA,NA,NA,NA
0000000603713,0,0,0,Multi Serve,NA,NA,NA,NA,NA,NA,NA,NA,NA,NA,NA,NA,NA,NA,NA,NA,NA,NA,NA,NA,NA,NA,NA,NA
0007465300002,0,0,1,Multi Serve,NA,NA,NA,NA,NA,NA,NA,NA,NA,NA,NA,NA,NA,NA,NA,NA,NA,NA,NA,NA,NA,NA,NA,NA
0000167838407,0,0,0,Multi Serve,NA,NA,NA,NA,NA,NA,NA,NA,NA,NA,NA,NA,NA,NA,NA,NA,NA,NA,NA,NA,NA,NA,NA,NA
0000199203532,124901.7837,20633.79476,0,Multi Serve,NA,NA,NA,NA,NA,NA,NA,NA,NA,NA,NA,NA,NA,NA,NA,NA,NA,NA,NA,NA,NA,NA,NA,NA
0005073202991,9932.912561,1690.093885,0,Multi Serve,NA,NA,NA,NA,NA,NA,NA,NA,NA,NA,NA,NA,NA,NA,NA,NA,NA,NA,NA,NA,NA,NA,NA,NA
0000354846313,793760.3658,77777.76685,0,Multi Serve,NA,NA,NA,NA,NA,NA,NA,NA,NA,NA,NA,NA,NA,NA,NA,NA,NA,NA,NA,NA,NA,NA,NA,NA
0000258865710,0,0,0,Multi Serve,NA,NA,NA,NA,NA,NA,NA,NA,NA,NA,NA,NA,NA,NA,NA,NA,NA,NA,NA,NA,NA,NA,NA,NA
0001051214882,2178853.654,286655.5948,0,Multi Serve,Non- Indulgent,Meat Combos,Others,Deluxe/Supreme/Meat Combo,Meat Combos,Non-Veg,PL,No Gluten Claim Present,Premium,Thin,14.2 Oz,Small (<=20 Oz),Conv Oven,Thin,PL,1 Ct,Box,No Vegan Claim Present,No Natural Claim Present,No Gmo Claim Present,No Organic Claim Present,No Plant based claim,No Preservative-Free Claim Present,Non BFY
0001742013842,0,0,0,Multi Serve,NA,NA,NA,NA,NA,NA,NA,NA,NA,NA,NA,NA,NA,NA,NA,NA,NA,NA,NA,NA,NA,NA,NA,NA
0000299011894,138316.8089,25889.00041,0,Multi Serve,NA,NA,NA,NA,NA,NA,NA,NA,NA,NA,NA,NA,NA,NA,NA,NA,NA,NA,NA,NA,NA,NA,NA,NA
0000953308108,214193.3842,25365.11055,0,Multi Serve,NA,NA,NA,NA,NA,NA,NA,NA,NA,NA,NA,NA,NA,NA,NA,NA,NA,NA,NA,NA,NA,NA,NA,NA
0071921805609,0,0,1,Multi Serve,NA,NA,NA,NA,NA,NA,NA,NA,NA,NA,NA,NA,NA,NA,NA,NA,NA,NA,NA,NA,NA,NA,NA,NA
0004219700024,1591812.611,484679.1342,0,Multi Serve,NA,NA,NA,NA,NA,NA,NA,NA,NA,NA,NA,NA,NA,NA,NA,NA,NA,NA,NA,NA,NA,NA,NA,NA
0007660110002,117890.0705,24885.63494,0,Multi Serve,NA,NA,NA,NA,NA,NA,NA,NA,NA,NA,NA,NA,NA,NA,NA,NA,NA,NA,NA,NA,NA,NA,NA,NA
0003870895268,265155.7941,44868.58515,0,Multi Serve,NA,NA,NA,NA,NA,NA,NA,NA,NA,NA,NA,NA,NA,NA,NA,NA,NA,NA,NA,NA,NA,NA,NA,NA
0000197211916,3966.944118,1087.600923,0,Multi Serve,NA,NA,NA,NA,NA,NA,NA,NA,NA,NA,NA,NA,NA,NA,NA,NA,NA,NA,NA,NA,NA,NA,NA,NA
0005070614325,0,0,0,Multi Serve,NA,NA,NA,NA,NA,NA,NA,NA,NA,NA,NA,NA,NA,NA,NA,NA,NA,NA,NA,NA,NA,NA,NA,NA
0085561600724,0,0,0,Multi Serve,NA,NA,NA,NA,NA,NA,NA,NA,NA,NA,NA,NA,NA,NA,NA,NA,NA,NA,NA,NA,NA,NA,NA,NA
0009350602681,2564.312402,470.7743191,0,Multi Serve,NA,NA,NA,NA,NA,NA,NA,NA,NA,NA,NA,NA,NA,NA,NA,NA,NA,NA,NA,NA,NA,NA,NA,NA
0000314443217,0,0,0,Multi Serve,NA,NA,NA,NA,NA,NA,NA,NA,NA,NA,NA,NA,NA,NA,NA,NA,NA,NA,NA,NA,NA,NA,NA,NA
0085001610723,164034.9665,9891.153424,0,Multi Serve,NA,NA,NA,NA,NA,NA,NA,NA,NA,NA,NA,NA,NA,NA,NA,NA,NA,NA,NA,NA,NA,NA,NA,NA
0086340400022,172237.3663,20108.04133,0,Multi Serve,NA,NA,NA,NA,NA,NA,NA,NA,NA,NA,NA,NA,NA,NA,NA,NA,NA,NA,NA,NA,NA,NA,NA,NA
0002515500057,0,0,0,Multi Serve,NA,NA,NA,NA,NA,NA,NA,NA,NA,NA,NA,NA,NA,NA,NA,NA,NA,NA,NA,NA,NA,NA,NA,NA
0007192196143,0,0,1,Multi Serve,NA,NA,NA,NA,NA,NA,NA,NA,NA,NA,NA,NA,NA,NA,NA,NA,NA,NA,NA,NA,NA,NA,NA,NA
0007570631081,81405.08179,20302.54719,0,Multi Serve,NA,NA,NA,NA,NA,NA,NA,NA,NA,NA,NA,NA,NA,NA,NA,NA,NA,NA,NA,NA,NA,NA,NA,NA
0000000603162,0,0,0,Multi Serve,NA,NA,NA,NA,NA,NA,NA,NA,NA,NA,NA,NA,NA,NA,NA,NA,NA,NA,NA,NA,NA,NA,NA,NA
0007570630781,1097748.319,196534.5114,0,Multi Serve,Indulgent,Sausage,Others,Others,Sausage,Non-Veg,NA,No Gluten Claim Present,Mid Tier,Stuffed Crust,23.25 Oz,Medium (20-30 Oz),Conv Oven,Thick/Original,Regular Crust,1 Ct,Box,No Vegan Claim Present,No Natural Claim Present,No Gmo Claim Present,No Organic Claim Present,No Plant based claim,No Preservative-Free Claim Present,Non BFY
0009350602940,0,0,0,Multi Serve,NA,NA,NA,NA,NA,NA,NA,NA,NA,NA,NA,NA,NA,NA,NA,NA,NA,NA,NA,NA,NA,NA,NA,NA
0003033311333,95791.57797,14410.78303,0,Multi Serve,NA,NA,NA,NA,NA,NA,NA,NA,NA,NA,NA,NA,NA,NA,NA,NA,NA,NA,NA,NA,NA,NA,NA,NA
0000197217309,77388.11485,12971.91833,0,Multi Serve,NA,NA,NA,NA,NA,NA,NA,NA,NA,NA,NA,NA,NA,NA,NA,NA,NA,NA,NA,NA,NA,NA,NA,NA
0001212179048,824606.4509,270494.9613,0,Multi Serve,Non- Indulgent,Deluxe/Supreme,Deluxe/Supreme,Deluxe/Supreme/Meat Combo,Meat Combos,PL,PL,No Gluten Claim Present,Value,Regular Crust,16.9 Oz,Small (<=20 Oz),Conv Oven,PL,PL,1 Ct,Over Wrap,No Vegan Claim Present,No Natural Claim Present,No Gmo Claim Present,No Organic Claim Present,No Plant based claim,No Preservative-Free Claim Present,Non BFY
0086099700260,15433.42208,990.6353918,0,Multi Serve,NA,NA,NA,NA,NA,NA,NA,NA,NA,NA,NA,NA,NA,NA,NA,NA,NA,NA,NA,NA,NA,NA,NA,NA
0007218063450,332.8440166,89.15464729,0,Multi Serve,NA,NA,NA,NA,NA,NA,NA,NA,NA,NA,NA,NA,NA,NA,NA,NA,NA,NA,NA,NA,NA,NA,NA,NA
0007680805018,330.9520893,132.3655882,0,Multi Serve,NA,NA,NA,NA,NA,NA,NA,NA,NA,NA,NA,NA,NA,NA,NA,NA,NA,NA,NA,NA,NA,NA,NA,NA
0085452700421,679248.469,135885.0685,0,Multi Serve,NA,NA,NA,NA,NA,NA,NA,NA,NA,NA,NA,NA,NA,NA,NA,NA,NA,NA,NA,NA,NA,NA,NA,NA
0007570616509,361652.4853,71091.54359,0,Multi Serve,NA,NA,NA,NA,NA,NA,NA,NA,NA,NA,NA,NA,NA,NA,NA,NA,NA,NA,NA,NA,NA,NA,NA,NA
0086073800021,0,0,0,Multi Serve,NA,NA,NA,NA,NA,NA,NA,NA,NA,NA,NA,NA,NA,NA,NA,NA,NA,NA,NA,NA,NA,NA,NA,NA
0000200379245,407519.4695,137808.3523,0,Multi Serve,NA,NA,NA,NA,NA,NA,NA,NA,NA,NA,NA,NA,NA,NA,NA,NA,NA,NA,NA,NA,NA,NA,NA,NA
0082657011220,0,0,0,Multi Serve,NA,NA,NA,NA,NA,NA,NA,NA,NA,NA,NA,NA,NA,NA,NA,NA,NA,NA,NA,NA,NA,NA,NA,NA
0085720800301,357536.8452,48104.35847,0,Multi Serve,NA,NA,NA,NA,NA,NA,NA,NA,NA,NA,NA,NA,NA,NA,NA,NA,NA,NA,NA,NA,NA,NA,NA,NA
0000016041802,0,0,0,Multi Serve,NA,NA,NA,NA,NA,NA,NA,NA,NA,NA,NA,NA,NA,NA,NA,NA,NA,NA,NA,NA,NA,NA,NA,NA
0085763000316,316816.3781,59945.65627,0,Multi Serve,NA,NA,NA,NA,NA,NA,NA,NA,NA,NA,NA,NA,NA,NA,NA,NA,NA,NA,NA,NA,NA,NA,NA,NA
0082900600005,11641.84915,1842.031491,0,Multi Serve,NA,NA,NA,NA,NA,NA,NA,NA,NA,NA,NA,NA,NA,NA,NA,NA,NA,NA,NA,NA,NA,NA,NA,NA
0000454729472,0,0,0,Multi Serve,NA,NA,NA,NA,NA,NA,NA,NA,NA,NA,NA,NA,NA,NA,NA,NA,NA,NA,NA,NA,NA,NA,NA,NA
0007465314984,1942057.393,281660.295,1,Multi Serve,Non- Indulgent,Pepperoni,Others,Others,Pepperoni,Non-Veg,NA,Gluten Free Claim,Value,Regular Crust,14.8 Oz,Small (<=20 Oz),Conv Oven,Thin,Healthy,1 Ct,Box,No Vegan Claim Present,No Natural Claim Present,No Gmo Claim Present,No Organic Claim Present,No Plant based claim,No Preservative-Free Claim Present,BFY
0086340400029,6417.128945,683.9108575,0,Multi Serve,NA,NA,NA,NA,NA,NA,NA,NA,NA,NA,NA,NA,NA,NA,NA,NA,NA,NA,NA,NA,NA,NA,NA,NA
0007192119924,0,0,1,Multi Serve,NA,NA,NA,NA,NA,NA,NA,NA,NA,NA,NA,NA,NA,NA,NA,NA,NA,NA,NA,NA,NA,NA,NA,NA
0070510584798,0,0,0,Multi Serve,NA,NA,NA,NA,NA,NA,NA,NA,NA,NA,NA,NA,NA,NA,NA,NA,NA,NA,NA,NA,NA,NA,NA,NA
0087145900142,26293.96242,2862.832796,0,Multi Serve,NA,NA,NA,NA,NA,NA,NA,NA,NA,NA,NA,NA,NA,NA,NA,NA,NA,NA,NA,NA,NA,NA,NA,NA
0004023251168,0,0,0,Multi Serve,NA,NA,NA,NA,NA,NA,NA,NA,NA,NA,NA,NA,NA,NA,NA,NA,NA,NA,NA,NA,NA,NA,NA,NA
0000000604182,106301.2362,12208.37428,0,Multi Serve,NA,NA,NA,NA,NA,NA,NA,NA,NA,NA,NA,NA,NA,NA,NA,NA,NA,NA,NA,NA,NA,NA,NA,NA
0007192194174,237.8151822,29.6206354,1,Multi Serve,NA,NA,NA,NA,NA,NA,NA,NA,NA,NA,NA,NA,NA,NA,NA,NA,NA,NA,NA,NA,NA,NA,NA,NA
0000000603180,0,0,0,Multi Serve,NA,NA,NA,NA,NA,NA,NA,NA,NA,NA,NA,NA,NA,NA,NA,NA,NA,NA,NA,NA,NA,NA,NA,NA
0085003560875,199.6092096,24.34618757,0,Multi Serve,NA,NA,NA,NA,NA,NA,NA,NA,NA,NA,NA,NA,NA,NA,NA,NA,NA,NA,NA,NA,NA,NA,NA,NA
0072230176987,55993.50522,4840.397571,0,Multi Serve,NA,NA,NA,NA,NA,NA,NA,NA,NA,NA,NA,NA,NA,NA,NA,NA,NA,NA,NA,NA,NA,NA,NA,NA
0004219700362,0,0,0,Multi Serve,NA,NA,NA,NA,NA,NA,NA,NA,NA,NA,NA,NA,NA,NA,NA,NA,NA,NA,NA,NA,NA,NA,NA,NA
0089257600189,0,0,0,Multi Serve,NA,NA,NA,NA,NA,NA,NA,NA,NA,NA,NA,NA,NA,NA,NA,NA,NA,NA,NA,NA,NA,NA,NA,NA
0073178913017,19984.94083,2072.12385,0,Multi Serve,NA,NA,NA,NA,NA,NA,NA,NA,NA,NA,NA,NA,NA,NA,NA,NA,NA,NA,NA,NA,NA,NA,NA,NA
0000007099730,0,0,0,Multi Serve,NA,NA,NA,NA,NA,NA,NA,NA,NA,NA,NA,NA,NA,NA,NA,NA,NA,NA,NA,NA,NA,NA,NA,NA
0002182113123,2663.717632,509.1575701,0,Multi Serve,NA,NA,NA,NA,NA,NA,NA,NA,NA,NA,NA,NA,NA,NA,NA,NA,NA,NA,NA,NA,NA,NA,NA,NA
0007864220501,291836.3487,70432.71524,0,Multi Serve,NA,NA,NA,NA,NA,NA,NA,NA,NA,NA,NA,NA,NA,NA,NA,NA,NA,NA,NA,NA,NA,NA,NA,NA
0000942653759,17563545.7,6333053.752,0,Multi Serve,Non- Indulgent,Meat Combos,Others,Deluxe/Supreme/Meat Combo,Meat Combos,Non-Veg,PL,No Gluten Claim Present,Value,Rising Crust,28.65 Oz,Medium (20-30 Oz),Conv Oven,Thick/Original,PL,1 Ct,Box,No Vegan Claim Present,No Natural Claim Present,No Gmo Claim Present,No Organic Claim Present,No Plant based claim,No Preservative-Free Claim Present,Non BFY
0019641100005,2373.166845,152.3079013,0,Multi Serve,NA,NA,NA,NA,NA,NA,NA,NA,NA,NA,NA,NA,NA,NA,NA,NA,NA,NA,NA,NA,NA,NA,NA,NA
0001171714658,61568.6199,8111.120636,0,Multi Serve,NA,NA,NA,NA,NA,NA,NA,NA,NA,NA,NA,NA,NA,NA,NA,NA,NA,NA,NA,NA,NA,NA,NA,NA
0000029540640,453117.6059,138602.0997,0,Multi Serve,NA,NA,NA,NA,NA,NA,NA,NA,NA,NA,NA,NA,NA,NA,NA,NA,NA,NA,NA,NA,NA,NA,NA,NA
0270071075935,0,0,1,Multi Serve,NA,NA,NA,NA,NA,NA,NA,NA,NA,NA,NA,NA,NA,NA,NA,NA,NA,NA,NA,NA,NA,NA,NA,NA
0081267902018,0,0,0,Multi Serve,NA,NA,NA,NA,NA,NA,NA,NA,NA,NA,NA,NA,NA,NA,NA,NA,NA,NA,NA,NA,NA,NA,NA,NA
0000000603720,133.2861954,56.05195496,0,Multi Serve,NA,NA,NA,NA,NA,NA,NA,NA,NA,NA,NA,NA,NA,NA,NA,NA,NA,NA,NA,NA,NA,NA,NA,NA
0007465300003,75.50759061,18.04536733,1,Multi Serve,NA,NA,NA,NA,NA,NA,NA,NA,NA,NA,NA,NA,NA,NA,NA,NA,NA,NA,NA,NA,NA,NA,NA,NA
0001103760616,1434436.936,350956.2379,0,Multi Serve,Non- Indulgent,Ao Topping,Others,Others,Ao Topping,PL,PL,No Gluten Claim Present,Value,Regular Crust,24.06 Oz,Medium (20-30 Oz),Conv Oven,PL,PL,1 Ct,Box,No Vegan Claim Present,No Natural Claim Present,No Gmo Claim Present,No Organic Claim Present,No Plant based claim,No Preservative-Free Claim Present,Non BFY
0081160601349,0,0,0,Multi Serve,NA,NA,NA,NA,NA,NA,NA,NA,NA,NA,NA,NA,NA,NA,NA,NA,NA,NA,NA,NA,NA,NA,NA,NA
0000428637314,411827.8945,89513.3636,0,Multi Serve,NA,NA,NA,NA,NA,NA,NA,NA,NA,NA,NA,NA,NA,NA,NA,NA,NA,NA,NA,NA,NA,NA,NA,NA
0003007456700,0,0,0,Multi Serve,NA,NA,NA,NA,NA,NA,NA,NA,NA,NA,NA,NA,NA,NA,NA,NA,NA,NA,NA,NA,NA,NA,NA,NA
0085350700843,30670.78518,3451.379899,0,Multi Serve,NA,NA,NA,NA,NA,NA,NA,NA,NA,NA,NA,NA,NA,NA,NA,NA,NA,NA,NA,NA,NA,NA,NA,NA
0082623400006,0,0,0,Multi Serve,NA,NA,NA,NA,NA,NA,NA,NA,NA,NA,NA,NA,NA,NA,NA,NA,NA,NA,NA,NA,NA,NA,NA,NA
0007570630848,3259914.258,553101.6507,0,Multi Serve,Indulgent,Chicken,Others,Others,Chicken,Non-Veg,Red Sauce,No Gluten Claim Present,Mid Tier,Regular Crust,17.7 Oz,Small (<=20 Oz),Conv Oven,Thick/Original,Regular Crust,1 Ct,Box,No Vegan Claim Present,No Natural Claim Present,No Gmo Claim Present,No Organic Claim Present,No Plant based claim,No Preservative-Free Claim Present,Non BFY
0000008599552,682713.8301,101396.2067,0,Multi Serve,NA,NA,NA,NA,NA,NA,NA,NA,NA,NA,NA,NA,NA,NA,NA,NA,NA,NA,NA,NA,NA,NA,NA,NA
0003870895265,376754.569,57039.57178,0,Multi Serve,NA,NA,NA,NA,NA,NA,NA,NA,NA,NA,NA,NA,NA,NA,NA,NA,NA,NA,NA,NA,NA,NA,NA,NA
0000412375122,0,0,0,Multi Serve,NA,NA,NA,NA,NA,NA,NA,NA,NA,NA,NA,NA,NA,NA,NA,NA,NA,NA,NA,NA,NA,NA,NA,NA
0000266969790,0,0,0,Multi Serve,NA,NA,NA,NA,NA,NA,NA,NA,NA,NA,NA,NA,NA,NA,NA,NA,NA,NA,NA,NA,NA,NA,NA,NA
0000467440831,0,0,0,Multi Serve,NA,NA,NA,NA,NA,NA,NA,NA,NA,NA,NA,NA,NA,NA,NA,NA,NA,NA,NA,NA,NA,NA,NA,NA
0063830284504,45474.69071,8886.154294,0,Multi Serve,NA,NA,NA,NA,NA,NA,NA,NA,NA,NA,NA,NA,NA,NA,NA,NA,NA,NA,NA,NA,NA,NA,NA,NA
0001042225023,2828494.357,443113.7277,0,Multi Serve,Non- Indulgent,Ao Topping,Others,Others,Ao Topping,Non-Veg,PL,No Gluten Claim Present,Value,Wood Fired,10 Oz,Small (<=20 Oz),Conv Oven,Thin,PL,1 Ct,Box,No Vegan Claim Present,No Natural Claim Present,No Gmo Claim Present,No Organic Claim Present,PL,No Preservative-Free Claim Present,Non BFY
0004219700341,0,0,0,Multi Serve,NA,NA,NA,NA,NA,NA,NA,NA,NA,NA,NA,NA,NA,NA,NA,NA,NA,NA,NA,NA,NA,NA,NA,NA
0007218076291,784353.9611,83923.11377,0,Multi Serve,NA,NA,NA,NA,NA,NA,NA,NA,NA,NA,NA,NA,NA,NA,NA,NA,NA,NA,NA,NA,NA,NA,NA,NA
0068946613200,5767.723727,1043.009208,0,Multi Serve,NA,NA,NA,NA,NA,NA,NA,NA,NA,NA,NA,NA,NA,NA,NA,NA,NA,NA,NA,NA,NA,NA,NA,NA
0001131761629,123431.2097,32813.81566,0,Multi Serve,NA,NA,NA,NA,NA,NA,NA,NA,NA,NA,NA,NA,NA,NA,NA,NA,NA,NA,NA,NA,NA,NA,NA,NA
0073178943015,36744.1068,3282.774753,0,Multi Serve,NA,NA,NA,NA,NA,NA,NA,NA,NA,NA,NA,NA,NA,NA,NA,NA,NA,NA,NA,NA,NA,NA,NA,NA
0803346232003,69206.9777,9011.675131,0,Multi Serve,NA,NA,NA,NA,NA,NA,NA,NA,NA,NA,NA,NA,NA,NA,NA,NA,NA,NA,NA,NA,NA,NA,NA,NA
0000590068066,35281.99449,5684.490682,0,Multi Serve,NA,NA,NA,NA,NA,NA,NA,NA,NA,NA,NA,NA,NA,NA,NA,NA,NA,NA,NA,NA,NA,NA,NA,NA
0083688600021,79210.69819,6623.144799,0,Multi Serve,NA,NA,NA,NA,NA,NA,NA,NA,NA,NA,NA,NA,NA,NA,NA,NA,NA,NA,NA,NA,NA,NA,NA,NA
0062830829002,304611.7349,22807.3403,0,Multi Serve,NA,NA,NA,NA,NA,NA,NA,NA,NA,NA,NA,NA,NA,NA,NA,NA,NA,NA,NA,NA,NA,NA,NA,NA
0007192174374,82321162.53,13585776.89,1,Multi Serve,Non- Indulgent,Meat Combos,Others,Deluxe/Supreme/Meat Combo,Meat Combos,Non-Veg,Red Sauce,No Gluten Claim Present,Mid Tier,Stuffed Crust,24.5 Oz,Medium (20-30 Oz),Conv Oven,Thick/Original,Regular Crust,1 Ct,Box,No Vegan Claim Present,No Natural Claim Present,No Gmo Claim Present,No Organic Claim Present,No Plant based claim,No Preservative-Free Claim Present,Non BFY
0078358392083,925262.8342,94963.35725,0,Multi Serve,NA,NA,NA,NA,NA,NA,NA,NA,NA,NA,NA,NA,NA,NA,NA,NA,NA,NA,NA,NA,NA,NA,NA,NA
0000453048635,843280.4541,234019.6497,0,Multi Serve,Non- Indulgent,Cheese/Plain,Others,Others,Cheese/Plain,Vegetarian,PL,No Gluten Claim Present,Value,Ao Crust,17.3 Oz,Small (<=20 Oz),PL,Thick/Original,PL,1 Ct,Box,No Vegan Claim Present,No Natural Claim Present,No Gmo Claim Present,PL,No Plant based claim,No Preservative-Free Claim Present,Non BFY
0000480563406,5611879.103,1271775.175,0,Multi Serve,Non- Indulgent,Chicken,Others,Others,Chicken,Non-Veg,PL,No Gluten Claim Present,Value,Thin,17.1 Oz,Small (<=20 Oz),Conv Oven,Thin,PL,1 Ct,Box,No Vegan Claim Present,No Natural Claim Present,No Gmo Claim Present,No Organic Claim Present,No Plant based claim,No Preservative-Free Claim Present,Non BFY
0085452700426,351741.9146,75085.95116,0,Multi Serve,NA,NA,NA,NA,NA,NA,NA,NA,NA,NA,NA,NA,NA,NA,NA,NA,NA,NA,NA,NA,NA,NA,NA,NA
0088884900716,2087890.475,193730.1043,0,Multi Serve,Non- Indulgent,Cheese/Plain,Others,Others,Cheese/Plain,Vegetarian,NA,No Gluten Claim Present,Premium,Regular Crust,11 Oz,Small (<=20 Oz),Conv Oven,Thick/Original,NA,1 Ct,Box,No Vegan Claim Present,No Natural Claim Present,No Gmo Claim Present,No Organic Claim Present,No Plant based claim,No Preservative-Free Claim Present,BFY
0000039961617,0,0,0,Multi Serve,NA,NA,NA,NA,NA,NA,NA,NA,NA,NA,NA,NA,NA,NA,NA,NA,NA,NA,NA,NA,NA,NA,NA,NA
0000644883561,458693.4563,81191.48531,0,Multi Serve,NA,NA,NA,NA,NA,NA,NA,NA,NA,NA,NA,NA,NA,NA,NA,NA,NA,NA,NA,NA,NA,NA,NA,NA
0000330847211,380374.9296,38633.58026,0,Multi Serve,NA,NA,NA,NA,NA,NA,NA,NA,NA,NA,NA,NA,NA,NA,NA,NA,NA,NA,NA,NA,NA,NA,NA,NA
0085000446803,907.7849813,78.28881434,0,Multi Serve,NA,NA,NA,NA,NA,NA,NA,NA,NA,NA,NA,NA,NA,NA,NA,NA,NA,NA,NA,NA,NA,NA,NA,NA
0000062369539,16.98,6.675,0,Multi Serve,NA,NA,NA,NA,NA,NA,NA,NA,NA,NA,NA,NA,NA,NA,NA,NA,NA,NA,NA,NA,NA,NA,NA,NA
0000251467114,119180.1681,32201.67113,0,Multi Serve,NA,NA,NA,NA,NA,NA,NA,NA,NA,NA,NA,NA,NA,NA,NA,NA,NA,NA,NA,NA,NA,NA,NA,NA
0007192173190,17302626.28,4206614.478,1,Multi Serve,Non- Indulgent,Pepperoni,Others,Others,Pepperoni,Non-Veg,Red Sauce,No Gluten Claim Present,Mid Tier,Regular Crust,19.3 Oz,Small (<=20 Oz),Conv Oven,Thick/Original,Regular Crust,1 Ct,Box,No Vegan Claim Present,No Natural Claim Present,No Gmo Claim Present,No Organic Claim Present,No Plant based claim,No Preservative-Free Claim Present,Non BFY
0001110148082,11578323.4,4995802.538,0,Multi Serve,Non- Indulgent,Cheese/Plain,Others,Others,Cheese/Plain,Vegetarian,PL,No Gluten Claim Present,Value,Rising Crust,87.6 Oz,Large (>= 30 Oz),Conv Oven,Thick/Original,PL,3 Ct,Box,No Vegan Claim Present,No Natural Claim Present,No Gmo Claim Present,No Organic Claim Present,No Plant based claim,No Preservative-Free Claim Present,Non BFY
0001205746474,252984.9247,92533.03416,0,Multi Serve,NA,NA,NA,NA,NA,NA,NA,NA,NA,NA,NA,NA,NA,NA,NA,NA,NA,NA,NA,NA,NA,NA,NA,NA
0000157938743,0,0,0,Multi Serve,NA,NA,NA,NA,NA,NA,NA,NA,NA,NA,NA,NA,NA,NA,NA,NA,NA,NA,NA,NA,NA,NA,NA,NA
0007570618014,0,0,0,Multi Serve,NA,NA,NA,NA,NA,NA,NA,NA,NA,NA,NA,NA,NA,NA,NA,NA,NA,NA,NA,NA,NA,NA,NA,NA
0000893432017,0,0,0,Multi Serve,NA,NA,NA,NA,NA,NA,NA,NA,NA,NA,NA,NA,NA,NA,NA,NA,NA,NA,NA,NA,NA,NA,NA,NA
0000035735755,34386.91042,5053.649474,0,Multi Serve,NA,NA,NA,NA,NA,NA,NA,NA,NA,NA,NA,NA,NA,NA,NA,NA,NA,NA,NA,NA,NA,NA,NA,NA
0007218076343,0,0,0,Multi Serve,NA,NA,NA,NA,NA,NA,NA,NA,NA,NA,NA,NA,NA,NA,NA,NA,NA,NA,NA,NA,NA,NA,NA,NA
0075424900111,0,0,0,Multi Serve,NA,NA,NA,NA,NA,NA,NA,NA,NA,NA,NA,NA,NA,NA,NA,NA,NA,NA,NA,NA,NA,NA,NA,NA
0007192118937,0,0,1,Multi Serve,NA,NA,NA,NA,NA,NA,NA,NA,NA,NA,NA,NA,NA,NA,NA,NA,NA,NA,NA,NA,NA,NA,NA,NA
0061891510007,11880.57143,3604.15324,0,Multi Serve,NA,NA,NA,NA,NA,NA,NA,NA,NA,NA,NA,NA,NA,NA,NA,NA,NA,NA,NA,NA,NA,NA,NA,NA
0087145900192,0,0,0,Multi Serve,NA,NA,NA,NA,NA,NA,NA,NA,NA,NA,NA,NA,NA,NA,NA,NA,NA,NA,NA,NA,NA,NA,NA,NA
0069668520061,0,0,0,Multi Serve,NA,NA,NA,NA,NA,NA,NA,NA,NA,NA,NA,NA,NA,NA,NA,NA,NA,NA,NA,NA,NA,NA,NA,NA
0085001611414,0,0,0,Multi Serve,NA,NA,NA,NA,NA,NA,NA,NA,NA,NA,NA,NA,NA,NA,NA,NA,NA,NA,NA,NA,NA,NA,NA,NA
0083041500926,0,0,0,Multi Serve,NA,NA,NA,NA,NA,NA,NA,NA,NA,NA,NA,NA,NA,NA,NA,NA,NA,NA,NA,NA,NA,NA,NA,NA
0004219700343,3.75,1.49375,0,Multi Serve,NA,NA,NA,NA,NA,NA,NA,NA,NA,NA,NA,NA,NA,NA,NA,NA,NA,NA,NA,NA,NA,NA,NA,NA
0007570630436,10.11132262,1.251262115,0,Multi Serve,NA,NA,NA,NA,NA,NA,NA,NA,NA,NA,NA,NA,NA,NA,NA,NA,NA,NA,NA,NA,NA,NA,NA,NA
0000119269546,0,0,0,Multi Serve,NA,NA,NA,NA,NA,NA,NA,NA,NA,NA,NA,NA,NA,NA,NA,NA,NA,NA,NA,NA,NA,NA,NA,NA
0000024979397,136750.6065,20957.16027,0,Multi Serve,NA,NA,NA,NA,NA,NA,NA,NA,NA,NA,NA,NA,NA,NA,NA,NA,NA,NA,NA,NA,NA,NA,NA,NA
0081496700401,97.30800135,7.955898503,0,Multi Serve,NA,NA,NA,NA,NA,NA,NA,NA,NA,NA,NA,NA,NA,NA,NA,NA,NA,NA,NA,NA,NA,NA,NA,NA
0000957975541,142976.7023,47047.70127,0,Multi Serve,NA,NA,NA,NA,NA,NA,NA,NA,NA,NA,NA,NA,NA,NA,NA,NA,NA,NA,NA,NA,NA,NA,NA,NA
0007218074153,12172025.3,2828296.096,0,Multi Serve,Non- Indulgent,Pepperoni,Others,Others,Pepperoni,Non-Veg,Red Sauce,No Gluten Claim Present,Value,Hand Tossed/Pizzeria Style,28.75 Oz,Medium (20-30 Oz),Conv Oven,Thick/Original,Healthy,1 Ct,Box,No Vegan Claim Present,No Natural Claim Present,No Gmo Claim Present,No Organic Claim Present,No Plant based claim,No Preservative-Free Claim Present,Non BFY
0000081322037,889152.8773,186915.4145,0,Multi Serve,NA,NA,NA,NA,NA,NA,NA,NA,NA,NA,NA,NA,NA,NA,NA,NA,NA,NA,NA,NA,NA,NA,NA,NA
0085001925804,619867.7667,140178.9157,0,Multi Serve,Non- Indulgent,Sausage,Others,Others,Sausage,Non-Veg,NA,No Gluten Claim Present,Mid Tier,Thin,25.75 Oz,Medium (20-30 Oz),Conv Oven,Thin,NA,1 Ct,Box,No Vegan Claim Present,No Natural Claim Present,No Gmo Claim Present,No Organic Claim Present,No Plant based claim,No Preservative-Free Claim Present,Non BFY
0001058093365,1917.843026,503.8446576,0,Multi Serve,NA,NA,NA,NA,NA,NA,NA,NA,NA,NA,NA,NA,NA,NA,NA,NA,NA,NA,NA,NA,NA,NA,NA,NA
0007570615108,23300156.87,4969902.484,0,Multi Serve,Indulgent,Meat Combos,Others,Deluxe/Supreme/Meat Combo,Meat Combos,Non-Veg,Red Sauce,No Gluten Claim Present,Mid Tier,Regular Crust,23.4 Oz,Medium (20-30 Oz),Conv Oven,Thick/Original,Regular Crust,1 Ct,Box,No Vegan Claim Present,No Natural Claim Present,No Gmo Claim Present,No Organic Claim Present,No Plant based claim,No Preservative-Free Claim Present,Non BFY
0060257318907,140312.0295,17190.48093,0,Multi Serve,NA,NA,NA,NA,NA,NA,NA,NA,NA,NA,NA,NA,NA,NA,NA,NA,NA,NA,NA,NA,NA,NA,NA,NA
0007864230201,0,0,0,Multi Serve,NA,NA,NA,NA,NA,NA,NA,NA,NA,NA,NA,NA,NA,NA,NA,NA,NA,NA,NA,NA,NA,NA,NA,NA
0086001228252,100395.5391,15642.00299,0,Multi Serve,NA,NA,NA,NA,NA,NA,NA,NA,NA,NA,NA,NA,NA,NA,NA,NA,NA,NA,NA,NA,NA,NA,NA,NA
0089784600241,356671.5863,76990.52791,0,Multi Serve,NA,NA,NA,NA,NA,NA,NA,NA,NA,NA,NA,NA,NA,NA,NA,NA,NA,NA,NA,NA,NA,NA,NA,NA
0000936577101,6304804.899,2720008.228,0,Multi Serve,Non- Indulgent,Cheese/Plain,Others,Others,Cheese/Plain,Vegetarian,PL,No Gluten Claim Present,Value,Rising Crust,29.75 Oz,Medium (20-30 Oz),Conv Oven,Thick/Original,PL,1 Ct,Box,No Vegan Claim Present,No Natural Claim Present,No Gmo Claim Present,No Organic Claim Present,No Plant based claim,No Preservative-Free Claim Present,Non BFY
0085993500214,0,0,0,Multi Serve,NA,NA,NA,NA,NA,NA,NA,NA,NA,NA,NA,NA,NA,NA,NA,NA,NA,NA,NA,NA,NA,NA,NA,NA
0270070883023,0,0,0,Multi Serve,NA,NA,NA,NA,NA,NA,NA,NA,NA,NA,NA,NA,NA,NA,NA,NA,NA,NA,NA,NA,NA,NA,NA,NA
0000164107886,88.25802737,28.60684984,0,Multi Serve,NA,NA,NA,NA,NA,NA,NA,NA,NA,NA,NA,NA,NA,NA,NA,NA,NA,NA,NA,NA,NA,NA,NA,NA
0001076866197,473.240028,214.2000127,0,Multi Serve,NA,NA,NA,NA,NA,NA,NA,NA,NA,NA,NA,NA,NA,NA,NA,NA,NA,NA,NA,NA,NA,NA,NA,NA
0000029598094,0,0,0,Multi Serve,NA,NA,NA,NA,NA,NA,NA,NA,NA,NA,NA,NA,NA,NA,NA,NA,NA,NA,NA,NA,NA,NA,NA,NA
0089257600186,46.93930418,5.619903512,0,Multi Serve,NA,NA,NA,NA,NA,NA,NA,NA,NA,NA,NA,NA,NA,NA,NA,NA,NA,NA,NA,NA,NA,NA,NA,NA
0000082255543,838206.2896,209492.4476,0,Multi Serve,NA,NA,NA,NA,NA,NA,NA,NA,NA,NA,NA,NA,NA,NA,NA,NA,NA,NA,NA,NA,NA,NA,NA,NA
0082900600016,53735.13062,10454.17633,0,Multi Serve,NA,NA,NA,NA,NA,NA,NA,NA,NA,NA,NA,NA,NA,NA,NA,NA,NA,NA,NA,NA,NA,NA,NA,NA
0000900546877,402053.9,157148.5328,0,Multi Serve,NA,NA,NA,NA,NA,NA,NA,NA,NA,NA,NA,NA,NA,NA,NA,NA,NA,NA,NA,NA,NA,NA,NA,NA
0000855365436,76630.3,26783.8625,0,Multi Serve,NA,NA,NA,NA,NA,NA,NA,NA,NA,NA,NA,NA,NA,NA,NA,NA,NA,NA,NA,NA,NA,NA,NA,NA
0001132890351,578409.3,81561.61772,0,Multi Serve,NA,NA,NA,NA,NA,NA,NA,NA,NA,NA,NA,NA,NA,NA,NA,NA,NA,NA,NA,NA,NA,NA,NA,NA
0007218063735,19050739.44,6315348.418,0,Multi Serve,Non- Indulgent,Meat Combos,Others,Deluxe/Supreme/Meat Combo,Meat Combos,Non-Veg,Red Sauce,No Gluten Claim Present,Value,Hand Tossed/Pizzeria Style,20.13 Oz,Medium (20-30 Oz),Conv Oven,Thick/Original,NA,1 Ct,Box,No Vegan Claim Present,No Natural Claim Present,No Gmo Claim Present,No Organic Claim Present,No Plant based claim,No Preservative-Free Claim Present,Non BFY
0000006011263,0,0,0,Multi Serve,NA,NA,NA,NA,NA,NA,NA,NA,NA,NA,NA,NA,NA,NA,NA,NA,NA,NA,NA,NA,NA,NA,NA,NA
0000000603930,0,0,0,Multi Serve,NA,NA,NA,NA,NA,NA,NA,NA,NA,NA,NA,NA,NA,NA,NA,NA,NA,NA,NA,NA,NA,NA,NA,NA
0087145900205,242160.0252,22726.62302,0,Multi Serve,NA,NA,NA,NA,NA,NA,NA,NA,NA,NA,NA,NA,NA,NA,NA,NA,NA,NA,NA,NA,NA,NA,NA,NA
0439904074600,158.16,8.85625,0,Multi Serve,NA,NA,NA,NA,NA,NA,NA,NA,NA,NA,NA,NA,NA,NA,NA,NA,NA,NA,NA,NA,NA,NA,NA,NA
0086099700268,14.99,0.8375,0,Multi Serve,NA,NA,NA,NA,NA,NA,NA,NA,NA,NA,NA,NA,NA,NA,NA,NA,NA,NA,NA,NA,NA,NA,NA,NA
0019589317966,327669.7416,15531.54651,0,Multi Serve,NA,NA,NA,NA,NA,NA,NA,NA,NA,NA,NA,NA,NA,NA,NA,NA,NA,NA,NA,NA,NA,NA,NA,NA
0004219701207,1324548.798,253129.957,0,Multi Serve,Indulgent,Deluxe/Supreme,Deluxe/Supreme,Deluxe/Supreme/Meat Combo,Meat Combos,Non-Veg,NA,No Gluten Claim Present,Mid Tier,Regular Crust,17.3 Oz,Small (<=20 Oz),Conv Oven,Thick/Original,NA,1 Ct,Over Wrap,No Vegan Claim Present,No Natural Claim Present,No Gmo Claim Present,No Organic Claim Present,No Plant based claim,No Preservative-Free Claim Present,Non BFY
0086000931962,346.480579,112.3973317,0,Multi Serve,NA,NA,NA,NA,NA,NA,NA,NA,NA,NA,NA,NA,NA,NA,NA,NA,NA,NA,NA,NA,NA,NA,NA,NA
0000678298616,0,0,0,Multi Serve,NA,NA,NA,NA,NA,NA,NA,NA,NA,NA,NA,NA,NA,NA,NA,NA,NA,NA,NA,NA,NA,NA,NA,NA
0062845168487,6601.506958,628.492442,0,Multi Serve,NA,NA,NA,NA,NA,NA,NA,NA,NA,NA,NA,NA,NA,NA,NA,NA,NA,NA,NA,NA,NA,NA,NA,NA
0007192136152,1040188.085,194771.9439,1,Multi Serve,Non- Indulgent,Meat Combos,Others,Deluxe/Supreme/Meat Combo,Meat Combos,Non-Veg,Red Sauce,No Gluten Claim Present,Mid Tier,Wood Fired,16.9 Oz,Small (<=20 Oz),Conv Oven,Thick/Original,Regular Crust,1 Ct,Box,No Vegan Claim Present,No Natural Claim Present,No Gmo Claim Present,No Organic Claim Present,No Plant based claim,No Preservative-Free Claim Present,Non BFY
0000740984988,0,0,0,Multi Serve,NA,NA,NA,NA,NA,NA,NA,NA,NA,NA,NA,NA,NA,NA,NA,NA,NA,NA,NA,NA,NA,NA,NA,NA
0007570630809,183637.8017,29298.18659,0,Multi Serve,NA,NA,NA,NA,NA,NA,NA,NA,NA,NA,NA,NA,NA,NA,NA,NA,NA,NA,NA,NA,NA,NA,NA,NA
0086000380121,1445.259042,99.46102016,0,Multi Serve,NA,NA,NA,NA,NA,NA,NA,NA,NA,NA,NA,NA,NA,NA,NA,NA,NA,NA,NA,NA,NA,NA,NA,NA
0007218063304,0,0,0,Multi Serve,NA,NA,NA,NA,NA,NA,NA,NA,NA,NA,NA,NA,NA,NA,NA,NA,NA,NA,NA,NA,NA,NA,NA,NA
0007192124360,5511691.339,821493.3407,1,Multi Serve,Non- Indulgent,Cheese/Plain,Others,Others,Cheese/Plain,Vegetarian,Red Sauce,No Gluten Claim Present,Mid Tier,Pan/Deep Dish Crust,20.9 Oz,Medium (20-30 Oz),Conv Oven,Thick/Original,Regular Crust,1 Ct,Box,No Vegan Claim Present,No Natural Claim Present,No Gmo Claim Present,No Organic Claim Present,No Plant based claim,No Preservative-Free Claim Present,Non BFY
0000370982153,0,0,0,Multi Serve,NA,NA,NA,NA,NA,NA,NA,NA,NA,NA,NA,NA,NA,NA,NA,NA,NA,NA,NA,NA,NA,NA,NA,NA
0000403775111,0,0,0,Multi Serve,NA,NA,NA,NA,NA,NA,NA,NA,NA,NA,NA,NA,NA,NA,NA,NA,NA,NA,NA,NA,NA,NA,NA,NA
0001047203996,109.9861995,40.26590245,0,Multi Serve,NA,NA,NA,NA,NA,NA,NA,NA,NA,NA,NA,NA,NA,NA,NA,NA,NA,NA,NA,NA,NA,NA,NA,NA
0085448400803,13062.32044,997.1748219,0,Multi Serve,NA,NA,NA,NA,NA,NA,NA,NA,NA,NA,NA,NA,NA,NA,NA,NA,NA,NA,NA,NA,NA,NA,NA,NA
0000745758411,0,0,0,Multi Serve,NA,NA,NA,NA,NA,NA,NA,NA,NA,NA,NA,NA,NA,NA,NA,NA,NA,NA,NA,NA,NA,NA,NA,NA
0007192131522,364204.3509,30551.28549,1,Multi Serve,NA,NA,NA,NA,NA,NA,NA,NA,NA,NA,NA,NA,NA,NA,NA,NA,NA,NA,NA,NA,NA,NA,NA,NA
0000652739223,193455.828,28279.59201,0,Multi Serve,NA,NA,NA,NA,NA,NA,NA,NA,NA,NA,NA,NA,NA,NA,NA,NA,NA,NA,NA,NA,NA,NA,NA,NA
0007192100011,11.55,2.259375,1,Multi Serve,NA,NA,NA,NA,NA,NA,NA,NA,NA,NA,NA,NA,NA,NA,NA,NA,NA,NA,NA,NA,NA,NA,NA,NA
0000957975911,123341.7248,39647.62253,0,Multi Serve,NA,NA,NA,NA,NA,NA,NA,NA,NA,NA,NA,NA,NA,NA,NA,NA,NA,NA,NA,NA,NA,NA,NA,NA
0086586800030,160923.2669,15484.58383,0,Multi Serve,NA,NA,NA,NA,NA,NA,NA,NA,NA,NA,NA,NA,NA,NA,NA,NA,NA,NA,NA,NA,NA,NA,NA,NA
0019589360865,1958.802252,97.37667521,0,Multi Serve,NA,NA,NA,NA,NA,NA,NA,NA,NA,NA,NA,NA,NA,NA,NA,NA,NA,NA,NA,NA,NA,NA,NA,NA
0000054142945,0,0,0,Multi Serve,NA,NA,NA,NA,NA,NA,NA,NA,NA,NA,NA,NA,NA,NA,NA,NA,NA,NA,NA,NA,NA,NA,NA,NA
0085001837007,8.707773459,1.171571523,0,Multi Serve,NA,NA,NA,NA,NA,NA,NA,NA,NA,NA,NA,NA,NA,NA,NA,NA,NA,NA,NA,NA,NA,NA,NA,NA
0004219700369,23627.54811,5234.352686,0,Multi Serve,NA,NA,NA,NA,NA,NA,NA,NA,NA,NA,NA,NA,NA,NA,NA,NA,NA,NA,NA,NA,NA,NA,NA,NA
0061604367795,385577.3458,82330.90908,0,Multi Serve,NA,NA,NA,NA,NA,NA,NA,NA,NA,NA,NA,NA,NA,NA,NA,NA,NA,NA,NA,NA,NA,NA,NA,NA
0000303128214,1203.003728,367.7597748,0,Multi Serve,NA,NA,NA,NA,NA,NA,NA,NA,NA,NA,NA,NA,NA,NA,NA,NA,NA,NA,NA,NA,NA,NA,NA,NA
0088570981221,0,0,0,Multi Serve,NA,NA,NA,NA,NA,NA,NA,NA,NA,NA,NA,NA,NA,NA,NA,NA,NA,NA,NA,NA,NA,NA,NA,NA
0089784600206,195308.8122,36457.49954,0,Multi Serve,NA,NA,NA,NA,NA,NA,NA,NA,NA,NA,NA,NA,NA,NA,NA,NA,NA,NA,NA,NA,NA,NA,NA,NA
0083041500907,0,0,0,Multi Serve,NA,NA,NA,NA,NA,NA,NA,NA,NA,NA,NA,NA,NA,NA,NA,NA,NA,NA,NA,NA,NA,NA,NA,NA
0000031273704,0,0,0,Multi Serve,NA,NA,NA,NA,NA,NA,NA,NA,NA,NA,NA,NA,NA,NA,NA,NA,NA,NA,NA,NA,NA,NA,NA,NA
0000653413567,65378.89369,10586.73986,0,Multi Serve,NA,NA,NA,NA,NA,NA,NA,NA,NA,NA,NA,NA,NA,NA,NA,NA,NA,NA,NA,NA,NA,NA,NA,NA
0001477700486,8291.887263,1398.52948,0,Multi Serve,NA,NA,NA,NA,NA,NA,NA,NA,NA,NA,NA,NA,NA,NA,NA,NA,NA,NA,NA,NA,NA,NA,NA,NA
0000668697672,0,0,0,Multi Serve,NA,NA,NA,NA,NA,NA,NA,NA,NA,NA,NA,NA,NA,NA,NA,NA,NA,NA,NA,NA,NA,NA,NA,NA
0001065395369,5040334.999,668018.8903,0,Multi Serve,Non- Indulgent,Ao Topping,Others,Others,Ao Topping,Non-Veg,PL,No Gluten Claim Present,Premium,Wood Fired,14.6 Oz,Small (<=20 Oz),Conv Oven,Thick/Original,PL,1 Ct,Box,No Vegan Claim Present,No Natural Claim Present,No Gmo Claim Present,No Organic Claim Present,No Plant based claim,No Preservative-Free Claim Present,Non BFY
0002069120021,13802.13304,2883.470643,0,Multi Serve,NA,NA,NA,NA,NA,NA,NA,NA,NA,NA,NA,NA,NA,NA,NA,NA,NA,NA,NA,NA,NA,NA,NA,NA
0007192134598,0,0,1,Multi Serve,NA,NA,NA,NA,NA,NA,NA,NA,NA,NA,NA,NA,NA,NA,NA,NA,NA,NA,NA,NA,NA,NA,NA,NA
0000497514351,28.6910126,8.089571223,0,Multi Serve,NA,NA,NA,NA,NA,NA,NA,NA,NA,NA,NA,NA,NA,NA,NA,NA,NA,NA,NA,NA,NA,NA,NA,NA
0071375771670,0,0,0,Multi Serve,NA,NA,NA,NA,NA,NA,NA,NA,NA,NA,NA,NA,NA,NA,NA,NA,NA,NA,NA,NA,NA,NA,NA,NA
0000669600741,0,0,0,Multi Serve,NA,NA,NA,NA,NA,NA,NA,NA,NA,NA,NA,NA,NA,NA,NA,NA,NA,NA,NA,NA,NA,NA,NA,NA
0000625243116,9078262.724,2506452.1,0,Multi Serve,Non- Indulgent,Cheese/Plain,Others,Others,Cheese/Plain,Vegetarian,PL,No Gluten Claim Present,Value,Regular Crust,13.8 Oz,Small (<=20 Oz),Conv Oven,Thick/Original,Regular Crust,1 Ct,Over Wrap,No Vegan Claim Present,No Natural Claim Present,No Gmo Claim Present,No Organic Claim Present,No Plant based claim,No Preservative-Free Claim Present,Non BFY
0009103720102,27006.6299,5416.305336,0,Multi Serve,NA,NA,NA,NA,NA,NA,NA,NA,NA,NA,NA,NA,NA,NA,NA,NA,NA,NA,NA,NA,NA,NA,NA,NA
0000335145131,0,0,0,Multi Serve,NA,NA,NA,NA,NA,NA,NA,NA,NA,NA,NA,NA,NA,NA,NA,NA,NA,NA,NA,NA,NA,NA,NA,NA
0007465376691,6518340.177,1434238.685,1,Multi Serve,Non- Indulgent,Cheese/Plain,Others,Others,Cheese/Plain,Vegetarian,Red Sauce,No Gluten Claim Present,Mid Tier,Regular Crust,17.9 Oz,Small (<=20 Oz),Conv Oven,Thick/Original,Regular Crust,1 Ct,Over Wrap,No Vegan Claim Present,No Natural Claim Present,No Gmo Claim Present,No Organic Claim Present,No Plant based claim,No Preservative-Free Claim Present,Non BFY
0019589316371,337945.5991,16856.3554,0,Multi Serve,NA,NA,NA,NA,NA,NA,NA,NA,NA,NA,NA,NA,NA,NA,NA,NA,NA,NA,NA,NA,NA,NA,NA,NA
0007192177972,60782.08808,10267.3791,1,Multi Serve,NA,NA,NA,NA,NA,NA,NA,NA,NA,NA,NA,NA,NA,NA,NA,NA,NA,NA,NA,NA,NA,NA,NA,NA
0001128120350,1694024.034,674311.0513,0,Multi Serve,Non- Indulgent,Ao Topping,Others,Others,Ao Topping,PL,PL,No Gluten Claim Present,Value,Rising Crust,30.05 Oz,Large (>= 30 Oz),Conv Oven,Thick/Original,PL,1 Ct,Box,No Vegan Claim Present,No Natural Claim Present,No Gmo Claim Present,No Organic Claim Present,PL,No Preservative-Free Claim Present,Non BFY
0000217080497,102694.9466,14057.70503,0,Multi Serve,NA,NA,NA,NA,NA,NA,NA,NA,NA,NA,NA,NA,NA,NA,NA,NA,NA,NA,NA,NA,NA,NA,NA,NA
0007192122812,0,0,1,Multi Serve,NA,NA,NA,NA,NA,NA,NA,NA,NA,NA,NA,NA,NA,NA,NA,NA,NA,NA,NA,NA,NA,NA,NA,NA
0070882067712,515535.7766,65905.09138,0,Multi Serve,NA,NA,NA,NA,NA,NA,NA,NA,NA,NA,NA,NA,NA,NA,NA,NA,NA,NA,NA,NA,NA,NA,NA,NA
0270070883106,0,0,1,Multi Serve,NA,NA,NA,NA,NA,NA,NA,NA,NA,NA,NA,NA,NA,NA,NA,NA,NA,NA,NA,NA,NA,NA,NA,NA
0007570630233,0,0,0,Multi Serve,NA,NA,NA,NA,NA,NA,NA,NA,NA,NA,NA,NA,NA,NA,NA,NA,NA,NA,NA,NA,NA,NA,NA,NA
0007218056626,0,0,0,Multi Serve,NA,NA,NA,NA,NA,NA,NA,NA,NA,NA,NA,NA,NA,NA,NA,NA,NA,NA,NA,NA,NA,NA,NA,NA
0001477700588,1097.236672,187.074994,0,Multi Serve,NA,NA,NA,NA,NA,NA,NA,NA,NA,NA,NA,NA,NA,NA,NA,NA,NA,NA,NA,NA,NA,NA,NA,NA
0081469501231,0,0,0,Multi Serve,NA,NA,NA,NA,NA,NA,NA,NA,NA,NA,NA,NA,NA,NA,NA,NA,NA,NA,NA,NA,NA,NA,NA,NA
0000910056946,1307474.262,187099.7619,0,Multi Serve,NA,NA,NA,NA,NA,NA,NA,NA,NA,NA,NA,NA,NA,NA,NA,NA,NA,NA,NA,NA,NA,NA,NA,NA
0007192144207,8116778.913,1304724.839,1,Multi Serve,Non- Indulgent,Meat Combos,Others,Deluxe/Supreme/Meat Combo,Meat Combos,Non-Veg,Red Sauce,No Gluten Claim Present,Mid Tier,Pan/Deep Dish Crust,22.3 Oz,Medium (20-30 Oz),Conv Oven,Thick/Original,Regular Crust,1 Ct,Box,No Vegan Claim Present,No Natural Claim Present,No Gmo Claim Present,No Organic Claim Present,No Plant based claim,No Preservative-Free Claim Present,Non BFY
0007218063470,23501.12182,7929.160193,0,Multi Serve,NA,NA,NA,NA,NA,NA,NA,NA,NA,NA,NA,NA,NA,NA,NA,NA,NA,NA,NA,NA,NA,NA,NA,NA
0007192174019,465.5502217,57.65727755,1,Multi Serve,NA,NA,NA,NA,NA,NA,NA,NA,NA,NA,NA,NA,NA,NA,NA,NA,NA,NA,NA,NA,NA,NA,NA,NA
0000661185852,0,0,0,Multi Serve,NA,NA,NA,NA,NA,NA,NA,NA,NA,NA,NA,NA,NA,NA,NA,NA,NA,NA,NA,NA,NA,NA,NA,NA
0085763000332,196467.6343,36764.19855,0,Multi Serve,NA,NA,NA,NA,NA,NA,NA,NA,NA,NA,NA,NA,NA,NA,NA,NA,NA,NA,NA,NA,NA,NA,NA,NA
0081475700003,0,0,0,Multi Serve,NA,NA,NA,NA,NA,NA,NA,NA,NA,NA,NA,NA,NA,NA,NA,NA,NA,NA,NA,NA,NA,NA,NA,NA
0007660190005,67643.87921,11578.04039,0,Multi Serve,NA,NA,NA,NA,NA,NA,NA,NA,NA,NA,NA,NA,NA,NA,NA,NA,NA,NA,NA,NA,NA,NA,NA,NA
0000723418002,0,0,0,Multi Serve,NA,NA,NA,NA,NA,NA,NA,NA,NA,NA,NA,NA,NA,NA,NA,NA,NA,NA,NA,NA,NA,NA,NA,NA
0089257600172,0,0,0,Multi Serve,NA,NA,NA,NA,NA,NA,NA,NA,NA,NA,NA,NA,NA,NA,NA,NA,NA,NA,NA,NA,NA,NA,NA,NA
0061604367789,0,0,0,Multi Serve,NA,NA,NA,NA,NA,NA,NA,NA,NA,NA,NA,NA,NA,NA,NA,NA,NA,NA,NA,NA,NA,NA,NA,NA
0007570630714,1398.866406,333.0351907,0,Multi Serve,NA,NA,NA,NA,NA,NA,NA,NA,NA,NA,NA,NA,NA,NA,NA,NA,NA,NA,NA,NA,NA,NA,NA,NA
0069781201261,0,0,0,Multi Serve,NA,NA,NA,NA,NA,NA,NA,NA,NA,NA,NA,NA,NA,NA,NA,NA,NA,NA,NA,NA,NA,NA,NA,NA
0000351382266,0,0,0,Multi Serve,NA,NA,NA,NA,NA,NA,NA,NA,NA,NA,NA,NA,NA,NA,NA,NA,NA,NA,NA,NA,NA,NA,NA,NA
0005070612007,0,0,0,Multi Serve,NA,NA,NA,NA,NA,NA,NA,NA,NA,NA,NA,NA,NA,NA,NA,NA,NA,NA,NA,NA,NA,NA,NA,NA
0002066200534,0,0,0,Multi Serve,NA,NA,NA,NA,NA,NA,NA,NA,NA,NA,NA,NA,NA,NA,NA,NA,NA,NA,NA,NA,NA,NA,NA,NA
0002066200597,176468.1483,26599.18088,0,Multi Serve,NA,NA,NA,NA,NA,NA,NA,NA,NA,NA,NA,NA,NA,NA,NA,NA,NA,NA,NA,NA,NA,NA,NA,NA
0081007747003,419.854965,84.44433814,0,Multi Serve,NA,NA,NA,NA,NA,NA,NA,NA,NA,NA,NA,NA,NA,NA,NA,NA,NA,NA,NA,NA,NA,NA,NA,NA
0087145900265,0,0,0,Multi Serve,NA,NA,NA,NA,NA,NA,NA,NA,NA,NA,NA,NA,NA,NA,NA,NA,NA,NA,NA,NA,NA,NA,NA,NA
0003913116881,1152865.019,177487.6734,0,Multi Serve,Non- Indulgent,Cheese/Plain,Others,Others,Cheese/Plain,Vegetarian,NA,No Gluten Claim Present,Premium,Thin,9.02 Oz,Small (<=20 Oz),Mw Or Conv Oven,Thin,NA,1 Ct,Box,No Vegan Claim Present,No Natural Claim Present,No Gmo Claim Present,No Organic Claim Present,No Plant based claim,No Preservative-Free Claim Present,Non BFY
0003913116970,0,0,0,Multi Serve,NA,NA,NA,NA,NA,NA,NA,NA,NA,NA,NA,NA,NA,NA,NA,NA,NA,NA,NA,NA,NA,NA,NA,NA
0007192146607,0,0,1,Multi Serve,NA,NA,NA,NA,NA,NA,NA,NA,NA,NA,NA,NA,NA,NA,NA,NA,NA,NA,NA,NA,NA,NA,NA,NA
0000428636416,333192.9384,71564.27452,0,Multi Serve,NA,NA,NA,NA,NA,NA,NA,NA,NA,NA,NA,NA,NA,NA,NA,NA,NA,NA,NA,NA,NA,NA,NA,NA
0001990402029,0,0,0,Multi Serve,NA,NA,NA,NA,NA,NA,NA,NA,NA,NA,NA,NA,NA,NA,NA,NA,NA,NA,NA,NA,NA,NA,NA,NA
0001813508001,118246.3588,13629.60252,0,Multi Serve,NA,NA,NA,NA,NA,NA,NA,NA,NA,NA,NA,NA,NA,NA,NA,NA,NA,NA,NA,NA,NA,NA,NA,NA
0064313030801,318007.4114,73718.75199,0,Multi Serve,NA,NA,NA,NA,NA,NA,NA,NA,NA,NA,NA,NA,NA,NA,NA,NA,NA,NA,NA,NA,NA,NA,NA,NA
0060654160147,849631.4293,62898.25626,0,Multi Serve,Non- Indulgent,Meat Combos,Others,Deluxe/Supreme/Meat Combo,Meat Combos,Non-Veg,NA,Gluten Free Claim,Premium,Veggie Crust,10.8 Oz,Small (<=20 Oz),Conv Oven,Thick/Original,Healthy,1 Ct,Box,No Vegan Claim Present,No Natural Claim Present,No Gmo Claim Present,No Organic Claim Present,No Plant based claim,No Preservative-Free Claim Present,BFY
0001996224681,0,0,0,Multi Serve,NA,NA,NA,NA,NA,NA,NA,NA,NA,NA,NA,NA,NA,NA,NA,NA,NA,NA,NA,NA,NA,NA,NA,NA
0007660110003,53148.74332,10907.19749,0,Multi Serve,NA,NA,NA,NA,NA,NA,NA,NA,NA,NA,NA,NA,NA,NA,NA,NA,NA,NA,NA,NA,NA,NA,NA,NA
0001205746448,146187.1251,24487.64414,0,Multi Serve,NA,NA,NA,NA,NA,NA,NA,NA,NA,NA,NA,NA,NA,NA,NA,NA,NA,NA,NA,NA,NA,NA,NA,NA
0000256280819,0,0,0,Multi Serve,NA,NA,NA,NA,NA,NA,NA,NA,NA,NA,NA,NA,NA,NA,NA,NA,NA,NA,NA,NA,NA,NA,NA,NA
0089784600223,15205.46144,2323.475702,0,Multi Serve,NA,NA,NA,NA,NA,NA,NA,NA,NA,NA,NA,NA,NA,NA,NA,NA,NA,NA,NA,NA,NA,NA,NA,NA
0000349753056,533523.0145,161282.7729,0,Multi Serve,NA,NA,NA,NA,NA,NA,NA,NA,NA,NA,NA,NA,NA,NA,NA,NA,NA,NA,NA,NA,NA,NA,NA,NA
0072180634290,0,0,0,Multi Serve,NA,NA,NA,NA,NA,NA,NA,NA,NA,NA,NA,NA,NA,NA,NA,NA,NA,NA,NA,NA,NA,NA,NA,NA
0000000128621,0,0,1,Multi Serve,NA,NA,NA,NA,NA,NA,NA,NA,NA,NA,NA,NA,NA,NA,NA,NA,NA,NA,NA,NA,NA,NA,NA,NA
0086000558700,0,0,0,Multi Serve,NA,NA,NA,NA,NA,NA,NA,NA,NA,NA,NA,NA,NA,NA,NA,NA,NA,NA,NA,NA,NA,NA,NA,NA
0004023249452,50515.2079,4058.032454,0,Multi Serve,NA,NA,NA,NA,NA,NA,NA,NA,NA,NA,NA,NA,NA,NA,NA,NA,NA,NA,NA,NA,NA,NA,NA,NA
0001202254770,26050.86472,4216.517616,0,Multi Serve,NA,NA,NA,NA,NA,NA,NA,NA,NA,NA,NA,NA,NA,NA,NA,NA,NA,NA,NA,NA,NA,NA,NA,NA
0001731332710,0,0,0,Multi Serve,NA,NA,NA,NA,NA,NA,NA,NA,NA,NA,NA,NA,NA,NA,NA,NA,NA,NA,NA,NA,NA,NA,NA,NA
0000722635689,0,0,0,Multi Serve,NA,NA,NA,NA,NA,NA,NA,NA,NA,NA,NA,NA,NA,NA,NA,NA,NA,NA,NA,NA,NA,NA,NA,NA
0000701517137,0,0,0,Multi Serve,NA,NA,NA,NA,NA,NA,NA,NA,NA,NA,NA,NA,NA,NA,NA,NA,NA,NA,NA,NA,NA,NA,NA,NA
0000913640861,415760.2598,101164.4896,0,Multi Serve,NA,NA,NA,NA,NA,NA,NA,NA,NA,NA,NA,NA,NA,NA,NA,NA,NA,NA,NA,NA,NA,NA,NA,NA
0004786100003,1029079.946,127864.6434,0,Multi Serve,NA,NA,NA,NA,NA,NA,NA,NA,NA,NA,NA,NA,NA,NA,NA,NA,NA,NA,NA,NA,NA,NA,NA,NA
0007218063976,0,0,0,Multi Serve,NA,NA,NA,NA,NA,NA,NA,NA,NA,NA,NA,NA,NA,NA,NA,NA,NA,NA,NA,NA,NA,NA,NA,NA
0000006644899,0,0,0,Multi Serve,NA,NA,NA,NA,NA,NA,NA,NA,NA,NA,NA,NA,NA,NA,NA,NA,NA,NA,NA,NA,NA,NA,NA,NA
0085993500207,0,0,0,Multi Serve,NA,NA,NA,NA,NA,NA,NA,NA,NA,NA,NA,NA,NA,NA,NA,NA,NA,NA,NA,NA,NA,NA,NA,NA
0007192196236,0,0,1,Multi Serve,NA,NA,NA,NA,NA,NA,NA,NA,NA,NA,NA,NA,NA,NA,NA,NA,NA,NA,NA,NA,NA,NA,NA,NA
0085001144327,0,0,0,Multi Serve,NA,NA,NA,NA,NA,NA,NA,NA,NA,NA,NA,NA,NA,NA,NA,NA,NA,NA,NA,NA,NA,NA,NA,NA
0000000602771,0,0,0,Multi Serve,NA,NA,NA,NA,NA,NA,NA,NA,NA,NA,NA,NA,NA,NA,NA,NA,NA,NA,NA,NA,NA,NA,NA,NA
0085084100207,0,0,0,Multi Serve,NA,NA,NA,NA,NA,NA,NA,NA,NA,NA,NA,NA,NA,NA,NA,NA,NA,NA,NA,NA,NA,NA,NA,NA
0081496700203,0,0,0,Multi Serve,NA,NA,NA,NA,NA,NA,NA,NA,NA,NA,NA,NA,NA,NA,NA,NA,NA,NA,NA,NA,NA,NA,NA,NA
0003913116988,51914.69242,11338.40341,0,Multi Serve,NA,NA,NA,NA,NA,NA,NA,NA,NA,NA,NA,NA,NA,NA,NA,NA,NA,NA,NA,NA,NA,NA,NA,NA
0003913116987,41525.81947,6742.905615,0,Multi Serve,NA,NA,NA,NA,NA,NA,NA,NA,NA,NA,NA,NA,NA,NA,NA,NA,NA,NA,NA,NA,NA,NA,NA,NA
0000197308216,15.93503313,5.079513622,0,Multi Serve,NA,NA,NA,NA,NA,NA,NA,NA,NA,NA,NA,NA,NA,NA,NA,NA,NA,NA,NA,NA,NA,NA,NA,NA
0000393102897,5510.486887,2099.743194,0,Multi Serve,NA,NA,NA,NA,NA,NA,NA,NA,NA,NA,NA,NA,NA,NA,NA,NA,NA,NA,NA,NA,NA,NA,NA,NA
0000388806947,386846.1155,61058.23309,0,Multi Serve,NA,NA,NA,NA,NA,NA,NA,NA,NA,NA,NA,NA,NA,NA,NA,NA,NA,NA,NA,NA,NA,NA,NA,NA
0000037373020,924254.4834,111078.1479,0,Multi Serve,NA,NA,NA,NA,NA,NA,NA,NA,NA,NA,NA,NA,NA,NA,NA,NA,NA,NA,NA,NA,NA,NA,NA,NA
0001205746460,15196.20919,4510.411544,0,Multi Serve,NA,NA,NA,NA,NA,NA,NA,NA,NA,NA,NA,NA,NA,NA,NA,NA,NA,NA,NA,NA,NA,NA,NA,NA
0088884900717,6851340.484,635910.8288,0,Multi Serve,Non- Indulgent,Uncured Pepperoni,Others,Others,Pepperoni,Non-Veg,Red Sauce,Gluten Free Claim,Premium,Regular Crust,11.4 Oz,Small (<=20 Oz),Conv Oven,Thick/Original,Healthy,1 Ct,Box,No Vegan Claim Present,No Natural Claim Present,No Gmo Claim Present,No Organic Claim Present,No Plant based claim,No Preservative-Free Claim Present,BFY
0085831600316,4478.035256,887.4249986,0,Multi Serve,NA,NA,NA,NA,NA,NA,NA,NA,NA,NA,NA,NA,NA,NA,NA,NA,NA,NA,NA,NA,NA,NA,NA,NA
0000054076672,0,0,0,Multi Serve,Non- Indulgent,Cheese/Plain,Others,Others,Cheese/Plain,Vegetarian,PL,No Gluten Claim Present,Value,Hand Tossed/Pizzeria Style,13.4 Oz,Small (<=20 Oz),Conv Oven,Thick/Original,PL,1 Ct,Box,No Vegan Claim Present,No Natural Claim Present,No Gmo Claim Present,Certified Organic Claim,No Plant based claim,No Preservative-Free Claim Present,BFY
0002069112029,0,0,0,Multi Serve,NA,NA,NA,NA,NA,NA,NA,NA,NA,NA,NA,NA,NA,NA,NA,NA,NA,NA,NA,NA,NA,NA,NA,NA
0000026482658,255862.7209,27755.89154,0,Multi Serve,NA,NA,NA,NA,NA,NA,NA,NA,NA,NA,NA,NA,NA,NA,NA,NA,NA,NA,NA,NA,NA,NA,NA,NA
0000879342798,3.99131278,0.694603462,0,Multi Serve,NA,NA,NA,NA,NA,NA,NA,NA,NA,NA,NA,NA,NA,NA,NA,NA,NA,NA,NA,NA,NA,NA,NA,NA
0000612196254,0,0,0,Multi Serve,NA,NA,NA,NA,NA,NA,NA,NA,NA,NA,NA,NA,NA,NA,NA,NA,NA,NA,NA,NA,NA,NA,NA,NA
0000880229048,818286.5877,156098.1915,0,Multi Serve,NA,NA,NA,NA,NA,NA,NA,NA,NA,NA,NA,NA,NA,NA,NA,NA,NA,NA,NA,NA,NA,NA,NA,NA
0085993500215,0,0,0,Multi Serve,NA,NA,NA,NA,NA,NA,NA,NA,NA,NA,NA,NA,NA,NA,NA,NA,NA,NA,NA,NA,NA,NA,NA,NA
FRZ MULTI SERVE PIZZA - FROZEN PIZZA - PIZZA - 20.1 OZ - 24 OZ,0,0,0,Multi Serve,NA,NA,NA,NA,NA,NA,NA,NA,NA,NA,NA,NA,NA,NA,NA,NA,NA,NA,NA,NA,NA,NA,NA,NA
0000495686998,9.928299344,1.88662759,0,Multi Serve,NA,NA,NA,NA,NA,NA,NA,NA,NA,NA,NA,NA,NA,NA,NA,NA,NA,NA,NA,NA,NA,NA,NA,NA
0000432604832,0,0,0,Multi Serve,NA,NA,NA,NA,NA,NA,NA,NA,NA,NA,NA,NA,NA,NA,NA,NA,NA,NA,NA,NA,NA,NA,NA,NA
0000361738630,0,0,0,Multi Serve,NA,NA,NA,NA,NA,NA,NA,NA,NA,NA,NA,NA,NA,NA,NA,NA,NA,NA,NA,NA,NA,NA,NA,NA
0086844300020,0,0,0,Multi Serve,NA,NA,NA,NA,NA,NA,NA,NA,NA,NA,NA,NA,NA,NA,NA,NA,NA,NA,NA,NA,NA,NA,NA,NA
0007218074154,15624952.1,3569130.082,0,Multi Serve,Non- Indulgent,Meat Combos,Others,Deluxe/Supreme/Meat Combo,Meat Combos,Non-Veg,Red Sauce,No Gluten Claim Present,Value,Hand Tossed/Pizzeria Style,28.4 Oz,Medium (20-30 Oz),Conv Oven,Thick/Original,Regular Crust,1 Ct,Box,No Vegan Claim Present,No Natural Claim Present,No Gmo Claim Present,No Organic Claim Present,No Plant based claim,No Preservative-Free Claim Present,Non BFY
0000393103079,9997.761574,1081.021614,0,Multi Serve,NA,NA,NA,NA,NA,NA,NA,NA,NA,NA,NA,NA,NA,NA,NA,NA,NA,NA,NA,NA,NA,NA,NA,NA
0067763600000,6514232.438,901913.1628,0,Multi Serve,Non- Indulgent,Cheese/Plain,Others,Others,Cheese/Plain,Vegetarian,NA,No Gluten Claim Present,Premium,Regular Crust,17.5 Oz,Small (<=20 Oz),Conv Oven,Thick/Original,NA,1 Ct,Box,No Vegan Claim Present,No Natural Claim Present,No Gmo Claim Present,No Organic Claim Present,No Plant based claim,No Preservative-Free Claim Present,Non BFY
0083041500996,3136.584487,248.3710881,0,Multi Serve,NA,NA,NA,NA,NA,NA,NA,NA,NA,NA,NA,NA,NA,NA,NA,NA,NA,NA,NA,NA,NA,NA,NA,NA
0001130767471,551324.0504,76350.96964,0,Multi Serve,NA,NA,NA,NA,NA,NA,NA,NA,NA,NA,NA,NA,NA,NA,NA,NA,NA,NA,NA,NA,NA,NA,NA,NA
0000419291383,0,0,0,Multi Serve,NA,NA,NA,NA,NA,NA,NA,NA,NA,NA,NA,NA,NA,NA,NA,NA,NA,NA,NA,NA,NA,NA,NA,NA
0085482600366,72323.76566,12418.68993,0,Multi Serve,NA,NA,NA,NA,NA,NA,NA,NA,NA,NA,NA,NA,NA,NA,NA,NA,NA,NA,NA,NA,NA,NA,NA,NA
0000019561486,375368.2036,144724.055,0,Multi Serve,NA,NA,NA,NA,NA,NA,NA,NA,NA,NA,NA,NA,NA,NA,NA,NA,NA,NA,NA,NA,NA,NA,NA,NA
0089784600211,6576.117779,1021.5314,0,Multi Serve,NA,NA,NA,NA,NA,NA,NA,NA,NA,NA,NA,NA,NA,NA,NA,NA,NA,NA,NA,NA,NA,NA,NA,NA
0008355408814,41211.94214,6403.245688,0,Multi Serve,NA,NA,NA,NA,NA,NA,NA,NA,NA,NA,NA,NA,NA,NA,NA,NA,NA,NA,NA,NA,NA,NA,NA,NA
0079540413606,2329.288139,452.9632675,0,Multi Serve,NA,NA,NA,NA,NA,NA,NA,NA,NA,NA,NA,NA,NA,NA,NA,NA,NA,NA,NA,NA,NA,NA,NA,NA
0001202973197,80484.89419,26578.64174,0,Multi Serve,NA,NA,NA,NA,NA,NA,NA,NA,NA,NA,NA,NA,NA,NA,NA,NA,NA,NA,NA,NA,NA,NA,NA,NA
0000000603733,0,0,0,Multi Serve,NA,NA,NA,NA,NA,NA,NA,NA,NA,NA,NA,NA,NA,NA,NA,NA,NA,NA,NA,NA,NA,NA,NA,NA
0004786100007,460485.4098,64774.96585,0,Multi Serve,NA,NA,NA,NA,NA,NA,NA,NA,NA,NA,NA,NA,NA,NA,NA,NA,NA,NA,NA,NA,NA,NA,NA,NA
0082578301100,57284.81342,9511.442775,0,Multi Serve,NA,NA,NA,NA,NA,NA,NA,NA,NA,NA,NA,NA,NA,NA,NA,NA,NA,NA,NA,NA,NA,NA,NA,NA
0063759910001,55670.69604,7186.76386,0,Multi Serve,NA,NA,NA,NA,NA,NA,NA,NA,NA,NA,NA,NA,NA,NA,NA,NA,NA,NA,NA,NA,NA,NA,NA,NA
0000042456532,1555940.682,260991.0916,0,Multi Serve,NA,NA,NA,NA,NA,NA,NA,NA,NA,NA,NA,NA,NA,NA,NA,NA,NA,NA,NA,NA,NA,NA,NA,NA
0007570630936,998649.5994,278779.0104,0,Multi Serve,Indulgent,Pepperoni,Others,Others,Pepperoni,Non-Veg,NA,No Gluten Claim Present,Value,Regular Crust,39.9 Oz,Large (>= 30 Oz),Conv Oven,Thick/Original,NA,1 Ct,Box,No Vegan Claim Present,No Natural Claim Present,No Gmo Claim Present,No Organic Claim Present,No Plant based claim,No Preservative-Free Claim Present,Non BFY
0000143156689,773303.6525,196231.6542,0,Multi Serve,Non- Indulgent,Cheese/Plain,Others,Others,Cheese/Plain,Vegetarian,PL,No Gluten Claim Present,Value,Regular Crust,16.58 Oz,Small (<=20 Oz),Conv Oven,Thick/Original,Regular Crust,1 Ct,Box,No Vegan Claim Present,No Natural Claim Present,No Gmo Claim Present,No Organic Claim Present,No Plant based claim,No Preservative-Free Claim Present,Non BFY
0000299011891,200322.5758,37755.0841,0,Multi Serve,NA,NA,NA,NA,NA,NA,NA,NA,NA,NA,NA,NA,NA,NA,NA,NA,NA,NA,NA,NA,NA,NA,NA,NA
0086767700000,56116.36509,15580.68028,0,Multi Serve,NA,NA,NA,NA,NA,NA,NA,NA,NA,NA,NA,NA,NA,NA,NA,NA,NA,NA,NA,NA,NA,NA,NA,NA
0002066200646,1505523.61,256913.572,0,Multi Serve,Non- Indulgent,Ao Topping,Others,Others,Ao Topping,Non-Veg,Red Sauce,No Gluten Claim Present,Premium,Ao Crust,23.71 Oz,Medium (20-30 Oz),Conv Oven,Thick/Original,Regular Crust,1 Ct,Box,No Vegan Claim Present,No Natural Claim Present,No Gmo Claim Present,No Organic Claim Present,No Plant based claim,No Preservative-Free Claim Present,Non BFY
0000294578947,201.0762576,22.26201706,0,Multi Serve,NA,NA,NA,NA,NA,NA,NA,NA,NA,NA,NA,NA,NA,NA,NA,NA,NA,NA,NA,NA,NA,NA,NA,NA
0000141373241,639472.9395,142687.7565,0,Multi Serve,NA,NA,NA,NA,NA,NA,NA,NA,NA,NA,NA,NA,NA,NA,NA,NA,NA,NA,NA,NA,NA,NA,NA,NA
0007570630786,0,0,0,Multi Serve,NA,NA,NA,NA,NA,NA,NA,NA,NA,NA,NA,NA,NA,NA,NA,NA,NA,NA,NA,NA,NA,NA,NA,NA
0000729200082,0,0,0,Multi Serve,NA,NA,NA,NA,NA,NA,NA,NA,NA,NA,NA,NA,NA,NA,NA,NA,NA,NA,NA,NA,NA,NA,NA,NA
0000497510111,4.064309553,1.145951942,0,Multi Serve,NA,NA,NA,NA,NA,NA,NA,NA,NA,NA,NA,NA,NA,NA,NA,NA,NA,NA,NA,NA,NA,NA,NA,NA
0085482600369,66002.59971,11304.10168,0,Multi Serve,NA,NA,NA,NA,NA,NA,NA,NA,NA,NA,NA,NA,NA,NA,NA,NA,NA,NA,NA,NA,NA,NA,NA,NA
0089245300124,17969.99941,861.2432163,0,Multi Serve,NA,NA,NA,NA,NA,NA,NA,NA,NA,NA,NA,NA,NA,NA,NA,NA,NA,NA,NA,NA,NA,NA,NA,NA
0001999979482,4201507.646,391754.1996,0,Multi Serve,Non- Indulgent,Vegetarian,Others,Others,Vegetarian,Vegetarian,PL,Gluten Free Claim,Premium,Veggie Crust,10.8 Oz,Small (<=20 Oz),Conv Oven,PL,PL,1 Ct,Box,No Vegan Claim Present,No Natural Claim Present,No Gmo Claim Present,No Organic Claim Present,No Plant based claim,No Preservative-Free Claim Present,BFY
0079830448933,0,0,0,Multi Serve,NA,NA,NA,NA,NA,NA,NA,NA,NA,NA,NA,NA,NA,NA,NA,NA,NA,NA,NA,NA,NA,NA,NA,NA
0007192196239,1681920.588,361412.0637,1,Multi Serve,NA,NA,NA,NA,NA,NA,NA,NA,NA,NA,NA,NA,NA,NA,NA,NA,NA,NA,NA,NA,NA,NA,NA,NA
0001131579651,77844.66127,12234.40419,0,Multi Serve,NA,NA,NA,NA,NA,NA,NA,NA,NA,NA,NA,NA,NA,NA,NA,NA,NA,NA,NA,NA,NA,NA,NA,NA
0007192174400,10904335.9,2669724.358,1,Multi Serve,Non- Indulgent,Meat Combos,Others,Deluxe/Supreme/Meat Combo,Ao Topping,Non-Veg,Red Sauce,No Gluten Claim Present,Mid Tier,Regular Crust,19.1 Oz,Small (<=20 Oz),Conv Oven,Thick/Original,Regular Crust,1 Ct,Box,No Vegan Claim Present,No Natural Claim Present,No Gmo Claim Present,No Organic Claim Present,No Plant based claim,No Preservative-Free Claim Present,Non BFY
0086000919620,104143.4627,14208.26547,0,Multi Serve,NA,NA,NA,NA,NA,NA,NA,NA,NA,NA,NA,NA,NA,NA,NA,NA,NA,NA,NA,NA,NA,NA,NA,NA
0085587300851,0,0,0,Multi Serve,NA,NA,NA,NA,NA,NA,NA,NA,NA,NA,NA,NA,NA,NA,NA,NA,NA,NA,NA,NA,NA,NA,NA,NA
0007570630434,0,0,0,Multi Serve,NA,NA,NA,NA,NA,NA,NA,NA,NA,NA,NA,NA,NA,NA,NA,NA,NA,NA,NA,NA,NA,NA,NA,NA
0007986102370,8413.270168,1460.602815,0,Multi Serve,NA,NA,NA,NA,NA,NA,NA,NA,NA,NA,NA,NA,NA,NA,NA,NA,NA,NA,NA,NA,NA,NA,NA,NA
0000591504193,79763.43114,63391.11469,0,Multi Serve,NA,NA,NA,NA,NA,NA,NA,NA,NA,NA,NA,NA,NA,NA,NA,NA,NA,NA,NA,NA,NA,NA,NA,NA
0007192155917,954833.6354,278125.9765,1,Multi Serve,Non- Indulgent,Pepperoni,Others,Others,Pepperoni,Non-Veg,Red Sauce,No Gluten Claim Present,Mid Tier,Ao Crust,16.3 Oz,Small (<=20 Oz),Conv Oven,Thin,Regular Crust,1 Ct,Box,No Vegan Claim Present,No Natural Claim Present,No Gmo Claim Present,No Organic Claim Present,No Plant based claim,No Preservative-Free Claim Present,Non BFY
0002066200531,0,0,0,Multi Serve,NA,NA,NA,NA,NA,NA,NA,NA,NA,NA,NA,NA,NA,NA,NA,NA,NA,NA,NA,NA,NA,NA,NA,NA
0001813502002,0,0,0,Multi Serve,NA,NA,NA,NA,NA,NA,NA,NA,NA,NA,NA,NA,NA,NA,NA,NA,NA,NA,NA,NA,NA,NA,NA,NA
0082578301110,52263.58063,8780.227231,0,Multi Serve,NA,NA,NA,NA,NA,NA,NA,NA,NA,NA,NA,NA,NA,NA,NA,NA,NA,NA,NA,NA,NA,NA,NA,NA
0000412375231,0,0,0,Multi Serve,NA,NA,NA,NA,NA,NA,NA,NA,NA,NA,NA,NA,NA,NA,NA,NA,NA,NA,NA,NA,NA,NA,NA,NA
0073415894092,2083.423142,176.6001858,0,Multi Serve,NA,NA,NA,NA,NA,NA,NA,NA,NA,NA,NA,NA,NA,NA,NA,NA,NA,NA,NA,NA,NA,NA,NA,NA
0003870895089,137592.2809,31522.48189,0,Multi Serve,NA,NA,NA,NA,NA,NA,NA,NA,NA,NA,NA,NA,NA,NA,NA,NA,NA,NA,NA,NA,NA,NA,NA,NA
0072031083174,22566.68945,1520.541505,0,Multi Serve,NA,NA,NA,NA,NA,NA,NA,NA,NA,NA,NA,NA,NA,NA,NA,NA,NA,NA,NA,NA,NA,NA,NA,NA
0000594672373,533010.334,111539.7615,0,Multi Serve,Non- Indulgent,Hamburger,Others,Others,Hamburger,Non-Veg,PL,No Gluten Claim Present,Value,Regular Crust,15.4 Oz,Small (<=20 Oz),Conv Oven,Thick/Original,Regular Crust,1 Ct,Box,No Vegan Claim Present,No Natural Claim Present,No Gmo Claim Present,PL,No Plant based claim,No Preservative-Free Claim Present,Non BFY
0085001392214,184807.0084,41149.4848,0,Multi Serve,NA,NA,NA,NA,NA,NA,NA,NA,NA,NA,NA,NA,NA,NA,NA,NA,NA,NA,NA,NA,NA,NA,NA,NA
0007192117844,3507150.166,1225738.848,1,Multi Serve,Non- Indulgent,Meat Combos,Others,Deluxe/Supreme/Meat Combo,Meat Combos,Non-Veg,Red Sauce,No Gluten Claim Present,Mid Tier,Rising Crust,81.4 Oz,Large (>= 30 Oz),Conv Oven,Thick/Original,Regular Crust,3 Ct,Box,No Vegan Claim Present,No Natural Claim Present,No Gmo Claim Present,No Organic Claim Present,No Plant based claim,No Preservative-Free Claim Present,Non BFY
0000013914376,28140.62661,3656.88719,0,Multi Serve,NA,NA,NA,NA,NA,NA,NA,NA,NA,NA,NA,NA,NA,NA,NA,NA,NA,NA,NA,NA,NA,NA,NA,NA
0000855365429,97831.22,33474.4875,0,Multi Serve,NA,NA,NA,NA,NA,NA,NA,NA,NA,NA,NA,NA,NA,NA,NA,NA,NA,NA,NA,NA,NA,NA,NA,NA
0085856600301,0,0,0,Multi Serve,NA,NA,NA,NA,NA,NA,NA,NA,NA,NA,NA,NA,NA,NA,NA,NA,NA,NA,NA,NA,NA,NA,NA,NA
0007192168864,6203.287536,1401.87289,1,Multi Serve,NA,NA,NA,NA,NA,NA,NA,NA,NA,NA,NA,NA,NA,NA,NA,NA,NA,NA,NA,NA,NA,NA,NA,NA
0003870895078,0,0,0,Multi Serve,NA,NA,NA,NA,NA,NA,NA,NA,NA,NA,NA,NA,NA,NA,NA,NA,NA,NA,NA,NA,NA,NA,NA,NA
0061891510012,16570.76387,2405.161946,0,Multi Serve,NA,NA,NA,NA,NA,NA,NA,NA,NA,NA,NA,NA,NA,NA,NA,NA,NA,NA,NA,NA,NA,NA,NA,NA
0007218063250,3.50004214,0.975011739,0,Multi Serve,NA,NA,NA,NA,NA,NA,NA,NA,NA,NA,NA,NA,NA,NA,NA,NA,NA,NA,NA,NA,NA,NA,NA,NA
0000931111635,15632189.98,2993593.465,0,Multi Serve,Non- Indulgent,Pepperoni,Others,Others,Pepperoni,Non-Veg,PL,No Gluten Claim Present,Value,Stuffed Crust,23.45 Oz,Medium (20-30 Oz),Conv Oven,PL,PL,1 Ct,Box,No Vegan Claim Present,No Natural Claim Present,No Gmo Claim Present,No Organic Claim Present,No Plant based claim,No Preservative-Free Claim Present,Non BFY
0007660130000,20025.6336,3792.446073,0,Multi Serve,NA,NA,NA,NA,NA,NA,NA,NA,NA,NA,NA,NA,NA,NA,NA,NA,NA,NA,NA,NA,NA,NA,NA,NA
0007465351399,1738594.014,474039.7058,1,Multi Serve,Non- Indulgent,Meat Combos,Others,Deluxe/Supreme/Meat Combo,Meat Combos,Non-Veg,Red Sauce,No Gluten Claim Present,Value,Rising Crust,22 Oz,Medium (20-30 Oz),Conv Oven,Thick/Original,Regular Crust,1 Ct,Over Wrap,No Vegan Claim Present,No Natural Claim Present,No Gmo Claim Present,No Organic Claim Present,No Plant based claim,No Preservative-Free Claim Present,Non BFY
0000429947581,86.4777767,20.23536674,0,Multi Serve,NA,NA,NA,NA,NA,NA,NA,NA,NA,NA,NA,NA,NA,NA,NA,NA,NA,NA,NA,NA,NA,NA,NA,NA
0270070883129,0,0,1,Multi Serve,NA,NA,NA,NA,NA,NA,NA,NA,NA,NA,NA,NA,NA,NA,NA,NA,NA,NA,NA,NA,NA,NA,NA,NA
0079540418222,0,0,0,Multi Serve,NA,NA,NA,NA,NA,NA,NA,NA,NA,NA,NA,NA,NA,NA,NA,NA,NA,NA,NA,NA,NA,NA,NA,NA
0085452700427,48212.63754,8302.846913,0,Multi Serve,NA,NA,NA,NA,NA,NA,NA,NA,NA,NA,NA,NA,NA,NA,NA,NA,NA,NA,NA,NA,NA,NA,NA,NA
0087037500512,0,0,0,Multi Serve,NA,NA,NA,NA,NA,NA,NA,NA,NA,NA,NA,NA,NA,NA,NA,NA,NA,NA,NA,NA,NA,NA,NA,NA
0089784600250,0,0,0,Multi Serve,NA,NA,NA,NA,NA,NA,NA,NA,NA,NA,NA,NA,NA,NA,NA,NA,NA,NA,NA,NA,NA,NA,NA,NA
0007218056620,0,0,0,Multi Serve,NA,NA,NA,NA,NA,NA,NA,NA,NA,NA,NA,NA,NA,NA,NA,NA,NA,NA,NA,NA,NA,NA,NA,NA
0009350602676,435.9290429,87.89331016,0,Multi Serve,NA,NA,NA,NA,NA,NA,NA,NA,NA,NA,NA,NA,NA,NA,NA,NA,NA,NA,NA,NA,NA,NA,NA,NA
0014301122018,0,0,0,Multi Serve,NA,NA,NA,NA,NA,NA,NA,NA,NA,NA,NA,NA,NA,NA,NA,NA,NA,NA,NA,NA,NA,NA,NA,NA
0003913170011,2497423.347,510203.7816,0,Multi Serve,Non- Indulgent,Meat Combos,Others,Deluxe/Supreme/Meat Combo,Meat Combos,Non-Veg,Red Sauce,No Gluten Claim Present,Premium,Thin,18.72 Oz,Small (<=20 Oz),Conv Oven,Thin,Regular Crust,1 Ct,Box,No Vegan Claim Present,No Natural Claim Present,No Gmo Claim Present,No Organic Claim Present,No Plant based claim,No Preservative-Free Claim Present,Non BFY
0001723255768,0,0,0,Multi Serve,NA,NA,NA,NA,NA,NA,NA,NA,NA,NA,NA,NA,NA,NA,NA,NA,NA,NA,NA,NA,NA,NA,NA,NA
0004300008264,0,0,0,Multi Serve,NA,NA,NA,NA,NA,NA,NA,NA,NA,NA,NA,NA,NA,NA,NA,NA,NA,NA,NA,NA,NA,NA,NA,NA
0000484992125,6.336162345,0.938788661,0,Multi Serve,NA,NA,NA,NA,NA,NA,NA,NA,NA,NA,NA,NA,NA,NA,NA,NA,NA,NA,NA,NA,NA,NA,NA,NA
0007986102559,0,0,0,Multi Serve,NA,NA,NA,NA,NA,NA,NA,NA,NA,NA,NA,NA,NA,NA,NA,NA,NA,NA,NA,NA,NA,NA,NA,NA
0007192126046,11864271.41,2454083.525,1,Multi Serve,Non- Indulgent,Meat Combos,Others,Deluxe/Supreme/Meat Combo,Meat Combos,Non-Veg,Red Sauce,No Gluten Claim Present,Mid Tier,Regular Crust,17.9 Oz,Small (<=20 Oz),Conv Oven,Thick/Original,Regular Crust,1 Ct,Box,No Vegan Claim Present,No Natural Claim Present,No Gmo Claim Present,No Organic Claim Present,No Plant based claim,No Preservative-Free Claim Present,Non BFY
0007192156021,15335.18549,5502.416463,1,Multi Serve,NA,NA,NA,NA,NA,NA,NA,NA,NA,NA,NA,NA,NA,NA,NA,NA,NA,NA,NA,NA,NA,NA,NA,NA
0007986102325,0,0,0,Multi Serve,NA,NA,NA,NA,NA,NA,NA,NA,NA,NA,NA,NA,NA,NA,NA,NA,NA,NA,NA,NA,NA,NA,NA,NA
0000000602908,0,0,0,Multi Serve,NA,NA,NA,NA,NA,NA,NA,NA,NA,NA,NA,NA,NA,NA,NA,NA,NA,NA,NA,NA,NA,NA,NA,NA
0007192153227,0,0,1,Multi Serve,NA,NA,NA,NA,NA,NA,NA,NA,NA,NA,NA,NA,NA,NA,NA,NA,NA,NA,NA,NA,NA,NA,NA,NA
0007465379187,125392525.3,29144156.98,1,Multi Serve,Non- Indulgent,Pepperoni,Others,Others,Pepperoni,Non-Veg,Red Sauce,No Gluten Claim Present,Value,Regular Crust,14.3 Oz,Small (<=20 Oz),Conv Oven,Thick/Original,Regular Crust,1 Ct,Over Wrap,No Vegan Claim Present,No Natural Claim Present,No Gmo Claim Present,No Organic Claim Present,No Plant based claim,No Preservative-Free Claim Present,Non BFY
0002660511121,110232.6914,22472.85803,0,Multi Serve,NA,NA,NA,NA,NA,NA,NA,NA,NA,NA,NA,NA,NA,NA,NA,NA,NA,NA,NA,NA,NA,NA,NA,NA
0000712423740,208.5234488,63.55442382,0,Multi Serve,NA,NA,NA,NA,NA,NA,NA,NA,NA,NA,NA,NA,NA,NA,NA,NA,NA,NA,NA,NA,NA,NA,NA,NA
0003870895264,508559.1959,82356.00083,0,Multi Serve,NA,NA,NA,NA,NA,NA,NA,NA,NA,NA,NA,NA,NA,NA,NA,NA,NA,NA,NA,NA,NA,NA,NA,NA
0000676098127,0,0,0,Multi Serve,NA,NA,NA,NA,NA,NA,NA,NA,NA,NA,NA,NA,NA,NA,NA,NA,NA,NA,NA,NA,NA,NA,NA,NA
0000122960054,0,0,0,Multi Serve,NA,NA,NA,NA,NA,NA,NA,NA,NA,NA,NA,NA,NA,NA,NA,NA,NA,NA,NA,NA,NA,NA,NA,NA
0439914651600,60250.25,5469.975,0,Multi Serve,NA,NA,NA,NA,NA,NA,NA,NA,NA,NA,NA,NA,NA,NA,NA,NA,NA,NA,NA,NA,NA,NA,NA,NA
0000745943310,3024468.205,305146.9496,0,Multi Serve,Non- Indulgent,Chicken,Others,Others,Chicken,Non-Veg,PL,Gluten Free Claim,Premium,Veggie Crust,11.5 Oz,Small (<=20 Oz),Conv Oven,PL,PL,1 Ct,Box,No Vegan Claim Present,No Natural Claim Present,No Gmo Claim Present,No Organic Claim Present,No Plant based claim,No Preservative-Free Claim Present,BFY
0007218063983,27027416.87,7730584.503,0,Multi Serve,Non- Indulgent,Cheese/Plain,Others,Others,Cheese/Plain,Vegetarian,Red Sauce,No Gluten Claim Present,Mid Tier,Rising Crust,26.11 Oz,Medium (20-30 Oz),Conv Oven,Thick/Original,Regular Crust,1 Ct,Box,No Vegan Claim Present,No Natural Claim Present,No Gmo Claim Present,No Organic Claim Present,No Plant based claim,No Preservative-Free Claim Present,Non BFY
0007218050122,743163.2271,185166.9299,0,Multi Serve,Non- Indulgent,Pepperoni,Others,Others,Pepperoni,Non-Veg,NA,No Gluten Claim Present,Value,Wood Fired,18.48 Oz,Small (<=20 Oz),Conv Oven,Thick/Original,NA,1 Ct,Box,No Vegan Claim Present,No Natural Claim Present,No Gmo Claim Present,No Organic Claim Present,No Plant based claim,No Preservative-Free Claim Present,Non BFY
0000250145794,0,0,0,Multi Serve,NA,NA,NA,NA,NA,NA,NA,NA,NA,NA,NA,NA,NA,NA,NA,NA,NA,NA,NA,NA,NA,NA,NA,NA
0000701517138,311.22,145.275,0,Multi Serve,NA,NA,NA,NA,NA,NA,NA,NA,NA,NA,NA,NA,NA,NA,NA,NA,NA,NA,NA,NA,NA,NA,NA,NA
0019764436259,37855.695,4957.834767,0,Multi Serve,NA,NA,NA,NA,NA,NA,NA,NA,NA,NA,NA,NA,NA,NA,NA,NA,NA,NA,NA,NA,NA,NA,NA,NA
0002660511129,0,0,0,Multi Serve,NA,NA,NA,NA,NA,NA,NA,NA,NA,NA,NA,NA,NA,NA,NA,NA,NA,NA,NA,NA,NA,NA,NA,NA
0068506008498,2275.498022,398.0198933,0,Multi Serve,NA,NA,NA,NA,NA,NA,NA,NA,NA,NA,NA,NA,NA,NA,NA,NA,NA,NA,NA,NA,NA,NA,NA,NA
0003870895298,375213.6758,52582.11265,0,Multi Serve,NA,NA,NA,NA,NA,NA,NA,NA,NA,NA,NA,NA,NA,NA,NA,NA,NA,NA,NA,NA,NA,NA,NA,NA
0005833618008,0,0,0,Multi Serve,NA,NA,NA,NA,NA,NA,NA,NA,NA,NA,NA,NA,NA,NA,NA,NA,NA,NA,NA,NA,NA,NA,NA,NA
0000395218615,0,0,0,Multi Serve,NA,NA,NA,NA,NA,NA,NA,NA,NA,NA,NA,NA,NA,NA,NA,NA,NA,NA,NA,NA,NA,NA,NA,NA
0000678304341,0,0,0,Multi Serve,NA,NA,NA,NA,NA,NA,NA,NA,NA,NA,NA,NA,NA,NA,NA,NA,NA,NA,NA,NA,NA,NA,NA,NA
0071812293074,0,0,0,Multi Serve,NA,NA,NA,NA,NA,NA,NA,NA,NA,NA,NA,NA,NA,NA,NA,NA,NA,NA,NA,NA,NA,NA,NA,NA
0030000560725,21408.9232,2520.321523,0,Multi Serve,NA,NA,NA,NA,NA,NA,NA,NA,NA,NA,NA,NA,NA,NA,NA,NA,NA,NA,NA,NA,NA,NA,NA,NA
0000114502506,0,0,0,Multi Serve,NA,NA,NA,NA,NA,NA,NA,NA,NA,NA,NA,NA,NA,NA,NA,NA,NA,NA,NA,NA,NA,NA,NA,NA
0001077029378,5.271111512,1.855188295,0,Multi Serve,NA,NA,NA,NA,NA,NA,NA,NA,NA,NA,NA,NA,NA,NA,NA,NA,NA,NA,NA,NA,NA,NA,NA,NA
0068640100003,8734.05,640,0,Multi Serve,NA,NA,NA,NA,NA,NA,NA,NA,NA,NA,NA,NA,NA,NA,NA,NA,NA,NA,NA,NA,NA,NA,NA,NA
0007570630986,1452658.913,260660.5291,0,Multi Serve,Indulgent,Cheese/Plain,Others,Others,Cheese/Plain,Vegetarian,Red Sauce,No Gluten Claim Present,Mid Tier,Pan/Deep Dish Crust,24.45 Oz,Medium (20-30 Oz),Conv Oven,Thick/Original,Regular Crust,1 Ct,Box,No Vegan Claim Present,No Natural Claim Present,No Gmo Claim Present,No Organic Claim Present,No Plant based claim,No Preservative-Free Claim Present,Non BFY
0002228120102,66688.24562,10723.00326,0,Multi Serve,NA,NA,NA,NA,NA,NA,NA,NA,NA,NA,NA,NA,NA,NA,NA,NA,NA,NA,NA,NA,NA,NA,NA,NA
0086001140416,1903931.434,276447.2196,0,Multi Serve,Indulgent,Pepperoni,Others,Others,Pepperoni,Non-Veg,NA,No Gluten Claim Present,Premium,Pan/Deep Dish Crust,31.5 Oz,Large (>= 30 Oz),Conv Oven,Thick/Original,Regular Crust,1 Ct,Over Wrap,No Vegan Claim Present,No Natural Claim Present,No Gmo Claim Present,No Organic Claim Present,No Plant based claim,No Preservative-Free Claim Present,Non BFY
0004219700205,14211600.05,3383699.216,0,Multi Serve,Indulgent,Meat Combos,Others,Deluxe/Supreme/Meat Combo,Meat Combos,Non-Veg,Red Sauce,No Gluten Claim Present,Mid Tier,Regular Crust,26.1 Oz,Medium (20-30 Oz),Conv Oven,Thick/Original,Regular Crust,1 Ct,Over Wrap,No Vegan Claim Present,No Natural Claim Present,No Gmo Claim Present,No Organic Claim Present,No Plant based claim,No Preservative-Free Claim Present,Non BFY
0000006997808,60773.49124,10289.35486,0,Multi Serve,NA,NA,NA,NA,NA,NA,NA,NA,NA,NA,NA,NA,NA,NA,NA,NA,NA,NA,NA,NA,NA,NA,NA,NA
0000526394292,0,0,0,Multi Serve,Non- Indulgent,Vegetarian,Others,Others,Vegetarian,Vegetarian,PL,No Gluten Claim Present,Value,Regular Crust,16.08 Oz,Small (<=20 Oz),Conv Oven,Thick/Original,Regular Crust,1 Ct,Box,No Vegan Claim Present,No Natural Claim Present,No Gmo Claim Present,Certified Organic Claim,No Plant based claim,No Preservative-Free Claim Present,BFY
0000040956553,0,0,0,Multi Serve,NA,NA,NA,NA,NA,NA,NA,NA,NA,NA,NA,NA,NA,NA,NA,NA,NA,NA,NA,NA,NA,NA,NA,NA
0000532758263,0,0,0,Multi Serve,NA,NA,NA,NA,NA,NA,NA,NA,NA,NA,NA,NA,NA,NA,NA,NA,NA,NA,NA,NA,NA,NA,NA,NA
0007465351044,0,0,1,Multi Serve,NA,NA,NA,NA,NA,NA,NA,NA,NA,NA,NA,NA,NA,NA,NA,NA,NA,NA,NA,NA,NA,NA,NA,NA
0007570630319,5655237.559,798149.0463,0,Multi Serve,Indulgent,Cheese/Plain,Others,Others,Cheese/Plain,Vegetarian,Red Sauce,No Gluten Claim Present,Mid Tier,Thin,16.35 Oz,Small (<=20 Oz),Conv Oven,Thin,Regular Crust,1 Ct,Box,No Vegan Claim Present,No Natural Claim Present,No Gmo Claim Present,No Organic Claim Present,No Plant based claim,No Preservative-Free Claim Present,Non BFY
0065031187010,92254.68555,7777.14547,0,Multi Serve,NA,NA,NA,NA,NA,NA,NA,NA,NA,NA,NA,NA,NA,NA,NA,NA,NA,NA,NA,NA,NA,NA,NA,NA
0089257600187,34.20994365,4.11493741,0,Multi Serve,NA,NA,NA,NA,NA,NA,NA,NA,NA,NA,NA,NA,NA,NA,NA,NA,NA,NA,NA,NA,NA,NA,NA,NA
0085001598286,0,0,0,Multi Serve,NA,NA,NA,NA,NA,NA,NA,NA,NA,NA,NA,NA,NA,NA,NA,NA,NA,NA,NA,NA,NA,NA,NA,NA
0007570618016,0,0,0,Multi Serve,NA,NA,NA,NA,NA,NA,NA,NA,NA,NA,NA,NA,NA,NA,NA,NA,NA,NA,NA,NA,NA,NA,NA,NA
0007465365464,3119187.402,962336.6925,1,Multi Serve,Non- Indulgent,Pepperoni,Others,Others,Pepperoni,Non-Veg,Red Sauce,No Gluten Claim Present,Value,Rising Crust,26.3 Oz,Medium (20-30 Oz),Conv Oven,Thick/Original,Regular Crust,1 Ct,Over Wrap,No Vegan Claim Present,No Natural Claim Present,No Gmo Claim Present,No Organic Claim Present,No Plant based claim,No Preservative-Free Claim Present,Non BFY
0085264200607,2291905.568,353131.1936,0,Multi Serve,Non- Indulgent,Meat Combos,Others,Deluxe/Supreme/Meat Combo,Meat Combos,Non-Veg,NA,No Gluten Claim Present,Premium,Regular Crust,17.5 Oz,Small (<=20 Oz),Conv Oven,Thick/Original,NA,1 Ct,Over Wrap,No Vegan Claim Present,No Natural Claim Present,No Gmo Claim Present,No Organic Claim Present,No Plant based claim,No Preservative-Free Claim Present,Non BFY
0002127371708,0,0,0,Multi Serve,NA,NA,NA,NA,NA,NA,NA,NA,NA,NA,NA,NA,NA,NA,NA,NA,NA,NA,NA,NA,NA,NA,NA,NA
0000999284106,454562.5759,87443.64696,0,Multi Serve,Non- Indulgent,Deluxe/Supreme,Deluxe/Supreme,Deluxe/Supreme/Meat Combo,Meat Combos,PL,PL,PL,Value,Ao Crust,15.12 Oz,Small (<=20 Oz),Conv Oven,PL,PL,1 Ct,Box,No Vegan Claim Present,No Natural Claim Present,No Gmo Claim Present,PL,PL,No Preservative-Free Claim Present,Non BFY
0019685207520,17.96110872,2.793378629,0,Multi Serve,NA,NA,NA,NA,NA,NA,NA,NA,NA,NA,NA,NA,NA,NA,NA,NA,NA,NA,NA,NA,NA,NA,NA,NA
0000334322957,0,0,0,Multi Serve,NA,NA,NA,NA,NA,NA,NA,NA,NA,NA,NA,NA,NA,NA,NA,NA,NA,NA,NA,NA,NA,NA,NA,NA
0085161400632,0,0,0,Multi Serve,NA,NA,NA,NA,NA,NA,NA,NA,NA,NA,NA,NA,NA,NA,NA,NA,NA,NA,NA,NA,NA,NA,NA,NA
0070510584797,3104.909195,623.9041177,0,Multi Serve,NA,NA,NA,NA,NA,NA,NA,NA,NA,NA,NA,NA,NA,NA,NA,NA,NA,NA,NA,NA,NA,NA,NA,NA
0007218050127,708924.9846,173443.992,0,Multi Serve,Non- Indulgent,Pepperoni,Others,Others,Pepperoni,Non-Veg,Red Sauce,No Gluten Claim Present,Mid Tier,Regular Crust,19.77 Oz,Small (<=20 Oz),Conv Oven,Thick/Original,Regular Crust,1 Ct,Box,No Vegan Claim Present,No Natural Claim Present,No Gmo Claim Present,No Organic Claim Present,No Plant based claim,No Preservative-Free Claim Present,Non BFY
0081350504532,399.9460369,54.40820456,0,Multi Serve,NA,NA,NA,NA,NA,NA,NA,NA,NA,NA,NA,NA,NA,NA,NA,NA,NA,NA,NA,NA,NA,NA,NA,NA
0000500691822,0,0,0,Multi Serve,NA,NA,NA,NA,NA,NA,NA,NA,NA,NA,NA,NA,NA,NA,NA,NA,NA,NA,NA,NA,NA,NA,NA,NA
0000000603758,0,0,0,Multi Serve,NA,NA,NA,NA,NA,NA,NA,NA,NA,NA,NA,NA,NA,NA,NA,NA,NA,NA,NA,NA,NA,NA,NA,NA
0079033460203,0,0,0,Multi Serve,NA,NA,NA,NA,NA,NA,NA,NA,NA,NA,NA,NA,NA,NA,NA,NA,NA,NA,NA,NA,NA,NA,NA,NA
0086340400024,0,0,0,Multi Serve,NA,NA,NA,NA,NA,NA,NA,NA,NA,NA,NA,NA,NA,NA,NA,NA,NA,NA,NA,NA,NA,NA,NA,NA
0085448400802,126219.5699,9392.86787,0,Multi Serve,NA,NA,NA,NA,NA,NA,NA,NA,NA,NA,NA,NA,NA,NA,NA,NA,NA,NA,NA,NA,NA,NA,NA,NA
0000101742989,0,0,0,Multi Serve,NA,NA,NA,NA,NA,NA,NA,NA,NA,NA,NA,NA,NA,NA,NA,NA,NA,NA,NA,NA,NA,NA,NA,NA
0000197308215,41.32359039,12.33712102,0,Multi Serve,NA,NA,NA,NA,NA,NA,NA,NA,NA,NA,NA,NA,NA,NA,NA,NA,NA,NA,NA,NA,NA,NA,NA,NA
0000913640858,15139.02119,6614.762996,0,Multi Serve,NA,NA,NA,NA,NA,NA,NA,NA,NA,NA,NA,NA,NA,NA,NA,NA,NA,NA,NA,NA,NA,NA,NA,NA
0000580225031,0,0,0,Multi Serve,NA,NA,NA,NA,NA,NA,NA,NA,NA,NA,NA,NA,NA,NA,NA,NA,NA,NA,NA,NA,NA,NA,NA,NA
0061604367798,490074.1416,93527.96474,0,Multi Serve,NA,NA,NA,NA,NA,NA,NA,NA,NA,NA,NA,NA,NA,NA,NA,NA,NA,NA,NA,NA,NA,NA,NA,NA
0000678305167,137565.5053,23717.85405,0,Multi Serve,NA,NA,NA,NA,NA,NA,NA,NA,NA,NA,NA,NA,NA,NA,NA,NA,NA,NA,NA,NA,NA,NA,NA,NA
0003913116977,0,0,0,Multi Serve,NA,NA,NA,NA,NA,NA,NA,NA,NA,NA,NA,NA,NA,NA,NA,NA,NA,NA,NA,NA,NA,NA,NA,NA
0000357722394,0,0,0,Multi Serve,NA,NA,NA,NA,NA,NA,NA,NA,NA,NA,NA,NA,NA,NA,NA,NA,NA,NA,NA,NA,NA,NA,NA,NA
0068946613204,12503.63467,2213.801881,0,Multi Serve,NA,NA,NA,NA,NA,NA,NA,NA,NA,NA,NA,NA,NA,NA,NA,NA,NA,NA,NA,NA,NA,NA,NA,NA
0078510412657,79137.72761,12872.75349,0,Multi Serve,NA,NA,NA,NA,NA,NA,NA,NA,NA,NA,NA,NA,NA,NA,NA,NA,NA,NA,NA,NA,NA,NA,NA,NA
0007192130936,0,0,1,Multi Serve,NA,NA,NA,NA,NA,NA,NA,NA,NA,NA,NA,NA,NA,NA,NA,NA,NA,NA,NA,NA,NA,NA,NA,NA
0002066200629,1177935.59,114014.3919,0,Multi Serve,NA,NA,NA,NA,NA,NA,NA,NA,NA,NA,NA,NA,NA,NA,NA,NA,NA,NA,NA,NA,NA,NA,NA,NA
0083041500902,0,0,0,Multi Serve,NA,NA,NA,NA,NA,NA,NA,NA,NA,NA,NA,NA,NA,NA,NA,NA,NA,NA,NA,NA,NA,NA,NA,NA
0000031372096,0,0,0,Multi Serve,NA,NA,NA,NA,NA,NA,NA,NA,NA,NA,NA,NA,NA,NA,NA,NA,NA,NA,NA,NA,NA,NA,NA,NA
0087145900203,502096.2133,48290.46002,0,Multi Serve,Non- Indulgent,Vegetarian,Others,Others,Vegetarian,Vegetarian,NA,No Gluten Claim Present,Premium,Ao Crust,12.16 Oz,Small (<=20 Oz),Conv Oven,Thin,NA,1 Ct,Box,No Vegan Claim Present,No Natural Claim Present,No Gmo Claim Present,No Organic Claim Present,Plant-Based Protein Claim,No Preservative-Free Claim Present,BFY
0001059309635,866589.9373,233869.399,0,Multi Serve,Non- Indulgent,Chicken,Others,Others,Chicken,Non-Veg,PL,No Gluten Claim Present,Value,Stuffed Crust,29.25 Oz,Medium (20-30 Oz),Conv Oven,PL,PL,1 Ct,Box,No Vegan Claim Present,No Natural Claim Present,No Gmo Claim Present,No Organic Claim Present,No Plant based claim,No Preservative-Free Claim Present,Non BFY
0000093853551,0,0,0,Multi Serve,NA,NA,NA,NA,NA,NA,NA,NA,NA,NA,NA,NA,NA,NA,NA,NA,NA,NA,NA,NA,NA,NA,NA,NA
0002011879906,0,0,0,Multi Serve,NA,NA,NA,NA,NA,NA,NA,NA,NA,NA,NA,NA,NA,NA,NA,NA,NA,NA,NA,NA,NA,NA,NA,NA
0086073800025,0,0,0,Multi Serve,NA,NA,NA,NA,NA,NA,NA,NA,NA,NA,NA,NA,NA,NA,NA,NA,NA,NA,NA,NA,NA,NA,NA,NA
0000492402759,341005.2958,128826.2882,0,Multi Serve,Non- Indulgent,Cheese/Plain,Others,Others,Cheese/Plain,PL,PL,No Gluten Claim Present,Value,Regular Crust,19.5 Oz,Small (<=20 Oz),Conv Oven,PL,PL,1 Ct,Box,No Vegan Claim Present,No Natural Claim Present,No Gmo Claim Present,No Organic Claim Present,No Plant based claim,No Preservative-Free Claim Present,Non BFY
0001116400001,1959118.46,255902.5775,0,Multi Serve,Non- Indulgent,Cheese/Plain,Others,Others,Cheese/Plain,Vegetarian,NA,No Gluten Claim Present,Premium,Regular Crust,16 Oz,Small (<=20 Oz),Conv Oven,Thick/Original,NA,1 Ct,Box,No Vegan Claim Present,Natural Claim Present,No Gmo Claim Present,No Organic Claim Present,No Plant based claim,Preservative-Free Claim,BFY
0000036736107,0,0,0,Multi Serve,NA,NA,NA,NA,NA,NA,NA,NA,NA,NA,NA,NA,NA,NA,NA,NA,NA,NA,NA,NA,NA,NA,NA,NA
0075234957420,108979.26,19291.8718,0,Multi Serve,NA,NA,NA,NA,NA,NA,NA,NA,NA,NA,NA,NA,NA,NA,NA,NA,NA,NA,NA,NA,NA,NA,NA,NA
0085264200605,467053.7516,66268.93288,0,Multi Serve,NA,NA,NA,NA,NA,NA,NA,NA,NA,NA,NA,NA,NA,NA,NA,NA,NA,NA,NA,NA,NA,NA,NA,NA
0000066580636,0,0,0,Multi Serve,NA,NA,NA,NA,NA,NA,NA,NA,NA,NA,NA,NA,NA,NA,NA,NA,NA,NA,NA,NA,NA,NA,NA,NA
0000338797066,965019.0049,114145.1727,0,Multi Serve,NA,NA,NA,NA,NA,NA,NA,NA,NA,NA,NA,NA,NA,NA,NA,NA,NA,NA,NA,NA,NA,NA,NA,NA
0085750300243,35367.5038,4434.710448,0,Multi Serve,NA,NA,NA,NA,NA,NA,NA,NA,NA,NA,NA,NA,NA,NA,NA,NA,NA,NA,NA,NA,NA,NA,NA,NA
0004309820161,4123.400144,669.8402312,0,Multi Serve,NA,NA,NA,NA,NA,NA,NA,NA,NA,NA,NA,NA,NA,NA,NA,NA,NA,NA,NA,NA,NA,NA,NA,NA
0005149723792,1947.46351,120.0513938,0,Multi Serve,NA,NA,NA,NA,NA,NA,NA,NA,NA,NA,NA,NA,NA,NA,NA,NA,NA,NA,NA,NA,NA,NA,NA,NA
0007218074150,642.7149136,105.5994059,0,Multi Serve,NA,NA,NA,NA,NA,NA,NA,NA,NA,NA,NA,NA,NA,NA,NA,NA,NA,NA,NA,NA,NA,NA,NA,NA
0083041500976,0,0,0,Multi Serve,NA,NA,NA,NA,NA,NA,NA,NA,NA,NA,NA,NA,NA,NA,NA,NA,NA,NA,NA,NA,NA,NA,NA,NA
0007192149711,245466.3313,55563.32445,1,Multi Serve,NA,NA,NA,NA,NA,NA,NA,NA,NA,NA,NA,NA,NA,NA,NA,NA,NA,NA,NA,NA,NA,NA,NA,NA
0000403786694,0,0,0,Multi Serve,NA,NA,NA,NA,NA,NA,NA,NA,NA,NA,NA,NA,NA,NA,NA,NA,NA,NA,NA,NA,NA,NA,NA,NA
0075283034798,29117.75383,2337.158641,0,Multi Serve,NA,NA,NA,NA,NA,NA,NA,NA,NA,NA,NA,NA,NA,NA,NA,NA,NA,NA,NA,NA,NA,NA,NA,NA
0085493400737,14.88,1.5,0,Multi Serve,NA,NA,NA,NA,NA,NA,NA,NA,NA,NA,NA,NA,NA,NA,NA,NA,NA,NA,NA,NA,NA,NA,NA,NA
0000216275105,206911.6586,95880.4556,0,Multi Serve,NA,NA,NA,NA,NA,NA,NA,NA,NA,NA,NA,NA,NA,NA,NA,NA,NA,NA,NA,NA,NA,NA,NA,NA
0000734072825,0,0,0,Multi Serve,NA,NA,NA,NA,NA,NA,NA,NA,NA,NA,NA,NA,NA,NA,NA,NA,NA,NA,NA,NA,NA,NA,NA,NA
0000740153007,0,0,0,Multi Serve,NA,NA,NA,NA,NA,NA,NA,NA,NA,NA,NA,NA,NA,NA,NA,NA,NA,NA,NA,NA,NA,NA,NA,NA
0070510584696,5791.563833,1353.518672,0,Multi Serve,NA,NA,NA,NA,NA,NA,NA,NA,NA,NA,NA,NA,NA,NA,NA,NA,NA,NA,NA,NA,NA,NA,NA,NA
0000084969538,0,0,0,Multi Serve,NA,NA,NA,NA,NA,NA,NA,NA,NA,NA,NA,NA,NA,NA,NA,NA,NA,NA,NA,NA,NA,NA,NA,NA
0004219700006,2.48,0.9875,0,Multi Serve,NA,NA,NA,NA,NA,NA,NA,NA,NA,NA,NA,NA,NA,NA,NA,NA,NA,NA,NA,NA,NA,NA,NA,NA
0007192132886,2280472.729,421542.7522,1,Multi Serve,Non- Indulgent,Meat Combos,Others,Deluxe/Supreme/Meat Combo,Meat Combos,Non-Veg,Red Sauce,No Gluten Claim Present,Mid Tier,Hand Tossed/Pizzeria Style,18.1 Oz,Small (<=20 Oz),Conv Oven,Thick/Original,Regular Crust,1 Ct,Box,No Vegan Claim Present,No Natural Claim Present,No Gmo Claim Present,No Organic Claim Present,No Plant based claim,No Preservative-Free Claim Present,Non BFY
0007570630641,0,0,0,Multi Serve,NA,NA,NA,NA,NA,NA,NA,NA,NA,NA,NA,NA,NA,NA,NA,NA,NA,NA,NA,NA,NA,NA,NA,NA
0000314443227,0,0,0,Multi Serve,NA,NA,NA,NA,NA,NA,NA,NA,NA,NA,NA,NA,NA,NA,NA,NA,NA,NA,NA,NA,NA,NA,NA,NA
0000925141208,975921.6704,157590.0809,0,Multi Serve,Non- Indulgent,Vegetarian,Others,Others,Vegetarian,PL,PL,No Gluten Claim Present,Value,Regular Crust,15.15 Oz,Small (<=20 Oz),Conv Oven,PL,PL,1 Ct,Box,No Vegan Claim Present,No Natural Claim Present,No Gmo Claim Present,No Organic Claim Present,No Plant based claim,No Preservative-Free Claim Present,Non BFY
0000028766991,1017091.782,133022.7319,0,Multi Serve,Non- Indulgent,Cheese/Plain,Others,Others,Cheese/Plain,PL,PL,No Gluten Claim Present,Premium,Thin,12.8 Oz,Small (<=20 Oz),Conv Oven,PL,PL,1 Ct,Box,No Vegan Claim Present,No Natural Claim Present,No Gmo Claim Present,No Organic Claim Present,No Plant based claim,No Preservative-Free Claim Present,Non BFY
0000922375368,0,0,0,Multi Serve,NA,NA,NA,NA,NA,NA,NA,NA,NA,NA,NA,NA,NA,NA,NA,NA,NA,NA,NA,NA,NA,NA,NA,NA
0085692100614,2667633.928,452489.9575,0,Multi Serve,Non- Indulgent,Cheese/Plain,Others,Others,Cheese/Plain,Vegetarian,NA,No Gluten Claim Present,Premium,Regular Crust,17.05 Oz,Small (<=20 Oz),Conv Oven,Thick/Original,NA,1 Ct,Box,No Vegan Claim Present,No Natural Claim Present,No Gmo Claim Present,No Organic Claim Present,No Plant based claim,No Preservative-Free Claim Present,Non BFY
0082900600008,39090.47248,6764.530767,0,Multi Serve,NA,NA,NA,NA,NA,NA,NA,NA,NA,NA,NA,NA,NA,NA,NA,NA,NA,NA,NA,NA,NA,NA,NA,NA
0000480563405,8374344.085,1829842.815,0,Multi Serve,Non- Indulgent,Deluxe/Supreme,Deluxe/Supreme,Deluxe/Supreme/Meat Combo,Meat Combos,PL,PL,No Gluten Claim Present,Value,Thin,16.2 Oz,Small (<=20 Oz),Conv Oven,Thin,PL,1 Ct,Box,No Vegan Claim Present,No Natural Claim Present,No Gmo Claim Present,No Organic Claim Present,No Plant based claim,No Preservative-Free Claim Present,Non BFY
0068946613212,4078.131562,667.0393042,0,Multi Serve,NA,NA,NA,NA,NA,NA,NA,NA,NA,NA,NA,NA,NA,NA,NA,NA,NA,NA,NA,NA,NA,NA,NA,NA
0009350602849,74932.78099,10142.66166,0,Multi Serve,NA,NA,NA,NA,NA,NA,NA,NA,NA,NA,NA,NA,NA,NA,NA,NA,NA,NA,NA,NA,NA,NA,NA,NA
0000145398630,0,0,0,Multi Serve,NA,NA,NA,NA,NA,NA,NA,NA,NA,NA,NA,NA,NA,NA,NA,NA,NA,NA,NA,NA,NA,NA,NA,NA
0007570630691,140428.8703,32912.40879,0,Multi Serve,NA,NA,NA,NA,NA,NA,NA,NA,NA,NA,NA,NA,NA,NA,NA,NA,NA,NA,NA,NA,NA,NA,NA,NA
0001570318732,3293.883796,602.3787453,0,Multi Serve,NA,NA,NA,NA,NA,NA,NA,NA,NA,NA,NA,NA,NA,NA,NA,NA,NA,NA,NA,NA,NA,NA,NA,NA
0007192131027,7749972.493,2121830.816,1,Multi Serve,Non- Indulgent,Cheese/Plain,Others,Others,Cheese/Plain,Vegetarian,Red Sauce,No Gluten Claim Present,Value,Regular Crust,19.3 Oz,Small (<=20 Oz),Conv Oven,Thick/Original,Regular Crust,1 Ct,Box,No Vegan Claim Present,No Natural Claim Present,No Gmo Claim Present,No Organic Claim Present,No Plant based claim,No Preservative-Free Claim Present,Non BFY
0007570630924,27.96919933,6.089502895,0,Multi Serve,NA,NA,NA,NA,NA,NA,NA,NA,NA,NA,NA,NA,NA,NA,NA,NA,NA,NA,NA,NA,NA,NA,NA,NA
0089784600212,7023.758549,1727.078636,0,Multi Serve,NA,NA,NA,NA,NA,NA,NA,NA,NA,NA,NA,NA,NA,NA,NA,NA,NA,NA,NA,NA,NA,NA,NA,NA
0000217066100,0,0,0,Multi Serve,NA,NA,NA,NA,NA,NA,NA,NA,NA,NA,NA,NA,NA,NA,NA,NA,NA,NA,NA,NA,NA,NA,NA,NA
0086073800026,0,0,0,Multi Serve,NA,NA,NA,NA,NA,NA,NA,NA,NA,NA,NA,NA,NA,NA,NA,NA,NA,NA,NA,NA,NA,NA,NA,NA
0082900600012,0,0,0,Multi Serve,NA,NA,NA,NA,NA,NA,NA,NA,NA,NA,NA,NA,NA,NA,NA,NA,NA,NA,NA,NA,NA,NA,NA,NA
0081005208005,0,0,0,Multi Serve,NA,NA,NA,NA,NA,NA,NA,NA,NA,NA,NA,NA,NA,NA,NA,NA,NA,NA,NA,NA,NA,NA,NA,NA
0000018963867,0,0,0,Multi Serve,NA,NA,NA,NA,NA,NA,NA,NA,NA,NA,NA,NA,NA,NA,NA,NA,NA,NA,NA,NA,NA,NA,NA,NA
0085001144321,318837.7924,28589.36949,0,Multi Serve,NA,NA,NA,NA,NA,NA,NA,NA,NA,NA,NA,NA,NA,NA,NA,NA,NA,NA,NA,NA,NA,NA,NA,NA
0000401276574,1100194.516,164330.2478,0,Multi Serve,NA,NA,NA,NA,NA,NA,NA,NA,NA,NA,NA,NA,NA,NA,NA,NA,NA,NA,NA,NA,NA,NA,NA,NA
0004300008076,0,0,0,Multi Serve,NA,NA,NA,NA,NA,NA,NA,NA,NA,NA,NA,NA,NA,NA,NA,NA,NA,NA,NA,NA,NA,NA,NA,NA
0007570618011,0,0,0,Multi Serve,NA,NA,NA,NA,NA,NA,NA,NA,NA,NA,NA,NA,NA,NA,NA,NA,NA,NA,NA,NA,NA,NA,NA,NA
0002066200600,15821134.63,2439615.182,0,Multi Serve,Non- Indulgent,Cheese/Plain,Others,Others,Cheese/Plain,Vegetarian,Red Sauce,No Gluten Claim Present,Premium,Thin,16 Oz,Small (<=20 Oz),Conv Oven,Thin,Regular Crust,1 Ct,Box,No Vegan Claim Present,No Natural Claim Present,No Gmo Claim Present,No Organic Claim Present,No Plant based claim,Preservative-Free Claim,BFY
0068946613205,13042.85386,2706.422702,0,Multi Serve,NA,NA,NA,NA,NA,NA,NA,NA,NA,NA,NA,NA,NA,NA,NA,NA,NA,NA,NA,NA,NA,NA,NA,NA
0000701517141,0,0,0,Multi Serve,NA,NA,NA,NA,NA,NA,NA,NA,NA,NA,NA,NA,NA,NA,NA,NA,NA,NA,NA,NA,NA,NA,NA,NA
0009194596852,887442.2205,169363.2285,0,Multi Serve,Non- Indulgent,Ao Topping,Others,Others,Ao Topping,Non-Veg,NA,No Gluten Claim Present,Mid Tier,Regular Crust,23 Oz,Medium (20-30 Oz),Conv Oven,Thin,NA,1 Ct,Box,No Vegan Claim Present,No Natural Claim Present,No Gmo Claim Present,No Organic Claim Present,No Plant based claim,No Preservative-Free Claim Present,Non BFY
0000268721951,11.94076524,5.340948149,0,Multi Serve,NA,NA,NA,NA,NA,NA,NA,NA,NA,NA,NA,NA,NA,NA,NA,NA,NA,NA,NA,NA,NA,NA,NA,NA
0001561310348,0,0,0,Multi Serve,NA,NA,NA,NA,NA,NA,NA,NA,NA,NA,NA,NA,NA,NA,NA,NA,NA,NA,NA,NA,NA,NA,NA,NA
0082578301010,0,0,0,Multi Serve,NA,NA,NA,NA,NA,NA,NA,NA,NA,NA,NA,NA,NA,NA,NA,NA,NA,NA,NA,NA,NA,NA,NA,NA
0089925000005,5019.101365,1020.780941,0,Multi Serve,NA,NA,NA,NA,NA,NA,NA,NA,NA,NA,NA,NA,NA,NA,NA,NA,NA,NA,NA,NA,NA,NA,NA,NA
0000266969791,0,0,0,Multi Serve,NA,NA,NA,NA,NA,NA,NA,NA,NA,NA,NA,NA,NA,NA,NA,NA,NA,NA,NA,NA,NA,NA,NA,NA
0000469566466,0,0,0,Multi Serve,NA,NA,NA,NA,NA,NA,NA,NA,NA,NA,NA,NA,NA,NA,NA,NA,NA,NA,NA,NA,NA,NA,NA,NA
0270071834292,0,0,1,Multi Serve,NA,NA,NA,NA,NA,NA,NA,NA,NA,NA,NA,NA,NA,NA,NA,NA,NA,NA,NA,NA,NA,NA,NA,NA
0002660512004,32020.07914,4643.77134,0,Multi Serve,NA,NA,NA,NA,NA,NA,NA,NA,NA,NA,NA,NA,NA,NA,NA,NA,NA,NA,NA,NA,NA,NA,NA,NA
0089245300156,148.2612864,15.22025809,0,Multi Serve,NA,NA,NA,NA,NA,NA,NA,NA,NA,NA,NA,NA,NA,NA,NA,NA,NA,NA,NA,NA,NA,NA,NA,NA
0000096870937,0,0,0,Multi Serve,NA,NA,NA,NA,NA,NA,NA,NA,NA,NA,NA,NA,NA,NA,NA,NA,NA,NA,NA,NA,NA,NA,NA,NA
0000034781566,0,0,0,Multi Serve,NA,NA,NA,NA,NA,NA,NA,NA,NA,NA,NA,NA,NA,NA,NA,NA,NA,NA,NA,NA,NA,NA,NA,NA
0085584000602,4214.221868,527.2570581,0,Multi Serve,NA,NA,NA,NA,NA,NA,NA,NA,NA,NA,NA,NA,NA,NA,NA,NA,NA,NA,NA,NA,NA,NA,NA,NA
0085832400661,0,0,0,Multi Serve,NA,NA,NA,NA,NA,NA,NA,NA,NA,NA,NA,NA,NA,NA,NA,NA,NA,NA,NA,NA,NA,NA,NA,NA
0007570630683,862516.7405,134711.622,0,Multi Serve,Indulgent,Sausage,Others,Others,Sausage,Non-Veg,NA,No Gluten Claim Present,Mid Tier,Thin,16.7 Oz,Small (<=20 Oz),Conv Oven,Thin,NA,1 Ct,Box,No Vegan Claim Present,No Natural Claim Present,No Gmo Claim Present,No Organic Claim Present,No Plant based claim,No Preservative-Free Claim Present,Non BFY
0000751069253,0,0,0,Multi Serve,NA,NA,NA,NA,NA,NA,NA,NA,NA,NA,NA,NA,NA,NA,NA,NA,NA,NA,NA,NA,NA,NA,NA,NA
0007570619100,3292687.624,770967.9115,0,Multi Serve,Non- Indulgent,Deluxe/Supreme,Deluxe/Supreme,Deluxe/Supreme/Meat Combo,Meat Combos,Non-Veg,Red Sauce,No Gluten Claim Present,Mid Tier,Regular Crust,24.79 Oz,Medium (20-30 Oz),Conv Oven,Thick/Original,Regular Crust,1 Ct,Box,No Vegan Claim Present,No Natural Claim Present,No Gmo Claim Present,No Organic Claim Present,No Plant based claim,No Preservative-Free Claim Present,Non BFY
0007570630471,0,0,0,Multi Serve,NA,NA,NA,NA,NA,NA,NA,NA,NA,NA,NA,NA,NA,NA,NA,NA,NA,NA,NA,NA,NA,NA,NA,NA
0007660110005,67041.51043,11593.75187,0,Multi Serve,NA,NA,NA,NA,NA,NA,NA,NA,NA,NA,NA,NA,NA,NA,NA,NA,NA,NA,NA,NA,NA,NA,NA,NA
0085922500304,0,0,0,Multi Serve,NA,NA,NA,NA,NA,NA,NA,NA,NA,NA,NA,NA,NA,NA,NA,NA,NA,NA,NA,NA,NA,NA,NA,NA
0000029714045,0,0,0,Multi Serve,NA,NA,NA,NA,NA,NA,NA,NA,NA,NA,NA,NA,NA,NA,NA,NA,NA,NA,NA,NA,NA,NA,NA,NA
0007192100333,0,0,1,Multi Serve,NA,NA,NA,NA,NA,NA,NA,NA,NA,NA,NA,NA,NA,NA,NA,NA,NA,NA,NA,NA,NA,NA,NA,NA
0007192100519,0,0,1,Multi Serve,NA,NA,NA,NA,NA,NA,NA,NA,NA,NA,NA,NA,NA,NA,NA,NA,NA,NA,NA,NA,NA,NA,NA,NA
0008805755854,0,0,0,Multi Serve,NA,NA,NA,NA,NA,NA,NA,NA,NA,NA,NA,NA,NA,NA,NA,NA,NA,NA,NA,NA,NA,NA,NA,NA
0001308720748,0,0,0,Multi Serve,NA,NA,NA,NA,NA,NA,NA,NA,NA,NA,NA,NA,NA,NA,NA,NA,NA,NA,NA,NA,NA,NA,NA,NA
0004219700384,296492.9371,59165.59812,0,Multi Serve,NA,NA,NA,NA,NA,NA,NA,NA,NA,NA,NA,NA,NA,NA,NA,NA,NA,NA,NA,NA,NA,NA,NA,NA
0083746400080,0,0,0,Multi Serve,NA,NA,NA,NA,NA,NA,NA,NA,NA,NA,NA,NA,NA,NA,NA,NA,NA,NA,NA,NA,NA,NA,NA,NA
0000098502394,0,0,0,Multi Serve,NA,NA,NA,NA,NA,NA,NA,NA,NA,NA,NA,NA,NA,NA,NA,NA,NA,NA,NA,NA,NA,NA,NA,NA
0080487934901,0,0,0,Multi Serve,NA,NA,NA,NA,NA,NA,NA,NA,NA,NA,NA,NA,NA,NA,NA,NA,NA,NA,NA,NA,NA,NA,NA,NA
0064313031232,220936.5647,59933.35173,0,Multi Serve,NA,NA,NA,NA,NA,NA,NA,NA,NA,NA,NA,NA,NA,NA,NA,NA,NA,NA,NA,NA,NA,NA,NA,NA
0004309856282,196200.0483,39394.98907,0,Multi Serve,NA,NA,NA,NA,NA,NA,NA,NA,NA,NA,NA,NA,NA,NA,NA,NA,NA,NA,NA,NA,NA,NA,NA,NA
0000031618899,259.65,50.039375,0,Multi Serve,NA,NA,NA,NA,NA,NA,NA,NA,NA,NA,NA,NA,NA,NA,NA,NA,NA,NA,NA,NA,NA,NA,NA,NA
0082657011230,0,0,0,Multi Serve,NA,NA,NA,NA,NA,NA,NA,NA,NA,NA,NA,NA,NA,NA,NA,NA,NA,NA,NA,NA,NA,NA,NA,NA
0071006930101,354934.8315,42226.08822,0,Multi Serve,NA,NA,NA,NA,NA,NA,NA,NA,NA,NA,NA,NA,NA,NA,NA,NA,NA,NA,NA,NA,NA,NA,NA,NA
0088570901232,2286918.439,399076.9917,0,Multi Serve,NA,NA,NA,NA,NA,NA,NA,NA,NA,NA,NA,NA,NA,NA,NA,NA,NA,NA,NA,NA,NA,NA,NA,NA
0007570630973,15295.76696,1406.47844,0,Multi Serve,NA,NA,NA,NA,NA,NA,NA,NA,NA,NA,NA,NA,NA,NA,NA,NA,NA,NA,NA,NA,NA,NA,NA,NA
0080679560119,97756.57336,20334.24557,0,Multi Serve,NA,NA,NA,NA,NA,NA,NA,NA,NA,NA,NA,NA,NA,NA,NA,NA,NA,NA,NA,NA,NA,NA,NA,NA
0071921962395,0,0,1,Multi Serve,NA,NA,NA,NA,NA,NA,NA,NA,NA,NA,NA,NA,NA,NA,NA,NA,NA,NA,NA,NA,NA,NA,NA,NA
0001042225024,2881412.733,473981.5687,0,Multi Serve,Non- Indulgent,Vegetarian,Others,Others,Vegetarian,Vegetarian,PL,No Gluten Claim Present,Value,Ao Crust,10.5 Oz,Small (<=20 Oz),Conv Oven,Thick/Original,PL,1 Ct,Box,No Vegan Claim Present,No Natural Claim Present,No Gmo Claim Present,No Organic Claim Present,No Plant based claim,No Preservative-Free Claim Present,Non BFY
0007192128631,0,0,1,Multi Serve,NA,NA,NA,NA,NA,NA,NA,NA,NA,NA,NA,NA,NA,NA,NA,NA,NA,NA,NA,NA,NA,NA,NA,NA
0001043286941,131071.1318,23634.11533,0,Multi Serve,NA,NA,NA,NA,NA,NA,NA,NA,NA,NA,NA,NA,NA,NA,NA,NA,NA,NA,NA,NA,NA,NA,NA,NA
0085004649081,50943.17278,4713.24264,0,Multi Serve,NA,NA,NA,NA,NA,NA,NA,NA,NA,NA,NA,NA,NA,NA,NA,NA,NA,NA,NA,NA,NA,NA,NA,NA
0081496700207,0,0,0,Multi Serve,NA,NA,NA,NA,NA,NA,NA,NA,NA,NA,NA,NA,NA,NA,NA,NA,NA,NA,NA,NA,NA,NA,NA,NA
0000327754179,7093.592678,1255.166849,0,Multi Serve,NA,NA,NA,NA,NA,NA,NA,NA,NA,NA,NA,NA,NA,NA,NA,NA,NA,NA,NA,NA,NA,NA,NA,NA
0085592200624,0,0,0,Multi Serve,NA,NA,NA,NA,NA,NA,NA,NA,NA,NA,NA,NA,NA,NA,NA,NA,NA,NA,NA,NA,NA,NA,NA,NA
0002182113012,4786.146365,1196.957302,0,Multi Serve,NA,NA,NA,NA,NA,NA,NA,NA,NA,NA,NA,NA,NA,NA,NA,NA,NA,NA,NA,NA,NA,NA,NA,NA
0002066200599,2023.939183,168.8913977,0,Multi Serve,NA,NA,NA,NA,NA,NA,NA,NA,NA,NA,NA,NA,NA,NA,NA,NA,NA,NA,NA,NA,NA,NA,NA,NA
0007192190109,0,0,1,Multi Serve,NA,NA,NA,NA,NA,NA,NA,NA,NA,NA,NA,NA,NA,NA,NA,NA,NA,NA,NA,NA,NA,NA,NA,NA
0007660190003,0,0,0,Multi Serve,NA,NA,NA,NA,NA,NA,NA,NA,NA,NA,NA,NA,NA,NA,NA,NA,NA,NA,NA,NA,NA,NA,NA,NA
0003870895295,303338.5031,75555.67645,0,Multi Serve,NA,NA,NA,NA,NA,NA,NA,NA,NA,NA,NA,NA,NA,NA,NA,NA,NA,NA,NA,NA,NA,NA,NA,NA
0000199203080,0,0,0,Multi Serve,NA,NA,NA,NA,NA,NA,NA,NA,NA,NA,NA,NA,NA,NA,NA,NA,NA,NA,NA,NA,NA,NA,NA,NA
0081434302164,0,0,0,Multi Serve,NA,NA,NA,NA,NA,NA,NA,NA,NA,NA,NA,NA,NA,NA,NA,NA,NA,NA,NA,NA,NA,NA,NA,NA
0002660512008,33.78052907,6.410180151,0,Multi Serve,NA,NA,NA,NA,NA,NA,NA,NA,NA,NA,NA,NA,NA,NA,NA,NA,NA,NA,NA,NA,NA,NA,NA,NA
0085000114017,0,0,0,Multi Serve,NA,NA,NA,NA,NA,NA,NA,NA,NA,NA,NA,NA,NA,NA,NA,NA,NA,NA,NA,NA,NA,NA,NA,NA
0000141372338,352133.977,76146.12698,0,Multi Serve,NA,NA,NA,NA,NA,NA,NA,NA,NA,NA,NA,NA,NA,NA,NA,NA,NA,NA,NA,NA,NA,NA,NA,NA
0000769603826,4.85,1.946875,0,Multi Serve,NA,NA,NA,NA,NA,NA,NA,NA,NA,NA,NA,NA,NA,NA,NA,NA,NA,NA,NA,NA,NA,NA,NA,NA
0001477700488,39479.95992,9215.211094,0,Multi Serve,NA,NA,NA,NA,NA,NA,NA,NA,NA,NA,NA,NA,NA,NA,NA,NA,NA,NA,NA,NA,NA,NA,NA,NA
0085922500302,0,0,0,Multi Serve,NA,NA,NA,NA,NA,NA,NA,NA,NA,NA,NA,NA,NA,NA,NA,NA,NA,NA,NA,NA,NA,NA,NA,NA
0000676098126,392719.51,57983.175,0,Multi Serve,NA,NA,NA,NA,NA,NA,NA,NA,NA,NA,NA,NA,NA,NA,NA,NA,NA,NA,NA,NA,NA,NA,NA,NA
0000847127834,0,0,0,Multi Serve,NA,NA,NA,NA,NA,NA,NA,NA,NA,NA,NA,NA,NA,NA,NA,NA,NA,NA,NA,NA,NA,NA,NA,NA
0007218076244,3746420.989,1026899.456,0,Multi Serve,Non- Indulgent,Cheese/Plain,Others,Others,Cheese/Plain,Vegetarian,Red Sauce,No Gluten Claim Present,Value,Regular Crust,63.18 Oz,Large (>= 30 Oz),Conv Oven,Thick/Original,Regular Crust,3 Ct,Bag In Box,No Vegan Claim Present,No Natural Claim Present,No Gmo Claim Present,No Organic Claim Present,No Plant based claim,No Preservative-Free Claim Present,Non BFY
0085452700407,0,0,0,Multi Serve,NA,NA,NA,NA,NA,NA,NA,NA,NA,NA,NA,NA,NA,NA,NA,NA,NA,NA,NA,NA,NA,NA,NA,NA
0004219700409,680339.2722,129744.7244,0,Multi Serve,Indulgent,Deluxe/Supreme,Deluxe/Supreme,Deluxe/Supreme/Meat Combo,Meat Combos,Non-Veg,NA,No Gluten Claim Present,Mid Tier,Regular Crust,21.45 Oz,Medium (20-30 Oz),Conv Oven,Thick/Original,NA,1 Ct,Box,No Vegan Claim Present,No Natural Claim Present,No Gmo Claim Present,No Organic Claim Present,No Plant based claim,No Preservative-Free Claim Present,Non BFY
0068907613127,0,0,0,Multi Serve,NA,NA,NA,NA,NA,NA,NA,NA,NA,NA,NA,NA,NA,NA,NA,NA,NA,NA,NA,NA,NA,NA,NA,NA
0008805755858,10577.18989,1147.055812,0,Multi Serve,NA,NA,NA,NA,NA,NA,NA,NA,NA,NA,NA,NA,NA,NA,NA,NA,NA,NA,NA,NA,NA,NA,NA,NA
0009492256283,4013.625007,391.7835402,0,Multi Serve,NA,NA,NA,NA,NA,NA,NA,NA,NA,NA,NA,NA,NA,NA,NA,NA,NA,NA,NA,NA,NA,NA,NA,NA
0007192100337,85951.59894,17546.91195,1,Multi Serve,NA,NA,NA,NA,NA,NA,NA,NA,NA,NA,NA,NA,NA,NA,NA,NA,NA,NA,NA,NA,NA,NA,NA,NA
0003007456702,0,0,0,Multi Serve,NA,NA,NA,NA,NA,NA,NA,NA,NA,NA,NA,NA,NA,NA,NA,NA,NA,NA,NA,NA,NA,NA,NA,NA
0004158100130,4061735.89,1004485.343,0,Multi Serve,Non- Indulgent,Meat Combos,Others,Deluxe/Supreme/Meat Combo,Meat Combos,Non-Veg,Red Sauce,No Gluten Claim Present,Mid Tier,Regular Crust,12.3 Oz,Small (<=20 Oz),Conv Oven,Thick/Original,Regular Crust,1 Ct,Over Wrap,No Vegan Claim Present,No Natural Claim Present,No Gmo Claim Present,No Organic Claim Present,No Plant based claim,No Preservative-Free Claim Present,Non BFY
0007218063253,0,0,0,Multi Serve,NA,NA,NA,NA,NA,NA,NA,NA,NA,NA,NA,NA,NA,NA,NA,NA,NA,NA,NA,NA,NA,NA,NA,NA
0007570614600,0,0,0,Multi Serve,NA,NA,NA,NA,NA,NA,NA,NA,NA,NA,NA,NA,NA,NA,NA,NA,NA,NA,NA,NA,NA,NA,NA,NA
0079583588252,0,0,0,Multi Serve,NA,NA,NA,NA,NA,NA,NA,NA,NA,NA,NA,NA,NA,NA,NA,NA,NA,NA,NA,NA,NA,NA,NA,NA
0007192178260,0,0,1,Multi Serve,NA,NA,NA,NA,NA,NA,NA,NA,NA,NA,NA,NA,NA,NA,NA,NA,NA,NA,NA,NA,NA,NA,NA,NA
0000682758743,88830.98617,27817.68556,0,Multi Serve,NA,NA,NA,NA,NA,NA,NA,NA,NA,NA,NA,NA,NA,NA,NA,NA,NA,NA,NA,NA,NA,NA,NA,NA
0801429430263,0,0,0,Multi Serve,NA,NA,NA,NA,NA,NA,NA,NA,NA,NA,NA,NA,NA,NA,NA,NA,NA,NA,NA,NA,NA,NA,NA,NA
0000661185853,0,0,0,Multi Serve,NA,NA,NA,NA,NA,NA,NA,NA,NA,NA,NA,NA,NA,NA,NA,NA,NA,NA,NA,NA,NA,NA,NA,NA
0085695200110,0,0,0,Multi Serve,NA,NA,NA,NA,NA,NA,NA,NA,NA,NA,NA,NA,NA,NA,NA,NA,NA,NA,NA,NA,NA,NA,NA,NA
0000195587428,662390.6527,296647.7154,0,Multi Serve,Non- Indulgent,Deluxe/Supreme,Deluxe/Supreme,Deluxe/Supreme/Meat Combo,Meat Combos,PL,PL,No Gluten Claim Present,Value,Rising Crust,32.7 Oz,Large (>= 30 Oz),Conv Oven,PL,PL,1 Ct,Box,No Vegan Claim Present,No Natural Claim Present,No Gmo Claim Present,No Organic Claim Present,No Plant based claim,No Preservative-Free Claim Present,Non BFY
0001477703380,4064.474144,1005.190018,0,Multi Serve,NA,NA,NA,NA,NA,NA,NA,NA,NA,NA,NA,NA,NA,NA,NA,NA,NA,NA,NA,NA,NA,NA,NA,NA
0002066200546,0,0,0,Multi Serve,NA,NA,NA,NA,NA,NA,NA,NA,NA,NA,NA,NA,NA,NA,NA,NA,NA,NA,NA,NA,NA,NA,NA,NA
0063830284501,64000.61669,10761.68158,0,Multi Serve,NA,NA,NA,NA,NA,NA,NA,NA,NA,NA,NA,NA,NA,NA,NA,NA,NA,NA,NA,NA,NA,NA,NA,NA
0063830284496,25980.4518,3811.092415,0,Multi Serve,NA,NA,NA,NA,NA,NA,NA,NA,NA,NA,NA,NA,NA,NA,NA,NA,NA,NA,NA,NA,NA,NA,NA,NA
0085356000305,739.9167442,146.6041651,0,Multi Serve,NA,NA,NA,NA,NA,NA,NA,NA,NA,NA,NA,NA,NA,NA,NA,NA,NA,NA,NA,NA,NA,NA,NA,NA
0003913116856,11254174.2,1866127.291,0,Multi Serve,Non- Indulgent,Chicken,Others,Others,Chicken,Non-Veg,White,No Gluten Claim Present,Premium,Thin,16.03 Oz,Small (<=20 Oz),Conv Oven,Thin,Regular Crust,1 Ct,Box,No Vegan Claim Present,No Natural Claim Present,No Gmo Claim Present,No Organic Claim Present,No Plant based claim,No Preservative-Free Claim Present,Non BFY
0000756943974,162560.3634,64319.31094,0,Multi Serve,NA,NA,NA,NA,NA,NA,NA,NA,NA,NA,NA,NA,NA,NA,NA,NA,NA,NA,NA,NA,NA,NA,NA,NA
0085750300241,21826.9703,2569.545751,0,Multi Serve,NA,NA,NA,NA,NA,NA,NA,NA,NA,NA,NA,NA,NA,NA,NA,NA,NA,NA,NA,NA,NA,NA,NA,NA
0003870895099,824118.5211,149143.3801,0,Multi Serve,NA,NA,NA,NA,NA,NA,NA,NA,NA,NA,NA,NA,NA,NA,NA,NA,NA,NA,NA,NA,NA,NA,NA,NA
0007218056705,0,0,0,Multi Serve,NA,NA,NA,NA,NA,NA,NA,NA,NA,NA,NA,NA,NA,NA,NA,NA,NA,NA,NA,NA,NA,NA,NA,NA
0000487935651,0,0,0,Multi Serve,NA,NA,NA,NA,NA,NA,NA,NA,NA,NA,NA,NA,NA,NA,NA,NA,NA,NA,NA,NA,NA,NA,NA,NA
0007570616502,2892571.57,508369.7263,0,Multi Serve,Non- Indulgent,Deluxe/Supreme,Deluxe/Supreme,Deluxe/Supreme/Meat Combo,Meat Combos,Non-Veg,Red Sauce,No Gluten Claim Present,Premium,Thin,16.55 Oz,Small (<=20 Oz),Conv Oven,Thin,NA,1 Ct,Box,No Vegan Claim Present,No Natural Claim Present,No Gmo Claim Present,No Organic Claim Present,No Plant based claim,No Preservative-Free Claim Present,Non BFY
0085763000319,199030.2056,41829.71231,0,Multi Serve,NA,NA,NA,NA,NA,NA,NA,NA,NA,NA,NA,NA,NA,NA,NA,NA,NA,NA,NA,NA,NA,NA,NA,NA
0007570630486,0,0,0,Multi Serve,NA,NA,NA,NA,NA,NA,NA,NA,NA,NA,NA,NA,NA,NA,NA,NA,NA,NA,NA,NA,NA,NA,NA,NA
0005843120468,0,0,0,Multi Serve,NA,NA,NA,NA,NA,NA,NA,NA,NA,NA,NA,NA,NA,NA,NA,NA,NA,NA,NA,NA,NA,NA,NA,NA
0000746054497,0,0,0,Multi Serve,NA,NA,NA,NA,NA,NA,NA,NA,NA,NA,NA,NA,NA,NA,NA,NA,NA,NA,NA,NA,NA,NA,NA,NA
0008355408438,88620.15257,13860.18371,0,Multi Serve,NA,NA,NA,NA,NA,NA,NA,NA,NA,NA,NA,NA,NA,NA,NA,NA,NA,NA,NA,NA,NA,NA,NA,NA
0000008051228,0,0,0,Multi Serve,NA,NA,NA,NA,NA,NA,NA,NA,NA,NA,NA,NA,NA,NA,NA,NA,NA,NA,NA,NA,NA,NA,NA,NA
0068614800737,151899.8065,23114.02708,0,Multi Serve,NA,NA,NA,NA,NA,NA,NA,NA,NA,NA,NA,NA,NA,NA,NA,NA,NA,NA,NA,NA,NA,NA,NA,NA
0089943900033,0,0,0,Multi Serve,NA,NA,NA,NA,NA,NA,NA,NA,NA,NA,NA,NA,NA,NA,NA,NA,NA,NA,NA,NA,NA,NA,NA,NA
0082623400003,0,0,0,Multi Serve,NA,NA,NA,NA,NA,NA,NA,NA,NA,NA,NA,NA,NA,NA,NA,NA,NA,NA,NA,NA,NA,NA,NA,NA
0000041162082,642675.9078,158165.2325,0,Multi Serve,NA,NA,NA,NA,NA,NA,NA,NA,NA,NA,NA,NA,NA,NA,NA,NA,NA,NA,NA,NA,NA,NA,NA,NA
0001213851070,229000.7174,33173.87703,0,Multi Serve,NA,NA,NA,NA,NA,NA,NA,NA,NA,NA,NA,NA,NA,NA,NA,NA,NA,NA,NA,NA,NA,NA,NA,NA
0064357200003,18314.00552,1953.490307,0,Multi Serve,NA,NA,NA,NA,NA,NA,NA,NA,NA,NA,NA,NA,NA,NA,NA,NA,NA,NA,NA,NA,NA,NA,NA,NA
0003952890136,288840.4326,43774.3008,0,Multi Serve,NA,NA,NA,NA,NA,NA,NA,NA,NA,NA,NA,NA,NA,NA,NA,NA,NA,NA,NA,NA,NA,NA,NA,NA
0003120506200,541227.4133,143988.1453,0,Multi Serve,Non- Indulgent,Deluxe/Supreme,Deluxe/Supreme,Deluxe/Supreme/Meat Combo,Meat Combos,Non-Veg,NA,No Gluten Claim Present,Mid Tier,Regular Crust,30 Oz,Medium (20-30 Oz),Conv Oven,Thick/Original,NA,1 Ct,Box,No Vegan Claim Present,Natural Claim Present,No Gmo Claim Present,No Organic Claim Present,No Plant based claim,Preservative-Free Claim,BFY
